Date,BHARTIARTL.NS,HDFCBANK.NS,HINDUNILVR.NS,ICICIBANK.NS,INFY.NS,ITC.NS,LT.NS,RELIANCE.NS,SBIN.NS,TCS.NS,^INDIAVIX
2019-01-01,276.9400329589844,496.1858825683594,1591.3148193359375,348.02301025390625,541.7257690429688,196.502685546875,1283.00634765625,496.19635009765625,271.5511779785156,1552.4884033203125,15.329999923706055
2019-01-02,271.0025634765625,491.6584167480469,1576.7364501953125,348.8363037109375,544.984130859375,195.0430145263672,1268.41357421875,489.7339172363281,266.3847961425781,1569.2139892578125,16.389999389648438
2019-01-03,271.7393493652344,487.8009948730469,1580.0936279296875,347.5446472167969,545.0656127929688,193.82655334472656,1241.2744140625,483.69189453125,263.846923828125,1550.1630859375,16.790000915527344
2019-01-04,279.49713134765625,489.1060791015625,1574.173828125,349.4103088378906,538.467529296875,195.28627014160156,1235.0904541015625,486.3034362792969,269.7837219238281,1531.31591796875,16.15999984741211
2019-01-07,281.6640930175781,489.8452453613281,1577.045654296875,351.80224609375,547.1427001953125,195.77285766601562,1231.3087158203125,489.0035095214844,268.5600891113281,1548.490478515625,16.299999237060547
2019-01-08,285.39129638671875,485.7682800292969,1564.5880126953125,363.7139587402344,545.7986450195312,197.580078125,1229.885009765625,488.9592590332031,276.717529296875,1544.9415283203125,15.699999809265137
2019-01-09,289.94195556640625,488.9559631347656,1577.090087890625,365.72314453125,550.7267456054688,201.85491943359375,1233.31103515625,491.65936279296875,276.717529296875,1539.556396484375,15.270000457763672
2019-01-10,292.3689880371094,487.03875732421875,1578.1497802734375,363.0920715332031,553.6591796875,201.29884338378906,1239.1390380859375,490.2208557128906,276.944091796875,1540.8616943359375,15.350000381469727
2019-01-11,290.4620666503906,487.8240661621094,1563.306884765625,362.1831359863281,556.7545166015625,205.2955780029297,1218.6734619140625,486.03790283203125,274.40631103515625,1503.330322265625,15.350000381469727
2019-01-14,287.4282531738281,485.4564208984375,1558.447265625,357.20794677734375,571.7425537109375,204.56573486328125,1186.9075927734375,485.484619140625,272.2762756347656,1479.424560546875,16.15999984741211
2019-01-15,292.75897216796875,490.1338806152344,1581.374755859375,356.63385009765625,591.8621826171875,206.12974548339844,1193.13623046875,500.02520751953125,273.40924072265625,1523.931884765625,15.579999923706055
2019-01-16,289.4652099609375,489.7413024902344,1566.0899658203125,359.0736389160156,600.1707763671875,204.3920135498047,1194.24853515625,502.7917175292969,274.7687683105469,1525.8494873046875,16.079999923706055
2019-01-17,287.81829833984375,492.5362243652344,1547.4918212890625,358.4039001464844,597.3605346679688,204.32247924804688,1197.7188720703125,502.14984130859375,269.5571594238281,1548.865966796875,16.239999771118164
2019-01-18,269.702392578125,492.062744140625,1540.95361328125,355.9162902832031,595.4056396484375,202.58474731445312,1172.6707763671875,524.2374877929688,267.33648681640625,1554.0579833984375,16.6200008392334
2019-01-21,269.875732421875,496.19732666015625,1543.4276123046875,355.6293029785156,606.8502807617188,201.50741577148438,1169.68994140625,547.8521728515625,265.070556640625,1560.6397705078125,18.149999618530273
2019-01-22,264.2416076660156,493.3562927246094,1546.343017578125,353.0938415527344,607.1353759765625,201.40310668945312,1157.7664794921875,546.7234497070312,263.0765075683594,1555.080322265625,17.989999771118164
2019-01-23,263.2447814941406,486.3226318359375,1561.3629150390625,351.51519775390625,595.9757690429688,192.7491912841797,1158.033447265625,542.8062133789062,259.8135681152344,1533.5760498046875,18.09000015258789
2019-01-24,261.4678649902344,485.5950622558594,1554.5599365234375,349.0276184082031,599.5386962890625,193.86135864257812,1152.605712890625,552.1679077148438,261.0824279785156,1554.7938232421875,17.43000030517578
2019-01-25,266.53857421875,484.1513977050781,1552.1741943359375,341.7561950683594,598.1871948242188,194.0698699951172,1143.796630859375,551.526123046875,258.6805725097656,1570.5335693359375,17.690000534057617
2019-01-28,264.5015563964844,481.4140625,1539.9815673828125,328.69635009765625,596.2214965820312,190.9767303466797,1157.1439208984375,544.2446899414062,255.23635864257812,1598.4967041015625,18.899999618530273
2019-01-29,266.8419494628906,475.281494140625,1552.0859375,331.8537292480469,596.1806640625,193.54852294921875,1137.2122802734375,535.8788452148438,254.32998657226562,1621.1866455078125,18.43000030517578
2019-01-30,263.2447814941406,469.9917907714844,1531.4554443359375,350.080078125,594.54248046875,191.498046875,1151.8050537109375,529.2614135742188,260.5386657714844,1620.0830078125,17.850000381469727
2019-01-31,265.5851135253906,480.4440002441406,1557.8729248046875,348.6927490234375,613.912841796875,193.6875762939453,1169.4676513671875,543.182373046875,266.1581726074219,1646.8197021484375,17.1200008392334
2019-02-01,270.30908203125,482.869384765625,1589.7242431640625,339.3164978027344,620.0556640625,195.21678161621094,1178.6324462890625,553.2744140625,257.7742004394531,1659.779296875,15.720000267028809
2019-02-04,265.7151184082031,486.2071838378906,1592.6396484375,339.22076416015625,619.1137084960938,192.61019897460938,1163.327880859375,571.4005737304688,257.3663024902344,1676.3775634765625,15.720000267028809
2019-02-05,267.14532470703125,488.3206481933594,1609.2939453125,337.4029235839844,618.253662109375,190.55966186523438,1160.83642578125,571.6881103515625,258.0008239746094,1671.717041015625,15.779999732971191
2019-02-06,267.6220703125,490.3071594238281,1616.8038330078125,343.765380859375,625.1747436523438,193.02720642089844,1169.5565185546875,579.9655151367188,261.9888610839844,1696.450927734375,15.630000114440918
2019-02-07,269.702392578125,489.05987548828125,1624.84423828125,343.1435241699219,625.7479248046875,194.83447265625,1153.228759765625,571.17919921875,260.4933166503906,1703.073486328125,15.4399995803833
2019-02-08,271.5226135253906,490.3071594238281,1605.6278076171875,339.7470397949219,623.208984375,191.498046875,1122.7083740234375,565.5576782226562,259.22442626953125,1685.4945068359375,15.569999694824219
2019-02-11,270.61248779296875,494.2339782714844,1594.583740234375,334.915283203125,624.76513671875,192.61019897460938,1109.1387939453125,554.735107421875,254.23931884765625,1689.173583984375,15.84000015258789
2019-02-12,269.7890625,491.9356994628906,1585.483154296875,329.4139404296875,614.6500854492188,191.3590087890625,1109.450439453125,556.12939453125,249.61680603027344,1677.481689453125,15.75
2019-02-14,260.7310485839844,487.43133544921875,1577.1337890625,329.0790710449219,606.1319580078125,193.16624450683594,1092.321533203125,541.8765869140625,242.0938262939453,1671.7578125,15.770000457763672
2019-02-15,264.0248718261719,485.2254333496094,1566.3106689453125,327.3569030761719,607.688232421875,194.69546508789062,1106.113525390625,550.8399658203125,238.33236694335938,1659.5750732421875,16.459999084472656
2019-02-18,262.2479553222656,482.7423095703125,1547.844970703125,324.1038818359375,606.950927734375,190.9419708251953,1107.3592529296875,540.0617065429688,235.61325073242188,1611.0072021484375,18.0
2019-02-19,263.2447814941406,481.39105224609375,1535.5198974609375,328.4093322753906,593.2320556640625,191.77606201171875,1119.638916015625,538.291259765625,238.2870635986328,1557.450927734375,18.469999313354492
2019-02-20,267.8387756347656,487.00408935546875,1531.5882568359375,330.2750244140625,606.6643676757812,191.74130249023438,1135.87744140625,546.3693237304688,242.63768005371094,1565.586669921875,17.059999465942383
2019-02-21,268.618896484375,488.7480163574219,1550.3189697265625,336.1112976074219,600.7262573242188,191.1852264404297,1142.5955810546875,551.9243774414062,242.90960693359375,1565.1368408203125,16.049999237060547
2019-02-22,272.0426940917969,483.1003112792969,1562.5555419921875,336.8288879394531,601.9549560546875,190.66390991210938,1139.2586669921875,545.4840698242188,245.5833740234375,1574.4990234375,15.449999809265137
2019-02-25,274.9897766113281,490.9423522949219,1563.969482421875,340.2253723144531,618.2947998046875,192.33213806152344,1135.254638671875,545.4619140625,244.85830688476562,1623.1488037109375,15.359999656677246
2019-02-26,273.4295959472656,487.5353088378906,1565.824951171875,333.1453857421875,608.1384887695312,191.498046875,1126.3565673828125,540.128173828125,241.41407775878906,1666.933837890625,17.110000610351562
2019-02-27,277.5034484863281,483.28509521484375,1534.2386474609375,330.6098937988281,602.2005615234375,191.219970703125,1143.1292724609375,541.5667114257812,242.5923614501953,1682.7965087890625,18.899999618530273
2019-02-28,275.6832580566406,479.8896179199219,1530.837158203125,335.010986328125,601.42236328125,191.8803253173828,1150.4703369140625,544.9086303710938,243.8612823486328,1621.7587890625,18.280000686645508
2019-03-01,266.6686096191406,481.2293395996094,1532.604248046875,338.93377685546875,607.6471557617188,193.37478637695312,1164.351318359375,542.6954345703125,247.3961944580078,1631.5296630859375,16.270000457763672
2019-03-05,266.8419494628906,486.7153625488281,1523.7249755859375,347.5446472167969,599.9482421875,196.39842224121094,1161.9041748046875,547.8300170898438,250.56851196289062,1625.5609130859375,15.65999984741211
2019-03-06,268.1854553222656,486.0570068359375,1501.813720703125,355.8684997558594,599.9482421875,198.62274169921875,1171.869873046875,559.8475341796875,252.06399536132812,1634.9642333984375,15.609999656677246
2019-03-07,266.6686096191406,491.1964111328125,1506.7613525390625,354.7681579589844,592.1264038085938,201.64639282226562,1203.3690185546875,562.2601318359375,255.37229919433594,1646.165771484375,15.289999961853027
2019-03-08,267.5787048339844,491.589111328125,1503.4039306640625,354.5768737792969,583.4445190429688,202.9670867919922,1191.801513671875,560.8656616210938,254.87379455566406,1653.851318359375,14.9399995803833
2019-03-11,289.335205078125,491.6470031738281,1515.1986083984375,359.599853515625,582.5435791015625,203.62741088867188,1198.16357421875,577.2433471679688,260.4480285644531,1647.3919677734375,14.899999618530273
2019-03-12,304.93743896484375,501.4754943847656,1532.7369384765625,371.4159240722656,579.0217895507812,204.70481872558594,1235.8470458984375,589.3051147460938,260.0401306152344,1645.470703125,15.100000381469727
2019-03-13,292.75897216796875,514.3069458007812,1544.0460205078125,374.9559020996094,580.2501220703125,204.98284912109375,1226.6817626953125,596.365234375,265.70501708984375,1635.699951171875,15.279999732971191
2019-03-14,296.7895812988281,513.8910522460938,1534.945556640625,371.1288757324219,580.1682739257812,205.39988708496094,1227.7049560546875,593.8200073242188,264.572021484375,1624.9891357421875,15.149999618530273
2019-03-15,292.7156677246094,520.4165649414062,1500.5765380859375,378.2088928222656,588.5225830078125,202.13294982910156,1242.609130859375,585.0115966796875,270.4635314941406,1667.955810546875,15.869999885559082
2019-03-18,286.6047668457031,522.3683471679688,1499.825439453125,380.8399963378906,581.6835327148438,204.04441833496094,1226.9488525390625,597.58251953125,270.9620361328125,1653.9334716796875,16.899999618530273
2019-03-19,291.89227294921875,523.8236083984375,1501.68115234375,381.1748352050781,591.5529174804688,208.14549255371094,1208.3074951171875,609.3123168945312,274.67816162109375,1653.9334716796875,16.489999771118164
2019-03-20,289.508544921875,531.0419921875,1490.9903564453125,375.9127197265625,605.23095703125,207.76318359375,1219.830322265625,608.8255004882812,275.3579406738281,1647.5963134765625,16.030000686645508
2019-03-22,287.38494873046875,525.7638549804688,1482.59716796875,374.8602600097656,608.6300048828125,207.276611328125,1241.0076904296875,593.9086303710938,270.14630126953125,1639.9105224609375,16.270000457763672
2019-03-25,283.44097900390625,526.9535522460938,1478.88623046875,366.91912841796875,602.2005615234375,205.0870819091797,1225.03564453125,586.2509155273438,266.4754333496094,1622.4130859375,16.670000076293945
2019-03-26,284.1344299316406,533.8946533203125,1487.67724609375,377.0608215332031,596.0577392578125,203.94015502929688,1221.5211181640625,605.1958618164062,275.0860595703125,1621.105224609375,16.489999771118164
2019-03-27,279.5404052734375,531.1458740234375,1485.026611328125,376.1997375488281,597.6548461914062,203.73165893554688,1215.87060546875,597.2283325195312,279.8898620605469,1609.044677734375,17.049999237060547
2019-03-28,285.998046875,531.9197387695312,1487.7655029296875,383.23193359375,604.2891235351562,208.52781677246094,1233.88916015625,601.9867553710938,289.13494873046875,1635.5361328125,16.649999618530273
2019-04-01,295.4027404785156,533.9986572265625,1493.155029296875,381.03143310546875,618.4584350585938,206.61627197265625,1256.579345703125,616.0847778320312,292.5338439941406,1661.1690673828125,18.010000228881836
2019-04-02,308.9680480957031,530.0833129882812,1490.6368408203125,379.97894287109375,621.9803466796875,207.068115234375,1254.399169921875,615.1331176757812,298.19873046875,1700.130126953125,18.079999923706055
2019-04-03,303.3772277832031,529.5982666015625,1476.19140625,375.14727783203125,616.9842529296875,205.85171508789062,1226.1923828125,608.7147827148438,290.4944763183594,1700.130126953125,18.780000686645508
2019-04-04,309.27142333984375,527.5654907226562,1472.4361572265625,371.942138671875,612.5615234375,204.91329956054688,1217.8726806640625,598.910400390625,291.6727600097656,1647.1468505859375,18.649999618530273
2019-04-05,309.14141845703125,532.5664672851562,1465.854248046875,373.6642761230469,621.8985595703125,204.73953247070312,1222.41064453125,599.28662109375,287.36749267578125,1674.783203125,18.389999389648438
2019-04-08,307.6678771972656,528.824462890625,1470.9786376953125,370.36346435546875,628.4097900390625,203.48837280273438,1222.27734375,588.375732421875,283.5153503417969,1693.139404296875,20.149999618530273
2019-04-09,304.7640686035156,528.327880859375,1484.7613525390625,379.97894287109375,622.9632568359375,205.95591735839844,1223.6563720703125,590.6773681640625,285.2828369140625,1710.10546875,20.280000686645508
2019-04-10,294.70928955078125,516.8015747070312,1496.82177734375,377.156494140625,616.4928588867188,204.84378051757812,1220.4088134765625,589.3273315429688,281.7932434082031,1668.200927734375,21.1299991607666
2019-04-11,300.2134704589844,521.4559936523438,1511.1787109375,373.1858825683594,608.302490234375,206.0254669189453,1226.1480712890625,596.1439208984375,285.4187927246094,1651.2347412109375,20.959999084472656
2019-04-12,296.3995666503906,523.24609375,1521.1182861328125,377.5391845703125,612.4386596679688,212.5246124267578,1210.9322509765625,594.5061645507812,285.7359924316406,1647.1468505859375,21.0
2019-04-15,301.38360595703125,528.6858520507812,1521.471923828125,375.7691650390625,595.8529663085938,212.350830078125,1207.3731689453125,593.200439453125,286.05322265625,1727.9302978515625,21.389999389648438
2019-04-16,302.29376220703125,532.439453125,1536.05029296875,389.403076171875,593.068115234375,213.53245544433594,1229.173095703125,594.7938232421875,286.189208984375,1743.0567626953125,21.690000534057617
2019-04-18,300.7334899902344,529.80615234375,1537.242919921875,386.91546630859375,587.2940063476562,211.586181640625,1210.754150390625,613.4732055664062,281.7026062011719,1757.978515625,22.739999771118164
2019-04-22,302.857177734375,524.0430297851562,1537.19873046875,377.4435119628906,590.5701293945312,209.7790069580078,1210.2650146484375,595.5020751953125,281.0227966308594,1767.300048828125,24.049999237060547
2019-04-23,298.7869873046875,518.637939453125,1541.0419921875,379.3570556640625,596.4263305664062,210.89114379882812,1199.6317138671875,603.6908569335938,276.6722412109375,1762.06689453125,24.649999618530273
2019-04-24,306.3392028808594,526.595458984375,1548.4635009765625,383.7581481933594,603.183349609375,213.0111541748047,1210.709716796875,615.0444946289062,281.65728759765625,1785.287841796875,23.709999084472656
2019-04-25,310.1153564453125,522.830322265625,1532.206787109375,378.3045654296875,596.712890625,211.4123992919922,1205.81591796875,607.475341796875,277.53326416015625,1794.7320556640625,23.229999542236328
2019-04-26,307.2360534667969,526.8726196289062,1543.824951171875,389.59442138671875,604.4528198242188,211.69044494628906,1208.5299072265625,616.505126953125,283.24346923828125,1830.3406982421875,21.719999313354492
2019-04-30,302.3742980957031,535.3036499023438,1552.969482421875,389.88140869140625,615.3870849609375,209.46617126464844,1199.9432373046875,616.505126953125,280.9322204589844,1848.1650390625,21.829999923706055
2019-05-02,306.0559997558594,544.162109375,1522.7974853515625,378.4480895996094,598.5557861328125,212.0032501220703,1209.0191650390625,621.9275512695312,279.30072021484375,1811.411376953125,22.979999542236328
2019-05-03,312.9002380371094,546.9686889648438,1496.29150390625,384.4278869628906,592.65869140625,211.48193359375,1213.334716796875,623.6094360351562,280.9775085449219,1743.220458984375,24.030000686645508
2019-05-06,314.788330078125,537.8446044921875,1474.5126953125,383.94952392578125,588.3997802734375,213.39346313476562,1203.6357421875,613.0083618164062,279.844482421875,1764.3568115234375,26.43000030517578
2019-05-07,306.7640380859375,536.435546875,1499.7813720703125,369.7894287109375,593.4367065429688,209.8484649658203,1216.0042724609375,594.6832275390625,276.853515625,1759.5325927734375,26.479999542236328
2019-05-08,306.3392028808594,532.9476928710938,1492.0064697265625,365.6753234863281,589.177734375,208.97959899902344,1210.4429931640625,575.1849975585938,270.3275451660156,1760.2679443359375,26.3700008392334
2019-05-09,297.7956848144531,529.1709594726562,1505.303466796875,364.9098815917969,590.5701293945312,208.42352294921875,1206.9725341796875,556.1516723632812,271.27923583984375,1776.3759765625,25.489999771118164
2019-05-10,305.9615783691406,530.4644775390625,1490.90185546875,368.449951171875,587.1302490234375,206.9638214111328,1206.12744140625,553.8056640625,279.2100830078125,1746.3272705078125,26.34000015258789
2019-05-13,300.81658935546875,528.3162841796875,1503.75732421875,360.0303955078125,589.4644775390625,201.09031677246094,1172.448486328125,545.3512573242188,278.167724609375,1740.562744140625,27.3799991607666
2019-05-14,317.7620544433594,528.4779663085938,1500.6651611328125,363.9531555175781,584.6730346679688,204.60052490234375,1193.9371337890625,557.9221801757812,285.1921691894531,1710.8006591796875,27.1299991607666
2019-05-15,312.71142578125,528.2008056640625,1476.412353515625,360.74798583984375,586.5159301757812,206.47726440429688,1179.7001953125,556.3507690429688,282.88092041015625,1713.2943115234375,28.65999984741211
2019-05-16,307.0000305175781,533.7329711914062,1491.564697265625,365.9623718261719,600.4395751953125,204.8785858154297,1189.7996826171875,560.091064453125,286.189208984375,1724.2095947265625,28.3700008392334
2019-05-17,310.0681457519531,545.6173095703125,1534.5037841796875,372.85101318359375,592.9044799804688,209.50096130371094,1211.8223876953125,560.9984741210938,289.3615417480469,1713.335205078125,28.079999923706055
2019-05-20,321.066162109375,561.8442993164062,1566.045654296875,390.0728454589844,591.6758422851562,213.39346313476562,1291.50390625,586.892822265625,312.4288330078125,1752.9906005859375,23.68000030517578
2019-05-21,312.14501953125,555.2264404296875,1577.310791015625,382.8492431640625,580.9463500976562,212.6288604736328,1289.4127197265625,593.04541015625,305.9482421875,1725.027587890625,25.649999618530273
2019-05-22,316.3931884765625,555.699951171875,1562.3349609375,387.8244323730469,581.3148193359375,212.5022735595703,1300.090576171875,593.31103515625,309.1658935546875,1702.1334228515625,27.6299991607666
2019-05-23,319.83892822265625,538.6876831054688,1549.56787109375,393.0866394042969,574.189208984375,204.3140869140625,1313.4373779296875,590.4338989257812,310.1629333496094,1679.4844970703125,19.40999984741211
2019-05-24,333.4330139160156,548.2160034179688,1545.81298828125,413.0830078125,580.8645629882812,205.9091796875,1373.9886474609375,591.7396850585938,322.08184814453125,1674.5377197265625,16.469999313354492
2019-05-27,329.9400939941406,556.3005981445312,1565.5596923828125,416.6708068847656,579.9634399414062,206.1927947998047,1420.124755859375,580.142578125,327.8373107910156,1680.3841552734375,16.190000534057617
2019-05-28,326.2583312988281,558.1138305664062,1569.933349609375,415.5226745605469,596.3443603515625,204.8103790283203,1400.994140625,585.9411010742188,326.3417663574219,1695.5927734375,15.920000076293945
2019-05-29,319.83892822265625,558.2754516601562,1573.423095703125,404.9983215332031,596.0986328125,204.2432403564453,1381.3739013671875,581.2048950195312,316.00909423828125,1723.22900390625,16.40999984741211
2019-05-30,327.2967529296875,563.5075073242188,1576.427001953125,407.77294921875,600.80810546875,204.63314819335938,1386.8463134765625,588.596923828125,320.4503173828125,1754.912841796875,15.609999656677246
2019-05-31,329.2792663574219,560.2274169921875,1580.18212890625,405.3810729980469,604.2481689453125,197.47293090820312,1385.9122314453125,588.7739868164062,319.4986267089844,1795.999267578125,16.06999969482422
2019-06-03,333.0081787109375,567.561279296875,1625.4183349609375,404.6156311035156,609.8995971679688,197.47293090820312,1387.55810546875,602.0752563476562,322.17242431640625,1833.4061279296875,15.970000267028809
2019-06-04,332.677734375,566.4525146484375,1604.12548828125,400.97998046875,602.241455078125,197.96914672851562,1396.81201171875,598.290771484375,319.407958984375,1799.44677734375,15.630000114440918
2019-06-06,333.9993896484375,559.7653198242188,1623.6956787109375,393.75634765625,602.4871215820312,195.4879150390625,1348.8515625,587.5346069335938,305.3591003417969,1785.4345703125,15.529999732971191
2019-06-07,337.1147155761719,565.3782958984375,1617.5107421875,398.5880126953125,605.3539428710938,195.13345336914062,1347.02783203125,582.0237426757812,310.02691650390625,1798.33447265625,14.859999656677246
2019-06-10,343.1093444824219,563.657470703125,1636.7276611328125,398.109619140625,617.1480712890625,198.0755157470703,1363.266357421875,583.9049682617188,312.06634521484375,1839.3419189453125,14.979999542236328
2019-06-11,342.9205627441406,565.5515747070312,1625.5069580078125,403.1326599121094,618.2947998046875,198.39451599121094,1356.326171875,588.3313598632812,314.60418701171875,1856.897705078125,14.489999771118164
2019-06-12,339.7580261230469,560.6199340820312,1631.9566650390625,399.9275207519531,617.393798828125,198.46542358398438,1342.9344482421875,589.6593627929688,311.7944030761719,1863.5743408203125,14.119999885559082
2019-06-13,343.392578125,564.6969604492188,1630.54296875,401.45831298828125,616.85400390625,198.92623901367188,1350.320068359375,587.4903564453125,314.06036376953125,1857.9696044921875,13.65999984741211
2019-06-14,333.52740478515625,562.4794921875,1610.6192626953125,399.6882629394531,615.026611328125,197.1184539794922,1358.105712890625,583.1968383789062,311.6131286621094,1858.299072265625,13.899999618530273
2019-06-17,324.7478942871094,559.4534912109375,1606.2901611328125,396.29180908203125,615.1095581054688,194.95620727539062,1333.5916748046875,567.5938110351562,306.2201843261719,1853.93017578125,14.649999618530273
2019-06-18,325.83355712890625,558.3562622070312,1598.824462890625,403.8980712890625,623.0836181640625,195.027099609375,1339.419921875,567.0184326171875,308.2142028808594,1855.290771484375,14.600000381469727
2019-06-19,322.0101623535156,560.9203491210938,1600.6798095703125,401.6496276855469,624.5369873046875,196.515869140625,1339.2862548828125,565.4027709960938,307.1265563964844,1862.749755859375,14.729999542236328
2019-06-20,329.04327392578125,563.9418334960938,1606.3306884765625,414.6616516113281,627.0288696289062,196.37408447265625,1385.5115966796875,573.9899291992188,312.83673095703125,1877.62841796875,14.0
2019-06-21,324.5590515136719,561.1177978515625,1572.1583251953125,412.1740417480469,623.1249389648438,194.4245147705078,1370.073486328125,566.3544311523438,316.6888427734375,1854.46630859375,14.609999656677246
2019-06-24,325.7862854003906,561.9893798828125,1570.2003173828125,410.8824462890625,619.2211303710938,195.8423614501953,1371.1859130859375,558.7852172851562,320.13311767578125,1875.6083984375,15.220000267028809
2019-06-25,329.0904541015625,564.4879760742188,1563.0811767578125,414.90081787109375,621.3807373046875,197.43748474121094,1365.846923828125,573.5914916992188,323.1694641113281,1869.2618408203125,15.010000228881836
2019-06-26,326.2111511230469,573.5989990234375,1567.130126953125,419.6846618652344,613.98828125,196.65768432617188,1380.261474609375,572.839111328125,324.6196594238281,1858.052001953125,14.75
2019-06-27,329.1376647949219,572.2974243164062,1579.054931640625,421.8852233886719,606.803466796875,193.892822265625,1379.9947509765625,563.9862670898438,328.24517822265625,1856.6915283203125,14.649999618530273
2019-06-28,327.24957275390625,567.9859619140625,1590.8016357421875,418.20166015625,608.0079345703125,194.14096069335938,1382.041259765625,554.6687622070312,327.429443359375,1835.796630859375,14.949999809265137
2019-07-01,328.9960021972656,577.7012329101562,1584.2164306640625,420.01953125,607.4263916015625,194.9207763671875,1385.1112060546875,561.640380859375,327.7013244628906,1845.976318359375,14.600000381469727
2019-07-02,333.81060791015625,579.897705078125,1592.2254638671875,417.8667907714844,614.6527709960938,194.14096069335938,1391.517822265625,565.9117431640625,330.37518310546875,1856.321044921875,14.25
2019-07-03,333.4330139160156,578.6542358398438,1588.2210693359375,417.1014404296875,607.4263916015625,196.16136169433594,1404.1529541015625,567.7044677734375,331.8706970214844,1844.41064453125,13.699999809265137
2019-07-04,342.44854736328125,577.2945556640625,1596.1412353515625,417.3406066894531,609.5028686523438,196.83489990234375,1398.5028076171875,568.3463134765625,333.003662109375,1848.5311279296875,13.529999732971191
2019-07-05,344.3837585449219,574.6448364257812,1594.1834716796875,417.4841003417969,596.3792114257812,198.1109619140625,1386.623779296875,559.2057495117188,335.9493713378906,1782.96142578125,13.069999694824219
2019-07-08,336.4538879394531,560.0487060546875,1560.5006103515625,407.4859313964844,596.0470581054688,196.69309997558594,1326.1170654296875,554.2041015625,322.0364990234375,1793.10009765625,13.850000381469727
2019-07-09,342.02374267578125,552.9713134765625,1548.66455078125,409.9735107421875,594.302734375,193.60926818847656,1358.37255859375,566.6199340820312,325.84326171875,1758.439697265625,13.6899995803833
2019-07-10,338.4836120605469,555.20263671875,1529.3980712890625,412.26971435546875,595.7564086914062,193.6446990966797,1334.303466796875,566.0667114257812,321.03948974609375,1737.709716796875,13.640000343322754
2019-07-11,340.56048583984375,559.4791870117188,1540.3441162109375,408.1078186035156,599.2864379882812,195.4169921875,1330.4326171875,567.2617797851562,329.1968688964844,1733.0528564453125,12.470000267028809
2019-07-12,336.17071533203125,556.399658203125,1524.592529296875,408.586181640625,603.647216796875,194.99163818359375,1305.2066650390625,566.7969970703125,329.5594482421875,1737.2154541015625,12.0
2019-07-15,330.978515625,556.5972290039062,1527.9295654296875,404.04156494140625,647.3372192382812,192.0850372314453,1281.8494873046875,564.8494873046875,326.3417663574219,1768.619873046875,12.020000457763672
2019-07-16,331.1201171875,555.7721557617188,1549.59912109375,406.24212646484375,651.9057006835938,192.7939910888672,1300.1796875,572.3299560546875,330.23919677734375,1739.9505615234375,11.5600004196167
2019-07-17,326.8719482421875,557.2247924804688,1566.8629150390625,406.3377990722656,659.6304321289062,193.4674530029297,1295.0631103515625,567.39453125,337.53558349609375,1749.24560546875,11.800000190734863
2019-07-18,323.3318176269531,560.583251953125,1547.685546875,400.5493469238281,658.4259643554688,193.538330078125,1277.044677734375,558.5418701171875,329.604736328125,1706.8619384765625,11.75
2019-07-19,320.92449951171875,552.1578979492188,1531.0001220703125,392.5603942871094,652.362548828125,190.2063751220703,1256.0008544921875,552.85400390625,322.6709289550781,1715.9498291015625,12.520000457763672
2019-07-22,323.3790588378906,533.9359741210938,1495.67041015625,394.6704406738281,651.5319213867188,187.4415283203125,1249.0157470703125,566.7969970703125,318.00311279296875,1743.1728515625,13.010000228881836
2019-07-23,324.3702392578125,526.0916137695312,1506.927734375,395.1020202636719,656.2247924804688,191.87232971191406,1254.1767578125,563.720703125,310.1629333496094,1745.279541015625,13.430000305175781
2019-07-24,319.9332580566406,530.1357421875,1538.3414306640625,391.7930603027344,653.110107421875,192.01412963867188,1250.4361572265625,557.3245849609375,307.80633544921875,1732.350341796875,12.760000228881836
2019-07-25,320.0276794433594,531.332763671875,1545.4608154296875,392.2726745605469,659.9210815429688,189.88734436035156,1236.9615478515625,545.1077880859375,309.3471984863281,1758.0443115234375,12.640000343322754
2019-07-26,316.15716552734375,529.2989501953125,1540.121337890625,398.7466125488281,653.69140625,191.69512939453125,1254.7625732421875,537.273193359375,310.52545166015625,1742.470947265625,12.130000114440918
2019-07-29,315.8267822265625,521.6290283203125,1524.681640625,411.7904052734375,657.3876342773438,189.81643676757812,1236.1505126953125,536.0115966796875,311.6131286621094,1759.7791748046875,13.0600004196167
2019-07-30,326.3999328613281,523.4769287109375,1530.55517578125,407.9539489746094,658.4259643554688,190.6317138671875,1240.521728515625,522.71044921875,296.88446044921875,1800.3863525390625,13.609999656677246
2019-07-31,318.70599365234375,523.3373413085938,1536.5618896484375,407.234619140625,659.215087890625,191.5533447265625,1250.39111328125,516.2257690429688,301.0991516113281,1822.321533203125,13.59000015258789
2019-08-01,305.7727966308594,517.5487670898438,1540.699951171875,399.993408203125,638.6159057617188,189.67466735839844,1224.02783203125,522.4226684570312,287.4581298828125,1801.1297607421875,14.5600004196167
2019-08-02,324.3230895996094,515.8133544921875,1546.17236328125,393.8072509765625,644.2224731445312,187.512451171875,1235.0235595703125,527.38427734375,279.5726013183594,1821.9910888671875,15.1899995803833
2019-08-05,337.68115234375,507.6370544433594,1549.5098876953125,386.1823425292969,645.13623046875,184.1804656982422,1212.986572265625,509.1272888183594,272.1403503417969,1857.7655029296875,16.59000015258789
2019-08-06,347.8295593261719,509.93157958984375,1552.0908203125,393.4715270996094,643.2673950195312,183.5424041748047,1241.558349609375,502.42547607421875,273.1826477050781,1829.9224853515625,16.1200008392334
2019-08-07,345.6110534667969,508.7436218261719,1581.5914306640625,391.6971435546875,644.6378173828125,179.82052612304688,1225.83056640625,494.0094299316406,262.75927734375,1828.724365234375,16.739999771118164
2019-08-08,351.3224792480469,520.1926879882812,1604.5953369140625,397.4517822265625,655.14501953125,182.7271270751953,1226.3712158203125,513.1348266601562,266.7926940917969,1865.61376953125,16.09000015258789
2019-08-09,350.37841796875,531.5718383789062,1638.63427734375,402.9666442871094,656.0586547851562,180.21044921875,1229.931396484375,517.4765014648438,264.07354736328125,1855.8236083984375,15.850000381469727
2019-08-13,331.9697570800781,517.2109985351562,1623.86181640625,393.4715270996094,635.2103271484375,174.60987854003906,1183.6488037109375,567.6387939453125,256.822509765625,1817.1580810546875,17.780000686645508
2019-08-14,340.9853210449219,519.3306274414062,1636.5877685546875,400.2331848144531,643.5580444335938,176.34674072265625,1202.080810546875,573.650390625,262.6233215332031,1821.247802734375,16.360000610351562
2019-08-16,341.315673828125,518.9230346679688,1627.3326416015625,401.81573486328125,643.3502807617188,179.3596954345703,1203.4779052734375,569.0859985351562,263.6656494140625,1788.77880859375,16.649999618530273
2019-08-19,340.7964782714844,514.0663452148438,1620.4359130859375,406.0837097167969,645.92529296875,178.33175659179688,1218.7548828125,575.5872802734375,259.9948425292969,1787.0430908203125,16.75
2019-08-20,338.0115966796875,517.2692260742188,1640.458740234375,399.84954833984375,658.4675903320312,174.75164794921875,1210.012451171875,568.1731567382812,257.13970947265625,1806.665283203125,16.6299991607666
2019-08-21,335.037841796875,518.4921264648438,1646.332275390625,395.1979064941406,664.032470703125,171.1715545654297,1181.3056640625,565.9467163085938,251.4295196533203,1806.2110595703125,17.020000457763672
2019-08-22,333.0081787109375,506.4375,1665.9990234375,382.7775573730469,660.917724609375,170.17904663085938,1166.5238037109375,555.170654296875,243.4080810546875,1830.831298828125,17.850000381469727
2019-08-23,336.4538879394531,503.7818908691406,1655.2310791015625,379.22882080078125,666.3167724609375,167.3787841796875,1159.538818359375,568.1286010742188,245.71937561035156,1857.0211181640625,17.350000381469727
2019-08-26,340.466064453125,525.55029296875,1669.9591064453125,394.8142395019531,666.6074829101562,171.9159393310547,1202.03564453125,564.0988159179688,253.96742248535156,1880.650390625,16.65999984741211
2019-08-27,328.8072204589844,526.4353637695312,1656.47705078125,401.4800720214844,651.739501953125,174.042724609375,1223.0362548828125,567.683349609375,258.9525146484375,1847.7679443359375,16.010000228881836
2019-08-28,326.4471130371094,523.5352783203125,1626.8431396484375,396.0611267089844,666.5659790039062,174.3617706298828,1211.9503173828125,562.5402221679688,258.2274169921875,1850.0401611328125,16.84000015258789
2019-08-29,324.2759094238281,518.7483520507812,1631.1591796875,387.86077880859375,670.26220703125,170.9943084716797,1209.96728515625,552.9441528320312,248.80104064941406,1845.2486572265625,16.43000030517578
2019-08-30,327.39117431640625,518.9813232421875,1674.720458984375,392.89605712890625,676.8655395507812,174.14906311035156,1197.168701171875,555.9722290039062,248.2119140625,1866.8533935546875,16.280000686645508
2019-09-03,317.99798583984375,515.0213623046875,1639.07958984375,376.1117858886719,676.32568359375,171.242431640625,1166.6593017578125,537.2030029296875,243.27210998535156,1860.2437744140625,18.059999465942383
2019-09-04,326.352783203125,523.5936279296875,1643.306396484375,381.24298095703125,682.181396484375,172.44761657714844,1178.9622802734375,534.865234375,249.34486389160156,1855.1214599609375,17.239999771118164
2019-09-05,328.2408142089844,520.658447265625,1628.3116455078125,373.0906066894531,692.7718505859375,173.1565704345703,1190.0030517578125,533.7296752929688,247.7133331298828,1830.2529296875,17.270000457763672
2019-09-06,329.70404052734375,523.16259765625,1618.87841796875,375.344482421875,697.8384399414062,172.908447265625,1197.529296875,544.3721923828125,248.30255126953125,1815.5469970703125,16.270000457763672
2019-09-09,336.5011291503906,524.0245361328125,1632.1380615234375,379.27685546875,688.6600952148438,174.042724609375,1223.0814208984375,544.2385864257812,251.973388671875,1803.443115234375,15.850000381469727
2019-09-11,335.2266540527344,524.4205322265625,1623.46142578125,378.4615478515625,681.1846923828125,172.80209350585938,1229.0753173828125,549.6712036132812,258.54461669921875,1779.608154296875,15.369999885559082
2019-09-12,328.0992126464844,528.9744873046875,1606.6422119140625,386.2303161621094,678.111572265625,170.67527770996094,1227.948486328125,538.9618530273438,260.17608642578125,1762.75341796875,14.899999618530273
2019-09-13,323.85107421875,525.85302734375,1606.77587890625,396.49267578125,688.8263549804688,170.0727081298828,1228.8948974609375,545.752685546875,264.39080810546875,1769.65185546875,14.119999885559082
2019-09-16,324.7478942871094,522.7550048828125,1616.34228515625,395.2938232421875,687.497314453125,169.71824645996094,1211.0037841796875,539.1400146484375,258.046142578125,1776.303466796875,14.949999809265137
2019-09-17,320.83013916015625,515.114501953125,1629.6016845703125,384.26416015625,690.4459838867188,168.15858459472656,1184.054443359375,533.217529296875,248.30255126953125,1753.7064208984375,16.020000457763672
2019-09-18,316.8179626464844,509.61712646484375,1627.822021484375,383.0173034667969,689.2832641601562,169.6118927001953,1187.9302978515625,536.8912963867188,254.14869689941406,1766.8431396484375,15.350000381469727
2019-09-19,318.70599365234375,512.9598388671875,1613.1829833984375,370.78875732421875,681.6830444335938,167.8041229248047,1172.33740234375,525.0241088867188,248.39317321777344,1736.6048583984375,15.550000190734863
2019-09-20,336.4538879394531,558.8724365234375,1752.898681640625,400.425048828125,668.6423950195312,168.7611846923828,1272.202880859375,558.5548095703125,273.4545593261719,1706.44873046875,15.399999618530273
2019-09-23,328.52398681640625,585.7306518554688,1815.192626953125,428.0471496582031,634.8782348632812,180.67124938964844,1377.656494140625,551.8086547851562,284.3764343261719,1665.4288330078125,16.790000915527344
2019-09-24,329.1376647949219,584.1234130859375,1824.7142333984375,422.8680114746094,659.5473022460938,181.4864959716797,1335.1146240234375,569.3976440429688,274.27032470703125,1689.3056640625,16.729999542236328
2019-09-25,322.5294189453125,577.5543823242188,1825.648681640625,416.4420166015625,658.3844604492188,175.4960479736328,1306.993408203125,569.7762451171875,254.01272583007812,1725.4512939453125,16.170000076293945
2019-09-26,324.7950439453125,578.85888671875,1810.4315185546875,433.46612548828125,649.995361328125,177.51649475097656,1342.82080078125,577.45751953125,255.4629364013672,1724.74853515625,16.34000015258789
2019-09-27,329.5624694824219,579.6508178710938,1789.5185546875,430.8285827636719,649.7045288085938,179.3242645263672,1327.3182373046875,582.9124145507812,254.87379455566406,1698.7650146484375,16.110000610351562
2019-09-30,346.5079040527344,571.8473510742188,1763.7554931640625,415.9624938964844,669.182373046875,184.21588134765625,1328.7603759765625,593.2432250976562,245.4474334716797,1734.4149169921875,15.869999885559082
2019-10-01,331.30889892578125,581.7938842773438,1771.1861572265625,407.234619140625,659.132080078125,181.41558837890625,1319.5670166015625,581.0645141601562,231.98770141601562,1701.9051513671875,16.760000228881836
2019-10-03,325.5975341796875,570.030517578125,1746.0465087890625,409.8241882324219,652.5285034179688,185.49197387695312,1314.1590576171875,583.8030395507812,230.35623168945312,1702.1527099609375,17.700000762939453
2019-10-04,320.499755859375,554.2601928710938,1730.161376953125,396.9722595214844,659.0489501953125,182.37269592285156,1284.2806396484375,582.4893798828125,226.54945373535156,1717.93310546875,17.579999923706055
2019-10-07,322.4349670410156,552.9557495117188,1726.4683837890625,399.082275390625,655.8095092773438,178.5798797607422,1259.89990234375,583.3799438476562,225.779052734375,1691.7838134765625,17.829999923706055
2019-10-09,339.2860107421875,572.1734619140625,1733.543212890625,418.83978271484375,650.908935546875,175.17701721191406,1285.497314453125,589.9036254882812,236.51962280273438,1668.981201171875,17.15999984741211
2019-10-10,356.1370544433594,559.3150634765625,1752.0087890625,406.3714599609375,650.4105224609375,172.4121551513672,1284.4608154296875,606.82470703125,230.35623168945312,1656.051513671875,17.229999542236328
2019-10-11,361.4708251953125,558.4998779296875,1783.9566650390625,411.0231018066406,676.7825927734375,172.94387817382812,1286.8040771484375,602.3049926757812,230.7187957763672,1641.5103759765625,17.139999389648438
2019-10-14,371.5248107910156,561.1087036132812,1792.4998779296875,411.3108215332031,652.9439086914062,173.0502166748047,1283.42431640625,604.7095336914062,231.53453063964844,1669.7247314453125,17.43000030517578
2019-10-15,362.17889404296875,569.7974853515625,1837.12841796875,414.18817138671875,638.1589965820312,175.531494140625,1290.9051513671875,607.4482421875,234.25367736816406,1683.1917724609375,16.850000381469727
2019-10-16,363.6893005371094,568.8889770507812,1843.0018310546875,417.49700927734375,640.7754516601562,172.731201171875,1283.649658203125,611.099609375,232.07835388183594,1690.710205078125,16.360000610351562
2019-10-17,364.2557067871094,568.37646484375,1872.235595703125,422.58026123046875,639.15576171875,174.2908477783203,1283.7847900390625,621.8533935546875,240.5983428955078,1715.672607421875,15.880000114440918
2019-10-18,362.0372619628906,572.5693969726562,1874.90576171875,419.894775390625,637.7852783203125,174.75164794921875,1304.9207763671875,630.6925048828125,244.40512084960938,1737.9747314453125,15.930000305175781
2019-10-22,353.1632995605469,577.3681030273438,1893.1484375,432.6988220214844,534.540283203125,176.45309448242188,1300.1888427734375,629.712890625,245.17552185058594,1732.947998046875,16.809999465942383
2019-10-23,340.18280029296875,578.4395751953125,1908.2662353515625,436.4872741699219,547.1981811523438,177.97727966308594,1290.49951171875,620.0276489257812,249.66212463378906,1748.745361328125,16.540000915527344
2019-10-24,351.5113220214844,575.877197265625,1908.355712890625,436.1515808105469,534.3718872070312,176.55941772460938,1290.9051513671875,639.6428833007812,237.92449951171875,1758.7982177734375,16.239999771118164
2019-10-25,354.154541015625,572.5693969726562,1918.8663330078125,449.9147033691406,536.1383056640625,175.6023712158203,1284.3707275390625,637.3051147460938,255.1909942626953,1795.080322265625,15.319999694824219
2019-10-27,352.21929931640625,576.6226196289062,1914.0802001953125,450.3462829589844,545.7263793945312,177.51649475097656,1292.843017578125,638.6632690429688,255.41761779785156,1787.2664794921875,
2019-10-29,339.7580261230469,578.85888671875,1932.3740234375,457.8752136230469,547.2404174804688,179.53695678710938,1316.9080810546875,653.2688598632812,254.37525939941406,1854.1298828125,16.420000076293945
2019-10-30,347.3575134277344,581.584228515625,1940.6033935546875,451.8808288574219,555.6090087890625,183.89688110351562,1328.7603759765625,658.6347045898438,262.75927734375,1903.0833740234375,16.65999984741211
2019-10-31,353.304931640625,573.1984252929688,1945.9259033203125,444.112060546875,576.6356201171875,182.65626525878906,1327.6788330078125,652.0665283203125,283.15283203125,1917.3177490234375,16.280000686645508
2019-11-01,352.17205810546875,577.717529296875,1949.5042724609375,443.3448181152344,578.570068359375,185.2438201904297,1306.3626708984375,648.7492065429688,284.1951599121094,1859.2406005859375,15.729999542236328
2019-11-04,356.8450622558594,576.2265625,1930.5400390625,451.2574157714844,596.3165893554688,184.85394287109375,1308.8863525390625,649.0831298828125,284.87493896484375,1853.369140625,15.930000305175781
2019-11-05,362.4620361328125,577.4612426757812,1943.0631103515625,449.1953125,585.466796875,186.37814331054688,1297.7100830078125,644.474365234375,289.316162109375,1860.0430908203125,15.920000076293945
2019-11-06,350.66168212890625,585.4511108398438,1949.59326171875,461.040283203125,599.0921020507812,185.27928161621094,1309.6527099609375,638.9526977539062,287.8206787109375,1848.7657470703125,15.779999732971191
2019-11-07,350.94482421875,588.7355346679688,1912.739013671875,458.9781799316406,605.6524658203125,188.46946716308594,1293.4288330078125,649.5062255859375,288.364501953125,1846.1043701171875,15.210000038146973
2019-11-08,348.4903259277344,584.9619140625,1866.35693359375,469.43243408203125,595.6017456054688,184.6766815185547,1282.568115234375,643.6727905273438,286.4158020019531,1799.3043212890625,15.859999656677246
2019-11-11,350.7088317871094,589.2247314453125,1861.83984375,476.48175048828125,592.4476928710938,183.93231201171875,1277.16015625,635.7910766601562,288.45513916015625,1774.806396484375,16.25
2019-11-13,347.9710998535156,585.8704223632812,1870.4720458984375,465.8836975097656,581.4716796875,179.9622802734375,1255.528564453125,655.6067504882812,278.07708740234375,1840.402099609375,16.459999084472656
2019-11-14,342.2125244140625,593.4874877929688,1850.8370361328125,478.256103515625,593.20458984375,179.9977264404297,1244.2171630859375,651.3541870117188,277.3519592285156,1855.7769775390625,15.649999618530273
2019-11-15,371.0527648925781,595.3511352539062,1840.683837890625,479.40704345703125,592.0272216796875,177.69371032714844,1241.6932373046875,654.9611206054688,291.7633972167969,1836.896484375,15.029999732971191
2019-11-18,386.2989196777344,587.9668579101562,1839.3419189453125,477.96844482421875,593.1205444335938,177.76461791992188,1229.84130859375,649.7733764648438,294.663818359375,1818.4381103515625,15.760000228881836
2019-11-19,414.7615966796875,592.5558471679688,1822.837890625,473.3167724609375,599.5546875,176.7366485595703,1230.9676513671875,672.282958984375,299.4676208496094,1781.4376220703125,15.40999984741211
2019-11-20,412.8262939453125,593.2312622070312,1812.7745361328125,474.75543212890625,599.6808471679688,177.72914123535156,1244.53271484375,689.15966796875,298.0174560546875,1781.2266845703125,15.15999984741211
2019-11-21,402.4419250488281,597.89013671875,1832.5882568359375,477.87249755859375,599.89111328125,174.18447875976562,1255.2581787109375,684.6844482421875,300.3287353515625,1789.2939453125,14.979999542236328
2019-11-22,397.10809326171875,589.2247314453125,1814.429443359375,476.48175048828125,583.0277709960938,175.56692504882812,1242.5948486328125,688.6475219726562,298.4706115722656,1750.0970458984375,14.869999885559082
2019-11-25,426.1371765136719,592.18310546875,1844.888427734375,477.4408874511719,587.1491088867188,175.6378173828125,1244.57763671875,695.3492431640625,304.634033203125,1758.3758544921875,15.0
2019-11-26,408.1533508300781,594.0233764648438,1841.265380859375,489.8133239746094,580.8411254882812,176.63034057617188,1228.4891357421875,694.7703247070312,304.0901794433594,1728.935546875,14.84000015258789
2019-11-27,409.09735107421875,595.5841064453125,1872.4849853515625,484.82598876953125,585.1724853515625,175.07066345214844,1203.7032470703125,699.0452270507812,311.3865051269531,1735.3980712890625,14.619999885559082
2019-11-28,412.212646484375,589.4810791015625,1867.02783203125,497.917724609375,590.3028564453125,174.89346313476562,1216.68212890625,703.698486328125,316.5981750488281,1754.869873046875,13.989999771118164
2019-11-29,417.68804931640625,593.9767456054688,1820.6463623046875,491.63555908203125,585.677001953125,174.68077087402344,1199.24169921875,690.7180786132812,309.8456726074219,1734.5111083984375,13.899999618530273
2019-12-02,432.93426513671875,589.6905517578125,1827.713134765625,490.005126953125,582.6072387695312,173.65281677246094,1201.765380859375,706.4592895507812,306.809326171875,1707.3094482421875,14.199999809265137
2019-12-03,433.4062194824219,584.86865234375,1814.5189208984375,488.5185546875,587.3591918945312,173.01478576660156,1183.6038818359375,703.0751342773438,304.76995849609375,1732.6102294921875,14.5600004196167
2019-12-04,435.5775451660156,583.1217041015625,1832.0069580078125,507.6047058105469,596.1904907226562,172.37673950195312,1158.2769775390625,691.4083862304688,309.8456726074219,1755.84130859375,13.319999694824219
2019-12-05,422.3138122558594,580.3030395507812,1822.5697021484375,506.501708984375,601.2368774414062,175.07066345214844,1173.689453125,690.5845947265625,304.72467041015625,1791.997314453125,14.3100004196167
2019-12-06,419.9537658691406,580.5127563476562,1812.3720703125,503.3366394042969,601.4471435546875,172.51853942871094,1163.4144287109375,692.3880615234375,290.0412902832031,1793.9403076171875,13.640000343322754
2019-12-09,420.89776611328125,579.0684204101562,1796.359619140625,504.9671325683594,603.2554321289062,171.1715545654297,1150.0753173828125,700.2697143554688,287.0502624511719,1740.5933837890625,14.600000381469727
2019-12-10,421.98345947265625,582.1199951171875,1811.745849609375,507.0771789550781,600.9844360351562,167.0242919921875,1152.7789306640625,695.52734375,284.0592041015625,1700.38232421875,14.289999961853027
2019-12-11,417.9713134765625,581.7706298828125,1798.4171142578125,511.72882080078125,606.451416015625,168.44215393066406,1139.5296630859375,695.7277221679688,283.5153503417969,1724.9228515625,13.380000114440918
2019-12-12,414.1007385253906,588.6890258789062,1795.6441650390625,513.4551391601562,590.5133056640625,169.11566162109375,1153.4100341796875,698.3104858398438,291.7181091308594,1707.182861328125,13.350000381469727
2019-12-13,403.8580017089844,588.8054809570312,1794.615478515625,515.085693359375,598.2510986328125,171.2778778076172,1176.4837646484375,704.8562622070312,301.41632080078125,1749.7166748046875,13.300000190734863
2019-12-16,398.2409362792969,585.77734375,1766.4822998046875,517.1956787109375,600.5219116210938,167.9459228515625,1174.410400390625,697.5979614257812,300.78192138671875,1796.601318359375,13.420000076293945
2019-12-17,415.3279724121094,592.18310546875,1754.4954833984375,519.0179443359375,613.7266845703125,170.8879852294922,1187.885009765625,695.8612670898438,301.7336120605469,1828.8709716796875,12.520000457763672
2019-12-18,413.7703552246094,602.0830688476562,1725.15478515625,519.2578125,616.0396728515625,173.79458618164062,1189.14697265625,701.7169799804688,296.3406677246094,1831.2364501953125,12.34000015258789
2019-12-19,424.29632568359375,600.42919921875,1745.3265380859375,518.1068115234375,614.6939086914062,173.22747802734375,1182.2969970703125,716.9014282226562,297.4283142089844,1883.0205078125,12.119999885559082
2019-12-20,428.4028625488281,604.109619140625,1738.1702880859375,523.7655029296875,615.2826538085938,170.95887756347656,1182.11669921875,712.070068359375,306.2201843261719,1877.8250732421875,12.329999923706055
2019-12-23,429.3468933105469,606.7652587890625,1744.700439453125,519.1618041992188,619.0254516601562,169.36378479003906,1181.846435546875,699.7353515625,301.2803955078125,1885.2587890625,11.960000038146973
2019-12-24,431.5653991699219,600.5922241210938,1741.1221923828125,518.969970703125,616.838623046875,169.25743103027344,1172.60791015625,688.6253662109375,300.4193115234375,1871.6583251953125,11.630000114440918
2019-12-26,422.5026550292969,591.8803100585938,1739.8253173828125,516.7161254882812,613.095947265625,167.87501525878906,1153.04931640625,674.7989501953125,298.9691162109375,1860.127685546875,11.119999885559082
2019-12-27,429.6300964355469,594.0000610351562,1744.2532958984375,526.9306030273438,619.8244018554688,167.9459228515625,1171.3460693359375,686.7996215820312,305.67633056640625,1857.212890625,10.529999732971191
2019-12-30,434.7279052734375,597.3311157226562,1732.9373779296875,521.7034301757812,616.4180908203125,168.8675537109375,1173.7796630859375,687.6234130859375,303.0931701660156,1844.2882080078125,11.010000228881836
2019-12-31,430.2909240722656,592.64892578125,1720.1900634765625,516.8600463867188,614.9462890625,168.5130615234375,1170.083984375,674.19775390625,302.5040283203125,1826.1253662109375,11.670000076293945
2020-01-01,427.93084716796875,595.6771850585938,1732.3111572265625,514.7979736328125,619.7402954101562,168.79664611816406,1180.6746826171875,672.2161254882812,303.13848876953125,1831.1097412109375,
2020-01-02,429.72454833984375,599.4741821289062,1733.65283203125,518.4904174804688,617.9320678710938,170.03726196289062,1212.5362548828125,683.6602172851562,307.53436279296875,1822.7044677734375,11.489999771118164
2020-01-03,429.6300964355469,590.9251708984375,1724.1710205078125,516.8119506835938,627.43603515625,169.0802001953125,1203.297607421875,684.484130859375,302.4587097167969,1859.02880859375,12.699999809265137
2020-01-06,424.4851379394531,578.13671875,1713.4364013671875,504.1998291015625,621.4224243164062,166.66986083984375,1186.8035888671875,668.6093139648438,289.13494873046875,1858.8602294921875,14.779999732971191
2020-01-07,420.18975830078125,587.2913208007812,1718.1328125,501.5144348144531,612.2127075195312,166.84706115722656,1190.1834716796875,678.8956909179688,288.5910949707031,1863.421875,14.609999656677246
2020-01-08,433.1702575683594,585.75390625,1725.87060546875,504.43963623046875,604.0545043945312,166.0318145751953,1164.0904541015625,673.7970581054688,289.8600158691406,1905.1531982421875,15.640000343322754
2020-01-09,434.3503112792969,592.3228149414062,1730.96923828125,523.9573364257812,611.9183959960938,167.16610717773438,1186.262939453125,689.3154296875,299.2863464355469,1870.602783203125,14.0
2020-01-10,431.42376708984375,597.5872802734375,1747.9208984375,518.1548461914062,620.833740234375,168.72572326660156,1193.87890625,689.15966796875,301.14447021484375,1869.926513671875,14.079999923706055
2020-01-13,442.6578063964844,599.124755859375,1784.46240234375,516.5721435546875,650.6075439453125,169.6118927001953,1202.982177734375,687.4006958007812,299.7848815917969,1850.3277587890625,14.279999732971191
2020-01-14,443.0826110839844,600.7553100585938,1796.9412841796875,515.6131591796875,652.373779296875,172.44761657714844,1195.2308349609375,681.0330200195312,297.2923278808594,1864.30859375,13.90999984741211
2020-01-15,441.6665344238281,598.3094482421875,1808.436279296875,513.6949462890625,645.5610961914062,171.8450164794922,1192.9776611328125,678.5617065429688,293.8934020996094,1881.2041015625,14.119999885559082
2020-01-16,447.3779602050781,599.8934326171875,1833.12548828125,515.1815795898438,645.0985107421875,170.67527770996094,1189.101806640625,684.8179931640625,293.0323181152344,1891.2568359375,14.180000305175781
2020-01-17,472.064453125,595.467529296875,1843.0098876953125,510.2901306152344,645.8135375976562,170.108154296875,1175.491943359375,704.0101928710938,288.2285461425781,1874.6156005859375,14.130000114440918
2020-01-20,480.2303771972656,584.6357421875,1845.2908935546875,512.9756469726562,646.3179321289062,171.4906005859375,1180.3592529296875,682.3466796875,284.60302734375,1833.432861328125,15.40999984741211
2020-01-21,483.1097106933594,579.7207641601562,1838.62646484375,509.3310546875,641.3136596679688,169.04476928710938,1173.824462890625,683.036865234375,284.33111572265625,1834.024169921875,15.859999656677246
2020-01-22,485.70574951171875,578.0901489257812,1835.31689453125,501.46636962890625,647.7898559570312,168.7611846923828,1166.47900390625,682.7919311523438,286.5517272949219,1864.30859375,16.360000610351562
2020-01-23,494.34368896484375,579.9536743164062,1839.96826171875,506.1180419921875,659.6909790039062,168.6548309326172,1200.8189697265625,679.8975219726562,292.9417419433594,1855.037841796875,15.859999656677246
2020-01-24,494.9101257324219,579.8139038085938,1854.99658203125,512.0164794921875,658.3452758789062,168.8320770263672,1225.0643310546875,677.5374755859375,293.7121276855469,1848.6451416015625,15.5600004196167
2020-01-27,485.61138916015625,565.20849609375,1843.9493408203125,515.2775268554688,654.434326171875,166.31536865234375,1215.5103759765625,670.8580322265625,286.5970764160156,1836.66455078125,17.18000030517578
2020-01-28,463.7569580078125,569.8673095703125,1843.2781982421875,506.5976257324219,654.3502807617188,163.5859832763672,1213.7529296875,655.3617553710938,285.60003662109375,1848.9417724609375,17.299999237060547
2020-01-29,462.81292724609375,575.7608032226562,1855.44384765625,505.0630187988281,664.1907348632812,167.76866149902344,1230.9228515625,658.9686889648438,286.8236389160156,1824.2608642578125,16.5
2020-01-30,462.3880920410156,571.1951293945312,1841.0421142578125,510.43402099609375,656.6210327148438,165.92547607421875,1234.978515625,642.8935546875,281.6120300292969,1810.0792236328125,16.799999237060547
2020-01-31,468.6659240722656,571.3116455078125,1819.7071533203125,504.15191650390625,652.6260986328125,166.7052764892578,1234.16748046875,628.599609375,288.6364440917969,1760.294189453125,17.3700008392334
2020-02-03,481.5048522949219,555.7044677734375,1949.146240234375,494.4649353027344,645.4349365234375,147.17422485351562,1159.6739501953125,616.9552612304688,270.1916198730469,1780.148681640625,15.779999732971191
2020-02-04,489.8595275878906,572.942138671875,1928.2589111328125,509.09130859375,662.6348266601562,152.8811492919922,1164.2708740234375,635.167724609375,277.57855224609375,1784.5938720703125,14.380000114440918
2020-02-05,503.5007629394531,579.8604736328125,1932.4627685546875,517.0518188476562,659.8592529296875,153.44825744628906,1180.7650146484375,645.0086669921875,281.8838806152344,1817.4449462890625,14.170000076293945
2020-02-06,516.1981201171875,577.6010131835938,1928.9744873046875,519.4495239257812,648.757080078125,151.39234924316406,1187.569580078125,649.14990234375,291.8087158203125,1802.03564453125,13.779999732971191
2020-02-07,509.25946044921875,578.7190551757812,1932.1502685546875,514.5101928710938,653.761474609375,151.28602600097656,1170.8052978515625,638.3961181640625,290.5397644042969,1808.978271484375,13.75
2020-02-10,508.55133056640625,577.8339233398438,1931.569091796875,512.1124267578125,650.3131713867188,149.2655487060547,1158.457275390625,639.264404296875,288.6817321777344,1830.4840087890625,14.210000038146973
2020-02-11,504.3976745605469,577.9735717773438,1925.6197509765625,517.6752319335938,650.6075439453125,150.7188720703125,1159.8995361328125,646.9011840820312,293.98406982421875,1823.2447509765625,13.880000114440918
2020-02-12,509.4010009765625,581.8870239257812,2021.9617919921875,526.8346557617188,656.9154052734375,151.03787231445312,1169.2730712890625,654.7161254882812,290.2225646972656,1837.9349365234375,13.619999885559082
2020-02-13,509.7314453125,578.3463134765625,2042.5804443359375,518.8740844726562,666.3353881835938,150.2226104736328,1164.721435546875,656.4306030273438,296.7938232421875,1855.885009765625,13.369999885559082
2020-02-14,533.3795776367188,568.07373046875,2017.2203369140625,523.4777221679688,661.4572143554688,147.24510192871094,1167.3349609375,662.4197387695312,289.4974365234375,1849.322509765625,13.619999885559082
2020-02-17,533.2379150390625,567.0486450195312,2015.029052734375,519.4495239257812,663.9805297851562,145.189208984375,1153.8604736328125,658.256103515625,284.7843017578125,1865.4517822265625,14.420000076293945
2020-02-18,517.5669555664062,565.2318115234375,1998.747802734375,519.0659790039062,670.877197265625,144.51573181152344,1159.403564453125,653.4247436523438,287.8206787109375,1876.035400390625,14.510000228881836
2020-02-19,512.9883422851562,571.7308349609375,2050.40771484375,522.5186767578125,673.2321166992188,146.5361785888672,1154.9422607421875,669.6334838867188,290.3585510253906,1859.6097412109375,14.020000457763672
2020-02-20,515.065185546875,567.0254516601562,2011.137451171875,524.6287841796875,670.3306274414062,147.06784057617188,1154.2210693359375,661.6849975585938,296.97509765625,1826.1236572265625,13.699999809265137
2020-02-24,500.243896484375,563.6943969726562,1981.5283203125,508.1801452636719,669.3633422851562,143.91314697265625,1135.3836669921875,643.4277954101562,292.7151794433594,1791.0284423828125,17.0
2020-02-25,505.2944641113281,559.1986083984375,1998.0325927734375,509.235107421875,671.5079345703125,143.06240844726562,1119.4757080078125,630.7147827148438,296.2046813964844,1825.5733642578125,16.899999618530273
2020-02-26,505.9553527832031,558.7094116210938,2000.358642578125,502.2816162109375,658.3452758789062,140.79383850097656,1091.625,619.849609375,297.4736022949219,1798.0137939453125,18.260000228881836
2020-02-27,501.8959655761719,558.8026733398438,2017.1307373046875,494.2731018066406,654.2239990234375,140.0494384765625,1090.90380859375,617.2891845703125,291.8087158203125,1782.688720703125,17.770000457763672
2020-02-28,494.20208740234375,548.6463623046875,1945.389404296875,476.9133605957031,615.4088745117188,140.0494384765625,1070.35400390625,591.64013671875,274.63287353515625,1693.49072265625,23.239999771118164
2020-03-02,489.34033203125,549.5548095703125,1931.7027587890625,485.40142822265625,623.2727661132812,138.45436096191406,1046.333984375,586.073974609375,260.4933166503906,1694.4647216796875,25.200000762939453
2020-03-03,491.6531677246094,550.5797729492188,1938.1436767578125,493.6976623535156,628.2771606445312,137.42642211914062,1064.720703125,597.9633178710938,262.7139892578125,1724.0137939453125,24.540000915527344
2020-03-04,487.829833984375,535.22900390625,1946.37353515625,487.5594177246094,638.1597290039062,132.92469787597656,1060.52978515625,596.5606079101562,258.58990478515625,1763.807861328125,24.229999542236328
2020-03-05,497.41180419921875,536.3936767578125,1984.077880859375,483.8668518066406,634.6692504882812,133.31459045410156,1065.7572021484375,583.8475952148438,261.4903869628906,1799.2418212890625,23.25
2020-03-06,490.0955505371094,528.7298583984375,1958.046875,466.4591979980469,621.5065307617188,128.8483428955078,1044.531494140625,565.9689331054688,245.17552185058594,1791.9595947265625,25.639999389648438
2020-03-09,468.4771728515625,515.8716430664062,1897.75537109375,439.02886962890625,592.4896850585938,125.62269592285156,993.2015380859375,496.12457275390625,229.7217559814453,1669.9530029296875,30.799999237060547
2020-03-11,466.1642761230469,518.8998413085938,1927.7225341796875,446.6057434082031,576.9720458984375,124.52386474609375,1006.7212524414062,513.6691284179688,222.15353393554688,1654.16259765625,31.559999465942383
2020-03-12,438.9288635253906,475.8056335449219,1839.11865234375,408.24163818359375,530.8816528320312,110.45157623291016,916.2293090820312,473.3477783203125,192.69619750976562,1498.5,41.15999984741211
2020-03-13,464.3233947753906,498.40106201171875,1818.7677001953125,428.9103698730469,540.2594604492188,115.02415466308594,947.6852416992188,492.1837463378906,219.34373474121094,1529.3616943359375,51.470001220703125
2020-03-16,438.7872619628906,465.6494445800781,1737.09716796875,386.4221496582031,490.46844482421875,104.39020538330078,873.1016845703125,452.2853698730469,202.4397735595703,1436.3111572265625,58.880001068115234
2020-03-17,429.25250244140625,454.28192138671875,1792.6920166015625,352.23016357421875,466.7502746582031,105.73715209960938,862.3310546875,448.85662841796875,195.0074462890625,1403.7989501953125,62.93000030517578
2020-03-18,401.7339172363281,408.5322570800781,1720.906005859375,340.5291442871094,449.38214111328125,106.83601379394531,815.2824096679688,431.2674865722656,195.05276489257812,1400.75048828125,63.959999084472656
2020-03-19,419.8594055175781,417.2209777832031,1644.4232177734375,324.7039489746094,458.8441467285156,114.74059295654297,759.8966674804688,408.64654541015625,184.58409118652344,1395.5908203125,72.19999694824219
2020-03-20,436.757568359375,411.3042297363281,1835.31689453125,331.5615539550781,492.1925354003906,124.4175033569336,779.3651123046875,453.2872619628906,190.20364379882812,1532.98779296875,67.0999984741211
2020-03-23,384.552490234375,359.4515686035156,1672.51171875,272.38494873046875,442.77978515625,109.38815307617188,652.5955200195312,393.662353515625,164.5984344482422,1424.0343017578125,71.98999786376953
2020-03-24,381.4371643066406,357.6579284667969,1813.982177734375,284.3736572265625,496.0613708496094,106.1270751953125,646.9749145507812,420.090576171875,166.0486297607422,1452.562255859375,83.61000061035156
2020-03-25,405.0852355957031,399.14471435546875,1867.922607421875,303.9393615722656,509.8549499511719,104.46107482910156,699.845947265625,481.919677734375,172.1213836669922,1492.7752685546875,77.62999725341797
2020-03-26,444.3570556640625,419.8066101074219,1963.4136962890625,316.7433776855469,540.80615234375,110.87688446044922,765.8778076171875,474.7727355957031,174.7045440673828,1527.4439697265625,71.52999877929688
2020-03-27,423.8243408203125,421.3673400878906,1914.7960205078125,325.95074462890625,548.9644775390625,115.69764709472656,765.0095825195312,474.5055236816406,177.60496520996094,1556.0579833984375,70.38999938964844
2020-03-30,406.92608642578125,387.4510803222656,1953.9766845703125,300.58251953125,527.0968017578125,112.8619155883789,729.9144897460938,458.85345458984375,169.40223693847656,1516.8258056640625,71.88999938964844
2020-03-31,416.2248229980469,401.5440368652344,2056.08837890625,310.5092468261719,539.544677734375,121.72356414794922,738.916748046875,495.94647216796875,178.42071533203125,1557.4222412109375,64.41000366210938
2020-04-01,397.7689514160156,386.5193176269531,1949.772216796875,298.42449951171875,506.9952697753906,117.96623229980469,707.705810546875,481.11822509765625,169.0850067138672,1457.3387451171875,60.04999923706055
2020-04-03,400.2234191894531,379.1583557128906,1926.917236328125,274.926513671875,492.6130676269531,126.11894989013672,707.9800415039062,479.78228759765625,159.06954956054688,1410.814453125,55.29999923706055
2020-04-07,443.88507080078125,417.4771728515625,2187.048095703125,312.7630920410156,537.44189453125,128.70655822753906,732.65625,537.0693359375,168.9490509033203,1514.0113525390625,51.79999923706055
2020-04-08,435.8135070800781,414.1228942871094,2201.31591796875,305.9055480957031,531.2179565429688,126.65065002441406,737.63720703125,530.8574829101562,165.8673858642578,1454.5240478515625,52.2400016784668
2020-04-09,461.34967041015625,430.9645080566406,2122.060546875,328.6842041015625,535.1290283203125,131.32955932617188,742.8466796875,543.2367553710938,170.17266845703125,1506.29296875,49.75
2020-04-13,483.5345153808594,417.1277770996094,2098.98095703125,317.1270446777344,536.09619140625,128.7419891357422,790.9653930664062,529.5216674804688,166.32057189941406,1500.4083251953125,51.459999084472656
2020-04-15,481.9296569824219,402.1962890625,2225.19970703125,313.9620056152344,537.4839477539062,134.23622131347656,804.4002075195312,512.0215454101562,165.2782440185547,1479.85400390625,49.7400016784668
2020-04-16,472.4421081542969,409.8600158691406,2179.176025390625,328.0128173828125,524.6995849609375,132.1094207763672,833.1891479492188,520.1259155273438,170.85244750976562,1463.5643310546875,46.099998474121094
2020-04-17,474.33013916015625,424.0927429199219,2133.46533203125,360.1907043457031,528.821044921875,133.35000610351562,852.6102294921875,545.0401611328125,175.15774536132812,1540.4503173828125,42.59000015258789
2020-04-20,462.860107421875,440.18896484375,2090.125,346.5234680175781,549.4691162109375,128.10394287109375,836.7991333007812,553.8569946289062,174.47796630859375,1551.06884765625,43.459999084472656
2020-04-21,472.4892883300781,429.3804931640625,2072.994384765625,318.2779541015625,532.5636596679688,127.32413482666016,795.4434814453125,550.9848022460938,167.45352172851562,1481.986328125,45.20000076293945
2020-04-22,473.33892822265625,432.61834716796875,2134.493896484375,322.21026611328125,539.8389282226562,129.2028350830078,779.2212524414062,607.2032470703125,171.0337371826172,1509.1500244140625,42.81999969482422
2020-04-23,468.2410888671875,444.8943786621094,2073.083984375,338.5150146484375,571.3367919921875,127.9975814819336,768.2540893554688,610.4539794921875,169.22096252441406,1601.899658203125,39.22999954223633
2020-04-24,466.589111328125,437.0209655761719,2042.3121337890625,321.1552429199219,553.4221801757812,127.64314270019531,777.9417724609375,630.98193359375,162.921630859375,1550.983642578125,39.119998931884766
2020-04-27,466.4002990722656,433.1308898925781,2075.723388671875,333.6715393066406,558.9732666015625,127.5013656616211,781.6431274414062,636.659423828125,163.96397399902344,1566.3773193359375,38.040000915527344
2020-04-28,458.47039794921875,433.9228515625,2048.43994140625,345.1327819824219,555.6930541992188,127.21778869628906,783.3797607421875,635.9469604492188,167.04568481445312,1585.5245361328125,35.349998474121094
2020-04-29,468.2410888671875,455.213623046875,1996.378173828125,355.2992858886719,569.02392578125,129.13189697265625,800.01318359375,635.41259765625,172.3026580810547,1625.268310546875,33.84000015258789
2020-04-30,485.5169677734375,466.7209777832031,1963.5037841796875,364.6025695800781,601.7835693359375,129.06101989746094,820.3026733398438,652.8013916015625,172.66522216796875,1718.060302734375,33.9900016784668
2020-05-04,502.69842529296875,430.0094299316406,1863.0028076171875,324.2243347167969,566.6268920898438,123.38954162597656,777.4390258789062,639.0862426757812,162.10589599609375,1646.419189453125,43.66999816894531
2020-05-05,498.4974060058594,424.6285400390625,1826.1925048828125,317.3188781738281,566.6268920898438,123.28321075439453,764.8724365234375,650.4189453125,154.44699096679688,1648.380859375,43.61000061035156
2020-05-06,515.44287109375,440.9111022949219,1798.1934814453125,327.4373779296875,560.0665893554688,116.19390106201172,765.2380981445312,650.4636840820312,155.0814666748047,1623.519775390625,41.25
2020-05-07,498.4974060058594,430.9411926269531,1781.9580078125,322.9775695800781,559.2676391601562,114.13802337646484,752.0316162109375,671.0360717773438,154.76422119140625,1613.328369140625,39.93000030517578
2020-05-08,500.385498046875,432.8280029296875,1869.08544921875,323.8887023925781,567.0475463867188,112.18842315673828,745.7255249023438,695.4605712890625,151.04806518554688,1614.82080078125,38.40999984741211
2020-05-11,506.1912841796875,426.65509033203125,1832.0069580078125,307.05645751953125,574.3648681640625,112.33023071289062,750.8892211914062,702.1400146484375,149.96041870117188,1650.555908203125,38.040000915527344
2020-05-12,528.5177612304688,420.0162353515625,1799.4012451171875,308.0635070800781,578.3598022460938,117.00914764404297,744.6744384765625,658.7014770507812,151.274658203125,1662.6666259765625,38.209999084472656
2020-05-13,524.8359985351562,432.17578125,1785.2677001953125,324.2243347167969,583.826904296875,117.25729370117188,788.6348876953125,672.677001953125,157.8006134033203,1662.7940673828125,38.84000015258789
2020-05-14,509.6370544433594,416.3591003417969,1794.4813232421875,314.0099182128906,553.5484008789062,116.12301635742188,796.6317138671875,645.4812622070312,152.2263641357422,1622.4537353515625,38.18000030517578
2020-05-15,523.0895385742188,413.7734680175781,1817.7840576171875,309.50213623046875,548.6281127929688,116.7255859375,790.0057373046875,656.0224609375,150.8214569091797,1614.394287109375,38.02000045776367
2020-05-18,507.9377746582031,389.780517578125,1793.765869140625,286.2919006347656,558.3844604492188,116.79649353027344,743.3492431640625,647.6389770507812,140.7606658935547,1659.34033203125,40.91999816894531
2020-05-19,565.2877807617188,386.9851989746094,1767.197998046875,288.0182800292969,562.3373413085938,121.0500717163086,727.8123779296875,633.3219604492188,138.49472045898438,1661.9415283203125,39.45000076293945
2020-05-20,560.8037719726562,399.30780029296875,1780.8843994140625,293.1494445800781,563.136474609375,124.59474182128906,763.1360473632812,644.4700317382812,139.03854370117188,1666.1629638671875,35.810001373291016
2020-05-21,561.2757568359375,400.4491882324219,1763.03857421875,291.9505615234375,565.3652954101562,133.95263671875,749.8839721679688,647.8638305664062,137.7242889404297,1698.2310791015625,32.9900016784668
2020-05-22,560.0013427734375,390.805419921875,1778.2454833984375,279.1465759277344,582.3128051757812,132.1094207763672,745.4970703125,643.50341796875,136.72727966308594,1723.0921630859375,32.380001068115234
2020-05-26,527.9513549804688,397.1181335449219,1769.2108154296875,280.7291259765625,572.3883056640625,135.90219116210938,754.4991455078125,640.1321411132812,137.22579956054688,1657.1229248046875,31.469999313354492
2020-05-27,531.5858764648438,420.9946594238281,1787.36962890625,305.80963134765625,593.330810546875,136.22120666503906,777.621826171875,649.7966918945312,143.751708984375,1710.2564697265625,31.270000457763672
2020-05-28,531.2554321289062,440.37530517578125,1797.97021484375,313.4824523925781,594.9708862304688,135.15780639648438,827.5684814453125,661.7987670898438,143.38916015625,1709.4034423828125,30.020000457763672
2020-05-29,521.6735229492188,443.35699462890625,1840.37109375,318.37384033203125,589.0885009765625,139.9076690673828,852.0161743164062,658.27001953125,146.19895935058594,1682.1544189453125,30.219999313354492
2020-06-01,527.7625122070312,460.1287536621094,1886.1715087890625,325.37530517578125,596.3775634765625,142.17625427246094,848.26904296875,683.4203491210938,154.1297607421875,1744.3287353515625,30.739999771118164
2020-06-02,526.86572265625,466.34820556640625,1885.1424560546875,334.1510925292969,603.6664428710938,139.83676147460938,864.0801391601562,690.3204956054688,154.31105041503906,1745.94921875,30.1200008392334
2020-06-03,520.7766723632812,476.2482604980469,1896.860595703125,342.2555236816406,598.0825805664062,139.4468536376953,878.5659790039062,692.9951171875,158.5256805419922,1750.2259521484375,30.040000915527344
2020-06-04,540.4126586914062,466.6744079589844,1896.9505615234375,333.6235656738281,603.3681640625,141.89268493652344,850.5996704101562,710.14404296875,157.75526428222656,1789.0599365234375,29.690000534057617
2020-06-05,551.6466064453125,481.41949462890625,1867.4306640625,342.5912170410156,599.78759765625,141.7863311767578,873.0366821289062,710.9981689453125,170.21798706054688,1752.0220947265625,28.68000030517578
2020-06-08,552.4017944335938,473.2899169921875,1888.989013671875,345.0848388671875,614.5360717773438,140.12033081054688,878.6117553710938,705.5140991210938,169.3115997314453,1772.1234130859375,29.649999618530273
2020-06-09,536.0228271484375,459.9656982421875,1884.3375244140625,334.294921875,611.7654418945312,140.72293090820312,871.2544555664062,690.9723510742188,167.18161010742188,1772.3800048828125,30.209999084472656
2020-06-10,535.3619995117188,462.0854187011719,1896.055908203125,338.5629577636719,610.2735595703125,141.1128692626953,865.0855102539062,706.7053833007812,170.1273651123047,1803.772216796875,29.440000534057617
2020-06-11,520.9654541015625,451.253662109375,1884.695068359375,327.29351806640625,600.1287841796875,137.70997619628906,850.3711547851562,691.219482421875,160.56504821777344,1768.6162109375,29.65999984741211
2020-06-12,528.753662109375,457.8459167480469,1885.008056640625,330.12286376953125,589.9837036132812,137.4618377685547,846.6697387695312,714.1897583007812,162.37779235839844,1744.5377197265625,30.81999969482422
2020-06-15,519.8798217773438,442.5183410644531,1864.4788818359375,317.55859375,586.1473388671875,132.71200561523438,822.450439453125,725.7648315429688,157.43804931640625,1736.3260498046875,32.58000183105469
2020-06-16,514.4043579101562,461.4099426269531,1857.3671875,328.92401123046875,597.7841796875,131.15237426757812,818.0177612304688,727.1807861328125,156.71295166015625,1749.9268798828125,32.970001220703125
2020-06-17,531.9161987304688,456.2153015136719,1859.0662841796875,327.96490478515625,599.8729248046875,128.45843505859375,808.6499633789062,726.1243286132812,156.75827026367188,1751.63720703125,33.349998474121094
2020-06-18,529.5089721679688,475.1767883300781,1847.5272216796875,337.60382080078125,608.6112060546875,132.28663635253906,819.480224609375,744.3521118164062,162.8310089111328,1743.3399658203125,31.459999084472656
2020-06-19,540.459716796875,481.41949462890625,1884.813720703125,348.9212341308594,601.4925537109375,130.47886657714844,820.896728515625,790.8770141601562,167.2269287109375,1748.900146484375,29.969999313354492
2020-06-22,548.53125,479.2764892578125,1892.06396484375,352.5178527832031,599.9154052734375,131.15237426757812,829.3506469726562,784.9209594726562,170.1273651123047,1734.6578369140625,30.459999084472656
2020-06-23,546.4071655273438,485.5892333984375,1941.734375,360.76617431640625,614.3656005859375,131.7549285888672,884.3237915039062,773.5706176757812,174.43264770507812,1740.9451904296875,29.34000015258789
2020-06-24,526.1576538085938,481.0235595703125,1918.6326904296875,333.8633728027344,608.8242797851562,136.008544921875,873.3109130859375,776.6947021484375,167.3175811767578,1746.846923828125,29.579999923706055
2020-06-25,527.71533203125,479.2764892578125,1957.2249755859375,336.6447448730469,597.1873779296875,143.2750701904297,861.9324340820312,772.2221069335938,167.90672302246094,1724.5216064453125,29.729999542236328
2020-06-26,529.036865234375,492.1814270019531,1940.1580810546875,334.82244873046875,637.8524780273438,138.3834686279297,879.3885498046875,782.8980712890625,167.3175811767578,1812.4119873046875,28.739999771118164
2020-06-29,535.3619995117188,501.31280517578125,1966.0516357421875,329.06787109375,623.8286743164062,139.83676147460938,855.9918823242188,774.5820922851562,162.4684295654297,1797.6990966796875,28.90999984741211
2020-06-30,528.5177612304688,496.560791015625,1963.3946533203125,337.07635498046875,627.4091186523438,137.99354553222656,862.43505859375,766.0189208984375,161.7433319091797,1781.019287109375,29.1200008392334
2020-07-01,528.8009643554688,505.2960205078125,1954.7484130859375,349.1610107421875,623.9564819335938,143.84219360351562,844.7504272460938,781.0775756835938,167.4988555908203,1789.48779296875,28.1200008392334
2020-07-02,527.1959838867188,507.5323181152344,1937.9515380859375,348.0101318359375,645.0134887695312,145.93357849121094,860.2874145507812,794.524169921875,168.08799743652344,1845.1722412109375,26.510000228881836
2020-07-03,548.9088134765625,500.3343505859375,1957.7208251953125,346.23577880859375,650.2139892578125,147.13877868652344,862.9833984375,806.958740234375,167.408203125,1881.5260009765625,25.770000457763672
2020-07-06,544.3302001953125,513.8683471679688,1946.8228759765625,347.05096435546875,651.322265625,149.2231903076172,869.3352661132812,835.7996215820312,170.444580078125,1935.8848876953125,25.200000762939453
2020-07-07,535.4092407226562,514.8699340820312,1940.1126708984375,360.6702575683594,677.0255737304688,145.07809448242188,862.3892822265625,823.0039672851562,170.94309997558594,1941.61572265625,25.100000381469727
2020-07-08,529.8865356445312,517.29248046875,1968.8433837890625,353.8606262207031,660.444091796875,146.60919189453125,860.2416381835938,811.5172729492188,173.9341278076172,1897.99169921875,26.100000381469727
2020-07-09,536.8253173828125,524.0942993164062,1959.656982421875,355.203369140625,666.4117431640625,145.97433471679688,863.6231689453125,823.3650512695312,180.46006774902344,1885.5467529296875,24.90999984741211
2020-07-10,542.53662109375,514.8465576171875,2002.842529296875,345.6123962402344,666.5396118164062,145.15280151367188,851.9249267578125,847.6475219726562,177.28775024414062,1900.9432373046875,24.940000534057617
2020-07-13,553.95947265625,503.2693786621094,2040.17431640625,339.138427734375,679.4977416992188,147.5427703857422,848.26904296875,873.3515014648438,174.65924072265625,1898.9327392578125,25.25
2020-07-14,556.3668212890625,493.2995300292969,2012.7044677734375,331.4176330566406,667.733154296875,146.31044006347656,834.3314819335938,865.2273559570312,168.63182067871094,1857.8321533203125,26.639999389648438
2020-07-15,532.0579223632812,490.6440124511719,2049.090576171875,331.6574401855469,708.398193359375,148.40164184570312,833.6917724609375,832.2791748046875,166.5924530029297,1910.822509765625,26.290000915527344
2020-07-16,531.2554321289062,495.0233459472656,2060.52880859375,330.55450439453125,776.6420288085938,144.77935791015625,841.87158203125,832.00830078125,168.81309509277344,1915.8372802734375,25.360000610351562
2020-07-17,535.0316162109375,511.7485046386719,2102.588623046875,339.33026123046875,769.9498291015625,144.92874145507812,845.892822265625,862.8351440429688,170.58053588867188,1886.689453125,24.15999984741211
2020-07-20,543.5278930664062,527.8680419921875,2099.345947265625,348.1539611816406,796.5057373046875,143.92047119140625,840.4549560546875,866.5361328125,172.89181518554688,1892.8199462890625,24.709999084472656
2020-07-21,535.9756469726562,530.4303588867188,2087.682861328125,363.3077392578125,798.5942993164062,143.58438110351562,857.3169555664062,889.84814453125,176.20008850097656,1907.52197265625,24.43000030517578
2020-07-22,537.2972412109375,524.7466430664062,2025.0885009765625,365.51373291015625,782.5244140625,146.79588317871094,841.64306640625,904.4943237304688,174.0247802734375,1878.2884521484375,24.889999389648438
2020-07-23,535.456298828125,526.633544921875,1991.6297607421875,376.20770263671875,774.0418701171875,149.89540100097656,837.6673583984375,928.7765502929688,179.68963623046875,1861.3560791015625,24.639999389648438
2020-07-24,528.1400756835938,521.3689575195312,1989.78369140625,366.18505859375,786.7443237304688,149.0738067626953,826.5630493164062,968.65283203125,173.9794464111328,1849.526123046875,24.540000915527344
2020-07-27,528.1873168945312,502.9200134277344,2000.771240234375,343.8380432128906,808.56884765625,146.683837890625,826.0147094726562,973.1887817382812,169.62884521484375,1891.8760986328125,25.020000457763672
2020-07-28,533.0018920898438,506.2511291503906,2019.7293701171875,337.69976806640625,820.844970703125,145.93701171875,834.8800048828125,982.8927612304688,171.71351623535156,1980.1343994140625,23.639999389648438
2020-07-29,534.5123291015625,495.9783630371094,2009.5972900390625,336.6927185058594,813.4281616210938,146.90792846679688,842.6026000976562,946.311279296875,173.29966735839844,1951.244140625,24.110000610351562
2020-07-30,521.7678833007812,489.47930908203125,1985.89990234375,330.8421936035156,819.6514282226562,144.4059295654297,830.0817260742188,951.8177490234375,169.0850067138672,1954.201416015625,24.729999542236328
2020-07-31,523.797607421875,481.1633605957031,1998.8338623046875,332.6165466308594,823.5304565429688,145.00341796875,834.8342895507812,932.9740600585938,173.5262451171875,1955.8299560546875,24.190000534057617
2020-08-03,516.71728515625,466.81414794921875,1993.9495849609375,329.211669921875,815.7725830078125,143.84576416015625,837.0733642578125,906.7509765625,174.25137329101562,1932.4688720703125,25.190000534057617
2020-08-04,518.2749633789062,485.286376953125,1987.8897705078125,336.6447448730469,809.7622680664062,144.62998962402344,844.7047729492188,970.6612548828125,173.6622314453125,1928.654052734375,23.81999969482422
2020-08-05,527.6680297851562,478.7174377441406,1984.9501953125,337.7956848144531,805.3718872070312,143.99513244628906,853.462890625,959.7613525390625,173.5262451171875,1937.0560302734375,23.56999969482422
2020-08-06,526.1048583984375,484.84375,2008.3760986328125,344.07781982421875,827.6650390625,145.89967346191406,850.1439819335938,963.214111328125,173.07305908203125,1978.720458984375,23.149999618530273
2020-08-07,531.3157348632812,486.311279296875,1999.422119140625,343.310546875,810.6574096679688,146.4224395751953,844.151611328125,968.7882080078125,172.80116271972656,1967.78955078125,22.579999923706055
2020-08-10,529.4682006835938,489.47930908203125,1995.9844970703125,348.68145751953125,811.041015625,148.513671875,885.0845947265625,956.782470703125,175.65626525878906,1957.0306396484375,22.510000228881836
2020-08-11,522.1256713867188,496.93341064453125,1999.5126953125,352.3260803222656,808.56884765625,151.65049743652344,886.7901000976562,963.0787963867188,176.7892303466797,1954.544189453125,21.360000610351562
2020-08-12,518.9044189453125,495.55914306640625,1985.4478759765625,351.84649658203125,814.1101684570312,152.5093994140625,875.5888671875,960.2802734375,184.26687622070312,1935.212646484375,20.850000381469727
2020-08-13,507.2037048339844,493.392822265625,1988.65869140625,352.9974365234375,810.9132080078125,150.45550537109375,913.34130859375,957.775390625,182.99794006347656,1932.7266845703125,20.56999969482422
2020-08-14,500.80865478515625,481.9320373535156,1966.27197265625,346.619384765625,812.9592895507812,146.683837890625,906.05810546875,954.0518798828125,178.10350036621094,1922.1812744140625,21.670000076293945
2020-08-17,493.9871520996094,481.14007568359375,1986.3067626953125,345.468505859375,816.2839965820312,148.43899536132812,922.652587890625,943.919189453125,175.02182006835938,1931.826171875,21.309999465942383
2020-08-18,498.6295471191406,492.2046813964844,2002.8587646484375,354.43603515625,824.851806640625,148.2896270751953,926.1098022460938,956.1957397460938,176.83456420898438,1945.842529296875,20.43000030517578
2020-08-19,507.6773681640625,496.91015625,1984.091064453125,359.1357116699219,817.8184814453125,148.21493530273438,930.3045654296875,962.063232421875,178.6020050048828,1934.5694580078125,19.959999084472656
2020-08-20,497.9189147949219,493.3694152832031,1976.9453125,352.709716796875,814.2807006835938,146.2357635498047,917.9970092773438,946.4918212890625,176.517333984375,1931.354736328125,20.6200008392334
2020-08-21,492.89764404296875,505.78515625,1991.73388671875,355.97064208984375,808.8670654296875,146.98263549804688,916.52197265625,939.6314086914062,179.82559204101562,1927.7109375,19.940000534057617
2020-08-24,499.197998046875,520.4138793945312,1984.8143310546875,364.79437255859375,807.6736450195312,146.90792846679688,913.9404907226562,945.9050903320312,182.5900421142578,1927.282470703125,19.229999542236328
2020-08-25,500.85601806640625,521.6484375,1970.9755859375,370.54901123046875,799.7453002929688,145.93701171875,903.8456420898438,939.7442016601562,188.48153686523438,1922.6102294921875,19.31999969482422
2020-08-26,487.4499206542969,521.066162109375,1974.322021484375,373.42633056640625,810.5721435546875,145.6009063720703,893.2897338867188,964.6583251953125,190.20364379882812,1931.912109375,19.299999237060547
2020-08-27,484.27606201171875,518.1077270507812,1963.8751220703125,376.1597595214844,807.375244140625,145.07809448242188,899.4202880859375,952.6076049804688,195.46063232421875,1927.5396728515625,18.899999618530273
2020-08-28,495.92938232421875,519.2259521484375,1946.4188232421875,392.94403076171875,797.3156127929688,146.0490264892578,905.182373046875,955.112548828125,203.79934692382812,1919.095458984375,18.350000381469727
2020-08-31,486.12353515625,519.8549194335938,1915.1236572265625,378.4615478515625,791.646240234375,142.72549438476562,871.1636352539062,939.1124267578125,192.15235900878906,1935.126708984375,22.84000015258789
2020-09-01,517.5306396484375,525.1891479492188,1955.1920166015625,374.96087646484375,779.327392578125,142.05331420898438,880.6134033203125,942.0687255859375,197.68128967285156,1925.7823486328125,21.799999237060547
2020-09-02,521.6046142578125,528.3804931640625,1937.1024169921875,376.3515930175781,787.7247314453125,142.91221618652344,880.9359741210938,960.5511474609375,196.0044708251953,1941.899169921875,21.110000610351562
2020-09-03,509.7143859863281,526.866455078125,1934.8411865234375,367.0962219238281,797.5713500976562,143.0989227294922,886.0987548828125,953.2846069335938,193.19468688964844,1971.34716796875,20.5
2020-09-04,495.64508056640625,521.462158203125,1921.7264404296875,357.3133850097656,783.5900268554688,139.43931579589844,868.905029296875,937.55517578125,187.2579345703125,1962.1744384765625,22.149999618530273
2020-09-07,488.3500061035156,517.3623657226562,1956.0517578125,358.1285705566406,788.619873046875,141.2317657470703,859.3632202148438,939.9924926757812,188.43618774414062,1994.966064453125,22.010000228881836
2020-09-08,471.9122009277344,518.2708740234375,1937.6451416015625,360.3345642089844,800.7682495117188,140.52223205566406,845.1195678710938,951.0278930664062,184.94664001464844,2013.09716796875,22.719999313354492
2020-09-09,477.73883056640625,510.8400573730469,1928.600341796875,352.5658874511719,790.921630859375,137.2733917236328,838.4818725585938,975.51318359375,176.60797119140625,1995.480224609375,22.229999542236328
2020-09-10,471.20159912109375,508.06805419921875,1930.09228515625,355.5390625,801.4075927734375,138.094970703125,849.0377807617188,1044.410888671875,179.59898376464844,1998.480224609375,21.260000228881836
2020-09-11,465.80126953125,502.5240783691406,1953.0213623046875,355.34722900390625,806.2244262695312,137.38540649414062,845.764892578125,1047.006103515625,183.7230224609375,2035.3018798828125,20.709999084472656
2020-09-14,449.1739501953125,492.8802185058594,1920.68603515625,348.8253479003906,834.1016845703125,136.93728637695312,831.6597290039062,1039.2431640625,179.91624450683594,2135.8623046875,21.190000534057617
2020-09-15,460.0220031738281,498.7270812988281,1921.545166015625,356.354248046875,837.5543212890625,135.77964782714844,838.896728515625,1046.5999755859375,181.41175842285156,2135.8623046875,20.600000381469727
2020-09-16,456.4217834472656,509.5122375488281,1938.7757568359375,359.3755187988281,854.0079345703125,134.9207763671875,849.8212890625,1049.1727294921875,179.64434814453125,2145.80712890625,19.65999984741211
2020-09-17,453.81634521484375,504.8301086425781,1924.9368896484375,353.90863037109375,861.8936157226562,133.38970947265625,835.5316772460938,1037.5281982421875,177.1517791748047,2109.7578125,20.100000381469727
2020-09-18,468.5487976074219,492.57745361328125,1898.2545166015625,354.43603515625,854.348876953125,133.7631378173828,830.3689575195312,1040.664794921875,174.568603515625,2100.284423828125,20.049999237060547
2020-09-21,443.1578063964844,488.8504333496094,1843.1712646484375,336.3570251464844,860.9558715820312,131.26116943359375,812.9907836914062,1018.1653442382812,168.4052276611328,2113.487060546875,22.190000534057617
2020-09-22,446.1895751953125,482.3746337890625,1833.221923828125,339.9056396484375,858.9098510742188,130.10350036621094,789.620361328125,997.9901733398438,168.76779174804688,2162.90966796875,21.40999984741211
2020-09-23,410.9927673339844,487.8953552246094,1856.512451171875,337.46002197265625,869.3530883789062,128.83383178710938,793.400146484375,1006.8590698242188,166.5924530029297,2115.330322265625,20.989999771118164
2020-09-24,397.2550964355469,480.0451965332031,1864.0645751953125,321.9704895019531,831.5441284179688,124.38999938964844,784.2731323242188,984.4725341796875,159.8399658203125,1999.4237060546875,23.510000228881836
2020-09-25,416.53521728515625,486.3812255859375,1880.4813232421875,334.3908386230469,862.2772827148438,127.52681732177734,819.8129272460938,993.7249755859375,165.14227294921875,2076.62353515625,20.68000030517578
2020-09-28,420.32489013671875,491.1331787109375,1866.23583984375,348.1539611816406,861.3821411132812,129.43133544921875,832.35107421875,1000.2921752929688,169.71945190429688,2080.05224609375,19.56999969482422
2020-09-29,412.6981201171875,495.0233459472656,1839.0103759765625,342.44732666015625,860.1885986328125,126.51856231689453,825.5288696289062,1013.290771484375,167.7254638671875,2133.2900390625,19.770000457763672
2020-09-30,398.8183288574219,502.50067138671875,1870.7127685546875,340.2413635253906,859.5491943359375,128.23635864257812,831.1986083984375,1008.4613647460938,168.04266357421875,2136.63330078125,19.530000686645508
2020-10-01,409.6190490722656,515.7085571289062,1894.9080810546875,354.10040283203125,867.5629272460938,127.60149383544922,832.3049926757812,1004.3541259765625,172.4839324951172,2163.338134765625,18.350000381469727
2020-10-05,402.1343078613281,519.1560668945312,1909.4251708984375,357.8409118652344,894.0335083007812,126.40654754638672,826.9118041992188,998.464111328125,171.07904052734375,2319.666015625,19.700000762939453
2020-10-06,404.3134460449219,533.0159912109375,1913.811767578125,365.0341491699219,900.0438842773438,126.89200592041016,822.9014892578125,997.629150390625,173.6622314453125,2326.953125,19.639999389648438
2020-10-07,400.2394714355469,541.4718627929688,1935.02197265625,367.00030517578125,909.2509155273438,126.59325408935547,818.5684204101562,1018.91015625,172.84646606445312,2345.51318359375,20.059999465942383
2020-10-08,402.1343078613281,555.2386474609375,1954.4234619140625,371.6519470214844,932.3966674804688,124.83811950683594,812.2532348632812,1010.6730346679688,173.57159423828125,2422.455078125,20.3799991607666
2020-10-09,402.84490966796875,574.6891479492188,1935.29345703125,385.0793762207031,943.564697265625,125.3609390258789,837.5138549804688,1008.0552368164062,179.7349853515625,2411.525390625,20.3799991607666
2020-10-12,393.22857666015625,565.4181518554688,1934.16259765625,387.52508544921875,965.13330078125,128.60977172851562,835.0245971679688,1009.6799926757812,180.09750366210938,2426.141845703125,21.1299991607666
2020-10-13,393.4653625488281,558.3367919921875,1933.9818115234375,380.0440979003906,987.0430908203125,127.07872009277344,826.4508666992188,1029.3814697265625,177.37838745117188,2423.184326171875,20.719999313354492
2020-10-14,391.523193359375,564.4165649414062,1952.0264892578125,390.16259765625,969.3109130859375,125.3235855102539,843.7367553710938,1032.450439453125,181.32113647460938,2418.9228515625,20.209999084472656
2020-10-15,378.2118835449219,544.73291015625,1946.9613037109375,375.0087890625,944.8007202148438,123.26971435546875,819.3981323242188,995.8914794921875,174.79519653320312,2359.517333984375,22.059999465942383
2020-10-16,380.5330505371094,558.7560424804688,1945.1524658203125,379.9002685546875,961.2116088867188,123.75515747070312,824.2843017578125,982.0352172851562,177.60496520996094,2379.06103515625,21.649999618530273
2020-10-19,376.79071044921875,560.7127075195312,1969.7999267578125,400.0414123535156,959.8478393554688,125.65968322753906,832.397216796875,982.2156982421875,184.90133666992188,2334.50634765625,21.81999969482422
2020-10-20,383.7069091796875,570.2167358398438,1965.548583984375,397.6436462402344,969.7369995117188,125.06218719482422,845.6727905273438,973.0535278320312,184.04025268554688,2358.139404296875,22.690000534057617
2020-10-21,396.97088623046875,580.8155517578125,1956.5491943359375,403.1105041503906,978.9866333007812,125.2115707397461,852.2645263671875,958.9263916015625,184.67474365234375,2303.38330078125,22.920000076293945
2020-10-22,408.0083923339844,574.57275390625,1971.20166015625,396.01312255859375,962.533447265625,125.88372802734375,863.1890869140625,950.9601440429688,184.26687622070312,2299.72314453125,22.639999389648438
2020-10-23,411.56121826171875,575.7374267578125,1939.0921630859375,399.89752197265625,967.2293090820312,127.52681732177734,867.7525634765625,953.71337890625,183.81365966796875,2313.1982421875,21.829999923706055
2020-10-26,411.2296447753906,564.136962890625,1959.80517578125,387.90875244140625,958.5693359375,125.88372802734375,877.4327392578125,915.822998046875,178.28475952148438,2314.403564453125,22.829999923706055
2020-10-27,410.5664367675781,574.4796142578125,1968.8046875,393.183837890625,939.9572143554688,124.8754653930664,905.2745361328125,918.26025390625,176.4266815185547,2264.425048828125,22.200000762939453
2020-10-28,428.09375,563.5313110351562,1970.3070068359375,379.852294921875,927.635498046875,123.60578155517578,906.104248046875,907.8568115234375,172.61990356445312,2257.580810546875,23.280000686645508
2020-10-29,427.0990295410156,553.0955200195312,1931.8447265625,383.5448303222656,926.1704711914062,122.37348937988281,861.5296020507812,914.8300170898438,171.0337371826172,2266.577392578125,24.020000457763672
2020-10-30,410.94537353515625,551.3950805664062,1885.5992431640625,376.5433654785156,913.8916625976562,123.41908264160156,856.9200439453125,927.2871704101562,171.53224182128906,2294.30029296875,24.75
2020-11-02,433.3520202636719,566.1636352539062,1886.236572265625,400.3770446777344,923.973388671875,124.53938293457031,856.7357788085938,847.3765869140625,177.6956024169922,2242.428466796875,25.209999084472656
2020-11-03,430.6991882324219,581.3978271484375,1871.397705078125,425.6973571777344,915.5719604492188,127.0413818359375,873.7451171875,835.167724609375,185.5811004638672,2267.3955078125,24.239999771118164
2020-11-04,429.230712890625,585.8004760742188,1875.3577880859375,419.17547607421875,942.6282958984375,126.81731414794922,883.2366333007812,863.5120849609375,187.62046813964844,2284.226806640625,23.200000762939453
2020-11-05,433.2572326660156,591.2979736328125,1913.865478515625,420.5661926269531,951.2882690429688,130.51429748535156,900.3873291015625,882.3783569335938,198.17977905273438,2312.2509765625,20.969999313354492
2020-11-06,426.2463073730469,609.2111206054688,1906.4007568359375,424.6902770996094,958.8279418945312,129.9167938232422,902.8776245117188,915.8455200195312,198.6782989501953,2330.976318359375,20.5
2020-11-09,446.9949035644531,624.53857421875,1941.35791015625,443.77642822265625,979.3357543945312,129.05787658691406,907.6704711914062,925.5720825195312,198.95021057128906,2347.4638671875,20.110000610351562
2020-11-10,441.8788146972656,649.2769775390625,1945.044677734375,464.0614318847656,940.1296997070312,133.20297241210938,971.4334716796875,940.8500366210938,210.0080108642578,2281.1708984375,21.579999923706055
2020-11-11,453.4373779296875,647.5531616210938,1940.083251953125,466.6509704589844,967.2293090820312,138.3936767578125,995.63232421875,901.4251098632812,212.2739715576172,2314.059326171875,22.030000686645508
2020-11-12,454.6216735839844,639.0508422851562,1995.569091796875,457.203857421875,963.1364135742188,140.4102020263672,1008.5541381835938,893.6619262695312,205.5667724609375,2299.63818359375,20.6200008392334
2020-11-13,450.7372131347656,633.0409545898438,1989.4241943359375,465.69189453125,968.694091796875,139.738037109375,988.1611938476562,901.0640258789062,207.96868896484375,2287.412841796875,19.700000762939453
2020-11-14,456.1849060058594,638.1190185546875,1991.563232421875,466.9866943359375,976.66455078125,140.85833740234375,995.3975219726562,903.7269287109375,208.14993286132812,2299.035400390625,
2020-11-17,459.0745849609375,656.172119140625,1982.369140625,466.50714111328125,968.2633666992188,139.92474365234375,1015.7904052734375,899.6422729492188,217.71224975585938,2295.332763671875,19.799999237060547
2020-11-18,453.2478942871094,656.2885131835938,1940.9481201171875,477.2970275878906,956.9324340820312,137.4601287841797,1078.9893798828125,896.91162109375,228.40753173828125,2261.41162109375,19.1200008392334
2020-11-19,443.9158020019531,640.285400390625,1939.7191162109375,459.16998291015625,945.0411987304688,140.3355255126953,1065.9266357421875,890.5701904296875,217.30438232421875,2270.23681640625,19.56999969482422
2020-11-20,458.269287109375,653.9358520507812,1930.1605224609375,460.5606994628906,950.7282104492188,143.17359924316406,1064.09423828125,857.3287353515625,220.0235137939453,2290.33984375,19.6200008392334
2020-11-23,452.15838623046875,649.7196044921875,1938.4901123046875,449.0994567871094,982.1793823242188,142.53875732421875,1058.0325927734375,880.4376220703125,216.35267639160156,2345.440185546875,20.799999237060547
2020-11-24,449.31610107421875,670.0320434570312,1963.9346923828125,458.6425476074219,982.3517456054688,146.0490264892578,1067.101318359375,886.4630737304688,221.0205078125,2343.546630859375,21.059999465942383
2020-11-25,439.6997375488281,653.539794921875,1944.362060546875,453.36749267578125,961.3268432617188,144.77935791015625,1048.7760009765625,879.128662109375,220.25010681152344,2325.681396484375,23.1299991607666
2020-11-26,443.7736511230469,664.651123046875,1961.067138671875,455.861083984375,959.2157592773438,145.48886108398438,1051.454345703125,881.2951049804688,222.47073364257812,2342.298583984375,20.020000457763672
2020-11-27,438.8944396972656,671.2666625976562,1946.5013427734375,453.9908447265625,947.841552734375,144.62998962402344,1054.7906494140625,871.0045166015625,221.38308715820312,2307.042236328125,19.81999969482422
2020-12-01,454.2427062988281,667.7492065429688,1941.81298828125,465.2602844238281,980.4559936523438,145.19012451171875,1048.7288818359375,882.333251953125,224.8273468017578,2347.6357421875,20.18000030517578
2020-12-02,459.4061279296875,655.47314453125,1947.5023193359375,460.80047607421875,983.0840454101562,146.34776306152344,1046.66162109375,883.8001098632812,223.83030700683594,2367.222900390625,19.90999984741211
2020-12-03,454.6690673828125,641.6132202148438,1936.9884033203125,462.1432189941406,970.6327514648438,146.5344696044922,1057.3748779296875,886.4630737304688,232.30494689941406,2332.698486328125,19.0
2020-12-04,467.7908630371094,645.5265502929688,1988.377197265625,481.5170593261719,977.69873046875,148.02821350097656,1080.258056640625,878.65478515625,238.83087158203125,2348.28173828125,18.030000686645508
2020-12-07,482.1916809082031,639.30712890625,2053.87646484375,489.57354736328125,985.3245239257812,151.7251739501953,1099.2412109375,883.8226928710938,244.35980224609375,2357.021240234375,18.020000457763672
2020-12-08,477.1230163574219,641.19384765625,2057.381103515625,487.6073913574219,993.8118286132812,151.20236206054688,1100.8389892578125,899.867919921875,246.44447326660156,2408.333251953125,18.6200008392334
2020-12-09,476.6019287109375,655.5896606445312,2086.6943359375,490.5805969238281,1012.639404296875,153.40565490722656,1109.860595703125,914.8525390625,245.0395965576172,2419.955322265625,18.920000076293945
2020-12-10,478.5915222167969,645.6430053710938,2139.72216796875,486.2167053222656,1006.2200927734375,158.8577117919922,1118.6473388671875,905.8482055664062,244.31446838378906,2397.14013671875,18.709999084472656
2020-12-11,477.88092041015625,644.2221069335938,2161.84375,494.3690490722656,1002.2993774414062,161.54641723632812,1122.3594970703125,905.306640625,246.94297790527344,2396.5380859375,18.790000915527344
2020-12-14,476.6019287109375,639.2606201171875,2158.202392578125,504.2958068847656,1003.462646484375,161.2476806640625,1174.37548828125,898.7620849609375,248.5291748046875,2408.677490234375,19.399999618530273
2020-12-15,477.6914367675781,648.1821899414062,2112.047607421875,496.8626708984375,994.888916015625,159.49256896972656,1171.1802978515625,891.11181640625,245.31149291992188,2377.55419921875,19.350000381469727
2020-12-16,489.060546875,657.2202758789062,2133.8046875,491.49176025390625,1004.4534912109375,159.82864379882812,1191.85498046875,892.1047973632812,244.1785430908203,2422.8828125,19.200000762939453
2020-12-17,488.0184020996094,671.7091674804688,2107.723876953125,489.5256042480469,998.8526000976562,159.11912536621094,1201.76953125,896.1895141601562,242.63768005371094,2443.5458984375,19.15999984741211
2020-12-18,483.80230712890625,657.5230712890625,2124.24609375,495.99957275390625,1025.219970703125,160.20208740234375,1204.3538818359375,898.875,246.03660583496094,2463.174560546875,18.6200008392334
2020-12-21,465.0906982421875,639.4934692382812,2099.211669921875,474.27587890625,1014.4491577148438,151.57582092285156,1160.466796875,875.4727172851562,230.85472106933594,2428.005615234375,23.190000534057617
2020-12-22,473.99652099609375,639.703125,2103.80859375,479.838623046875,1051.67333984375,151.91189575195312,1186.6392822265625,874.1187744140625,233.34730529785156,2473.07568359375,21.989999771118164
2020-12-23,480.5337219238281,640.8910522460938,2157.83837890625,483.0036926269531,1079.7208251953125,155.16075134277344,1188.6129150390625,877.3458251953125,238.377685546875,2504.286376953125,20.5
2020-12-24,490.1027526855469,650.8843383789062,2186.878173828125,492.5467224121094,1065.072265625,155.7955780029297,1186.1693115234375,900.0484619140625,241.86724853515625,2504.802490234375,19.969999313354492
2020-12-28,494.1766662597656,658.2218627929688,2174.72509765625,498.8288269042969,1068.7344970703125,156.46775817871094,1211.73095703125,904.1782836914062,249.43556213378906,2522.064453125,20.43000030517578
2020-12-29,492.89764404296875,664.9073486328125,2170.53759765625,507.1730651855469,1077.351318359375,157.99884033203125,1207.455078125,898.1979370117188,251.8827362060547,2523.01123046875,20.790000915527344
2020-12-30,489.01318359375,667.3765258789062,2190.838623046875,507.1251220703125,1074.3353271484375,157.70008850097656,1214.2215576171875,900.65771484375,250.97637939453125,2504.759033203125,21.110000610351562
2020-12-31,482.90228271484375,669.1468505859375,2180.64208984375,513.16748046875,1082.090576171875,156.09434509277344,1210.039306640625,896.0540771484375,249.2089385986328,2464.68212890625,21.100000381469727
2021-01-01,488.06573486328125,663.90576171875,2173.49609375,505.92620849609375,1086.0972900390625,159.71661376953125,1218.873046875,897.0470581054688,253.2423095703125,2521.073974609375,
2021-01-04,489.9132385253906,659.6895141601562,2208.95458984375,509.9544372558594,1110.0517578125,159.38052368164062,1235.4129638671875,898.55908203125,254.73785400390625,2616.811767578125,20.030000686645508
2021-01-05,486.9762268066406,664.6743774414062,2230.847900390625,515.2775268554688,1114.833984375,157.92413330078125,1227.6129150390625,887.3883666992188,255.37229919433594,2662.916015625,20.459999084472656
2021-01-06,497.68212890625,661.8092041015625,2200.5791015625,524.3410034179688,1104.7525634765625,153.40565490722656,1234.84912109375,863.9861450195312,258.3633117675781,2627.185791015625,21.0
2021-01-07,516.583251953125,659.805908203125,2156.47265625,518.969970703125,1087.5618896484375,151.46380615234375,1258.29638671875,862.5869140625,260.7652893066406,2611.086181640625,20.6200008392334
2021-01-08,511.84613037109375,666.9805297851562,2176.81884765625,519.8811645507812,1130.6025390625,150.49288940429688,1290.671142578125,872.7646484375,259.22442626953125,2686.93603515625,20.639999389648438
2021-01-11,518.38330078125,676.2050170898438,2211.320556640625,522.4228515625,1185.8360595703125,151.23974609375,1268.6805419921875,856.3131713867188,256.0520935058594,2734.76171875,22.3799991607666
2021-01-12,536.00537109375,689.9718017578125,2162.890380859375,525.5877685546875,1182.0015869140625,154.1898193359375,1268.49267578125,883.3036499023438,265.1158752441406,2733.3837890625,22.850000381469727
2021-01-13,547.8482666015625,685.1499633789062,2159.658935546875,533.7401733398438,1195.2716064453125,157.7747802734375,1271.0301513671875,875.0665893554688,278.07708740234375,2719.695068359375,23.290000915527344
2021-01-14,550.02734375,684.2647705078125,2183.510009765625,530.6710205078125,1180.924560546875,159.940673828125,1293.678466796875,884.9058837890625,278.48492431640625,2804.012451171875,23.030000686645508
2021-01-15,570.96533203125,683.286376953125,2140.359619140625,520.7923583984375,1158.90869140625,162.70407104492188,1272.5806884765625,874.457275390625,275.4032897949219,2789.047119140625,24.010000228881836
2021-01-18,556.0908203125,690.9501342773438,2123.472412109375,511.3450927734375,1130.5595703125,164.1231231689453,1255.5709228515625,895.4447631835938,266.8833312988281,2779.040771484375,24.399999618530273
2021-01-19,561.1595458984375,700.6172485351562,2151.283935546875,524.1011962890625,1134.5235595703125,163.45091247558594,1287.3348388671875,910.0908813476562,270.6448059082031,2812.638916015625,22.899999618530273
2021-01-20,564.80712890625,695.0964965820312,2144.729736328125,528.465087890625,1154.16943359375,162.55470275878906,1299.3638916015625,927.37744140625,274.2249755859375,2854.129150390625,21.549999237060547
2021-01-21,550.7852783203125,687.0833129882812,2155.380615234375,530.0955810546875,1154.3848876953125,159.60458374023438,1288.69775390625,947.552490234375,267.245849609375,2823.982177734375,22.18000030517578
2021-01-22,546.5218505859375,672.5244750976562,2193.341552734375,511.9685974121094,1155.3756103515625,157.36399841308594,1280.0516357421875,925.0755004882812,257.13970947265625,2849.2119140625,
2021-01-25,550.216796875,681.5159912109375,2184.4658203125,516.0447387695312,1141.8045654296875,155.19808959960938,1279.300048828125,876.0595092773438,254.64720153808594,2839.0341796875,23.25
2021-01-27,540.7899169921875,656.707763671875,2176.909912109375,500.9868469238281,1121.0382080078125,157.32667541503906,1277.9373779296875,855.2977294921875,249.8433837890625,2812.94091796875,24.389999389648438
2021-01-28,540.8847045898438,638.9343872070312,2094.159423828125,506.6455383300781,1099.6685791015625,154.30186462402344,1264.3106689453125,846.9703369140625,255.91615295410156,2757.3037109375,24.290000915527344
2021-01-29,524.494140625,647.8094482421875,2060.932373046875,515.0376586914062,1067.6575927734375,151.79986572265625,1254.3023681640625,831.3538818359375,255.68955993652344,2683.81201171875,25.34000015258789
2021-02-01,548.700927734375,687.9917602539062,2047.003662109375,579.1056518554688,1086.4849853515625,161.28504943847656,1361.5762939453125,855.43310546875,281.6120300292969,2707.96435546875,23.31999969482422
2021-02-02,567.8388671875,727.0327758789062,2030.4805908203125,592.1015014648438,1095.403076171875,162.96548461914062,1428.62841796875,869.1991577148438,301.9148864746094,2763.255859375,23.350000381469727
2021-02-03,576.8394165039062,733.6715698242188,2032.66552734375,596.89697265625,1106.9498291015625,161.88253784179688,1436.4754638671875,871.38818359375,304.4980773925781,2760.3232421875,23.75
2021-02-04,569.023193359375,735.6748657226562,2044.272216796875,602.6036376953125,1102.3828125,171.74111938476562,1437.6500244140625,868.5220947265625,321.855224609375,2750.31689453125,23.1200008392334
2021-02-05,550.5484008789062,744.2936401367188,2066.0751953125,589.032470703125,1096.135498046875,175.02731323242188,1425.1512451171875,868.2738647460938,356.297607421875,2724.008056640625,23.420000076293945
2021-02-08,565.896728515625,747.857666015625,2036.1248779296875,603.8504638671875,1123.235595703125,174.09371948242188,1458.3248291015625,880.7760620117188,359.8778076171875,2772.442626953125,23.959999084472656
2021-02-09,567.4599609375,750.9324951171875,2017.5537109375,607.4472045898438,1124.9588623046875,171.0315704345703,1472.0924072265625,882.8973999023438,357.8384094238281,2740.35400390625,24.270000457763672
2021-02-10,559.1699829101562,736.909423828125,2035.077880859375,606.2962036132812,1117.16064453125,169.94862365722656,1459.311767578125,891.0892333984375,355.5271911621094,2771.751953125,23.950000762939453
2021-02-11,566.6546630859375,732.5302734375,2060.1123046875,604.857666015625,1113.8431396484375,169.1270751953125,1438.3079833984375,927.8287353515625,353.6238098144531,2765.455810546875,23.049999237060547
2021-02-12,555.4276123046875,737.002685546875,2040.585693359375,621.1143188476562,1128.620849609375,162.40533447265625,1429.7091064453125,921.4647216796875,356.3429260253906,2752.343994140625,22.040000915527344
2021-02-15,562.4859008789062,753.1455078125,2016.5982666015625,646.38671875,1128.4915771484375,163.2642059326172,1445.0272216796875,917.402587890625,368.8509521484375,2708.39453125,
2021-02-16,562.7228393554688,757.82763671875,1999.210693359375,631.4247436523438,1111.904296875,163.0028076171875,1456.1163330078125,929.5438842773438,364.6816101074219,2681.61181640625,21.780000686645508
2021-02-17,562.6281127929688,739.1223754882812,1969.8970947265625,630.4655151367188,1104.06298828125,162.62939453125,1455.0826416015625,940.2633056640625,373.20159912109375,2650.81787109375,
2021-02-18,558.0804443359375,724.1209716796875,1954.3759765625,618.2850341796875,1113.6707763671875,163.45091247558594,1432.7633056640625,933.244873046875,376.32861328125,2637.23193359375,21.540000915527344
2021-02-19,550.7852783203125,717.0394897460938,1985.5555419921875,598.5275268554688,1112.6798095703125,161.28504943847656,1417.9150390625,938.9318237304688,362.14373779296875,2649.7392578125,22.25
2021-02-22,540.3162841796875,721.1859741210938,1973.265380859375,584.9082641601562,1090.190185546875,158.44786071777344,1364.7244873046875,906.3447265625,353.03466796875,2551.921630859375,25.469999313354492
2021-02-23,535.8159790039062,712.4039916992188,1983.87109375,591.0943603515625,1091.1810302734375,159.55747985839844,1396.7705078125,913.2728881835938,358.5635986328125,2570.68359375,25.229999542236328
2021-02-24,542.826904296875,748.4166870117188,1983.507080078125,614.880126953125,1098.031494140625,159.82534790039062,1434.6429443359375,930.2208251953125,368.21649169921875,2542.99365234375,24.170000076293945
2021-02-25,548.700927734375,748.3934936523438,1969.351318359375,602.31591796875,1098.246826171875,160.054931640625,1415.70654296875,967.8405151367188,369.12286376953125,2583.708740234375,22.889999389648438
2021-02-26,527.0523071289062,714.8499145507812,1940.90283203125,573.3031616210938,1079.9364013671875,155.99900817871094,1355.6087646484375,941.4142456054688,353.6238098144531,2496.586669921875,28.139999389648438
2021-03-01,504.2193603515625,726.2639770507812,1951.2347412109375,583.4695434570312,1091.7410888671875,158.3330535888672,1384.1304931640625,948.5906372070312,357.97442626953125,2522.378662109375,25.6299991607666
2021-03-02,512.7462158203125,730.5966796875,1982.687744140625,585.5316772460938,1124.0540771484375,160.62887573242188,1396.15966796875,950.5313110351562,357.2946472167969,2593.23974609375,23.610000610351562
2021-03-03,517.5780029296875,739.2854614257812,1996.8436279296875,606.2482299804688,1157.702392578125,160.66712951660156,1406.7320556640625,993.9055786132812,367.12884521484375,2638.740966796875,22.09000015258789
2021-03-04,511.23028564453125,723.0728149414062,1999.9385986328125,595.3624877929688,1146.3282470703125,160.475830078125,1374.498046875,982.0576782226562,358.6088562011719,2630.6328125,24.149999618530273
2021-03-05,504.78778076171875,712.800048828125,2003.7620849609375,584.524658203125,1134.56640625,159.59576416015625,1375.390869140625,983.3441162109375,347.73236083984375,2594.7060546875,25.559999465942383
2021-03-08,498.06109619140625,707.9082641601562,1979.59228515625,583.181884765625,1150.9813232421875,159.17486572265625,1423.929443359375,988.9407958984375,353.125244140625,2593.757568359375,24.68000030517578
2021-03-09,494.3187255859375,727.9412231445312,2001.3951416015625,599.5344848632812,1159.4256591796875,159.02182006835938,1417.4453125,988.9180908203125,351.3125305175781,2631.7109375,22.5
2021-03-10,498.20318603515625,724.7965698242188,2028.114013671875,600.0140380859375,1178.8995361328125,158.0269775390625,1432.3873291015625,984.8109130859375,351.4031982421875,2648.962890625,20.75
2021-03-12,496.6399230957031,723.026123046875,2007.084716796875,587.7855224609375,1184.673095703125,157.0321044921875,1422.8017578125,964.7939453125,345.42108154296875,2637.74951171875,21.709999084472656
2021-03-15,495.3609313964844,712.1710815429688,2012.6380615234375,578.8179321289062,1183.595458984375,157.2234649658203,1394.3739013671875,951.8402099609375,347.9588928222656,2644.822509765625,21.229999542236328
2021-03-16,501.4717712402344,704.4840698242188,2042.8614501953125,570.61767578125,1192.556884765625,159.06008911132812,1373.7462158203125,948.0941162109375,343.1097717285156,2682.690185546875,20.190000534057617
2021-03-17,495.4083251953125,696.6571655273438,2026.702880859375,565.3905029296875,1195.14208984375,161.16453552246094,1351.0509033203125,927.6707153320312,333.6834411621094,2685.19189453125,20.15999984741211
2021-03-18,499.48223876953125,694.6307373046875,2016.5982666015625,554.9363403320312,1152.1446533203125,166.5596923828125,1342.076171875,906.7960815429688,332.7317199707031,2619.24658203125,20.079999923706055
2021-03-19,502.087646484375,697.6588745117188,2104.76513671875,562.6571044921875,1158.47802734375,170.61553955078125,1326.2413330078125,939.6990356445312,336.4026184082031,2631.064208984375,19.989999771118164
2021-03-22,500.2401428222656,684.4511108398438,2142.225830078125,549.9970092773438,1181.18310546875,172.94961547851562,1315.7159423828125,930.8527221679688,332.6411437988281,2699.5966796875,20.489999771118164
2021-03-23,501.4244384765625,698.8934326171875,2127.751220703125,562.4172973632812,1181.8292236328125,170.04161071777344,1319.7568359375,942.1814575195312,337.8075256347656,2710.767333984375,20.670000076293945
2021-03-24,496.1188659667969,688.9468994140625,2110.727783203125,544.2903442382812,1166.491455078125,165.25868225097656,1286.6771240234375,924.0374755859375,326.1604919433594,2692.221923828125,22.459999084472656
2021-03-25,481.0548400878906,681.7489624023438,2036.4892578125,548.1746215820312,1149.301025390625,161.92984008789062,1288.509521484375,898.8297729492188,321.94586181640625,2643.701171875,22.700000762939453
2021-03-26,495.02935791015625,694.7703857421875,2110.090087890625,554.8883666992188,1151.368896484375,161.3941192626953,1314.0712890625,900.2742309570312,323.75860595703125,2645.383056640625,20.649999618530273
2021-03-30,494.0819091796875,723.8414916992188,2183.691650390625,567.2608032226562,1193.677490234375,164.18734741210938,1337.80029296875,915.9132690429688,327.0215759277344,2724.525390625,20.489999771118164
2021-03-31,490.1027526855469,695.865234375,2213.50634765625,558.2931518554688,1178.8133544921875,167.21014404296875,1333.4302978515625,904.0880126953125,330.19384765625,2741.17333984375,20.649999618530273
2021-04-01,493.4187316894531,692.6506958007812,2184.010986328125,570.0902099609375,1193.5909423828125,168.3962860107422,1357.5823974609375,912.5507202148438,335.9493713378906,2730.08984375,19.989999771118164
2021-04-05,500.4770202636719,675.3431396484375,2160.4326171875,547.886962890625,1214.8743896484375,162.6568145751953,1319.2398681640625,899.3489990234375,320.4503173828125,2793.834228515625,21.219999313354492
2021-04-06,504.2193603515625,670.987060546875,2192.385986328125,542.7557373046875,1215.8653564453125,162.73333740234375,1316.6085205078125,895.602783203125,317.73114013671875,2816.08984375,20.84000015258789
2021-04-07,513.1251220703125,674.2249755859375,2189.609130859375,554.0252075195312,1232.3663330078125,163.61338806152344,1319.56884765625,903.9751586914062,324.9822082519531,2821.86865234375,20.25
2021-04-08,514.4514770507812,667.5162963867188,2193.84228515625,553.114013671875,1240.681640625,163.19248962402344,1333.665283203125,905.103515625,322.3084411621094,2861.504638671875,20.309999465942383
2021-04-09,516.583251953125,662.3682861328125,2254.01611328125,543.0435180664062,1241.715576171875,163.0777130126953,1319.5218505859375,894.5872192382812,319.9518127441406,2865.73095703125,19.790000915527344
2021-04-12,494.9819641113281,636.8845825195312,2241.271484375,516.5242919921875,1228.5318603515625,157.10865783691406,1264.1226806640625,862.5869140625,298.0627136230469,2800.43310546875,23.0
2021-04-13,507.961669921875,652.3984375,2234.352294921875,537.6724853515625,1203.8880615234375,159.71054077148438,1290.953125,871.9072265625,309.07525634765625,2677.5146484375,20.459999084472656
2021-04-15,510.99346923828125,666.2583618164062,2240.042724609375,551.6754150390625,1172.5230712890625,158.18002319335938,1291.845947265625,877.5490112304688,310.6161193847656,2776.625732421875,20.889999389648438
2021-04-16,512.3198852539062,665.5828247070312,2238.44921875,543.7628173828125,1166.491455078125,159.1365966796875,1277.279541015625,872.0425415039062,308.0782470703125,2756.096435546875,20.399999618530273
2021-04-19,498.7716064453125,658.0123291015625,2218.194091796875,536.8572387695312,1174.0743408203125,157.33822631835938,1231.5130615234375,858.3217163085938,300.1474304199219,2727.328857421875,22.489999771118164
2021-04-20,502.324462890625,648.228759765625,2182.508544921875,536.2337036132812,1164.42333984375,155.76942443847656,1251.2950439453125,858.073486328125,298.65191650390625,2712.44921875,22.43000030517578
2021-04-22,502.9402770996094,662.7176513671875,2138.766357421875,555.5117797851562,1164.2080078125,157.56784057617188,1256.27587890625,860.4430541992188,305.1324768066406,2690.23779296875,23.030000686645508
2021-04-23,495.1240234375,658.8275756835938,2100.850341796875,546.6400756835938,1149.301025390625,157.1468963623047,1243.2132568359375,859.5177612304688,304.9512634277344,2682.215576171875,22.690000534057617
2021-04-26,499.8138122558594,654.4716186523438,2149.007568359375,566.9251098632812,1157.702392578125,157.10865783691406,1255.4300537109375,874.6377563476562,312.06634521484375,2674.711181640625,23.5
2021-04-27,506.2089538574219,670.2649536132812,2166.486328125,574.2622680664062,1161.9677734375,157.18515014648438,1297.4842529296875,897.5661010742188,319.9971008300781,2701.6240234375,23.079999923706055
2021-04-28,515.6832275390625,688.01513671875,2190.792236328125,595.9379272460938,1168.4302978515625,157.26170349121094,1293.0206298828125,901.47021484375,329.378173828125,2694.8095703125,22.579999923706055
2021-04-29,512.41455078125,686.0117797851562,2191.748779296875,596.0337524414062,1168.7318115234375,156.3433837890625,1276.8095703125,913.543701171875,325.7526550292969,2687.175537109375,23.309999465942383
2021-04-30,508.53009033203125,657.9657592773438,2142.72607421875,575.940673828125,1167.0084228515625,155.04244995117188,1259.7059326171875,900.2064819335938,320.40496826171875,2618.513671875,23.030000686645508
2021-05-03,529.4682006835938,658.9674072265625,2192.1123046875,572.3440551757812,1165.026611328125,153.77975463867188,1261.6324462890625,884.206298828125,317.7764892578125,2619.67822265625,23.690000534057617
2021-05-04,523.4047241210938,646.8076782226562,2191.794189453125,567.356689453125,1145.5098876953125,152.74664306640625,1257.0277099609375,865.0466918945312,318.59228515625,2630.676513671875,23.010000228881836
2021-05-05,530.5103149414062,653.4466552734375,2179.95947265625,578.1466064453125,1155.9359130859375,154.12413024902344,1258.014404296875,866.62646484375,322.12713623046875,2670.31201171875,
2021-05-06,529.3735961914062,652.6546630859375,2175.7265625,583.3258056640625,1173.2554931640625,155.15721130371094,1259.1890869140625,871.5460815429688,322.2630615234375,2683.89794921875,22.040000915527344
2021-05-07,538.61083984375,659.1071166992188,2195.025390625,582.270751953125,1165.45751953125,157.1468963623047,1261.8203125,871.8845825195312,324.71026611328125,2702.399658203125,20.81999969482422
2021-05-10,542.447998046875,661.4830932617188,2214.7802734375,588.1692504882812,1154.255615234375,157.2999725341797,1310.969970703125,869.3795776367188,327.8373107910156,2713.268798828125,20.229999542236328
2021-05-11,538.5161743164062,653.8892211914062,2186.741943359375,584.9082641601562,1146.5869140625,156.1138153076172,1300.2567138671875,872.5164794921875,330.5111389160156,2693.515625,
2021-05-12,532.2156982421875,652.0023193359375,2120.14990234375,570.4258422851562,1143.44140625,155.5398712158203,1301.854248046875,863.4896240234375,333.2756042480469,2663.3251953125,20.079999923706055
2021-05-14,530.936767578125,646.1089477539062,2163.755615234375,572.8715209960938,1134.307861328125,162.42721557617188,1330.2353515625,874.3895874023438,326.7043151855469,2632.185302734375,20.270000457763672
2021-05-17,520.7518920898438,670.987060546875,2163.209228515625,598.095947265625,1145.5098876953125,162.69508361816406,1303.217041015625,884.7930908203125,347.2338562011719,2647.927978515625,19.610000610351562
2021-05-18,508.1512145996094,687.968505859375,2161.388427734375,607.3033447265625,1154.64306640625,160.74366760253906,1331.9267578125,897.2501831054688,346.4634094238281,2664.359619140625,19.239999771118164
2021-05-19,500.4296875,679.349609375,2148.188232421875,599.8702392578125,1152.058349609375,158.9835662841797,1318.910888671875,901.3573608398438,348.4120788574219,2658.494384765625,19.31999969482422
2021-05-20,493.27655029296875,667.5162963867188,2133.987060546875,593.3004150390625,1154.0400390625,158.4095916748047,1324.8316650390625,896.0992431640625,348.5480651855469,2639.517822265625,
2021-05-21,503.0350646972656,697.565673828125,2150.464599609375,616.1749267578125,1167.1376953125,159.9783935546875,1332.631591796875,903.8397827148438,363.6393127441406,2657.20068359375,19.079999923706055
2021-05-24,499.10321044921875,703.4590454101562,2127.068603515625,620.8745727539062,1161.5799560546875,161.85328674316406,1356.313720703125,896.2120361328125,373.4734802246094,2658.06298828125,19.1299991607666
2021-05-25,498.44000244140625,689.0167236328125,2133.89599609375,623.7039794921875,1173.2554931640625,161.3941192626953,1363.5498046875,886.0567626953125,373.74542236328125,2699.236572265625,
2021-05-26,498.1084899902344,688.131591796875,2142.954345703125,625.81396484375,1203.974365234375,161.16453552246094,1384.1776123046875,889.1710205078125,374.8330383300781,2737.808837890625,20.8700008392334
2021-05-27,492.4712829589844,690.740478515625,2117.828369140625,625.57421875,1208.282470703125,161.58544921875,1393.5281982421875,891.9017333984375,385.39239501953125,2756.44580078125,19.90999984741211
2021-05-28,496.07147216796875,700.430908203125,2113.55029296875,616.75048828125,1210.695556640625,162.92465209960938,1389.0643310546875,945.476318359375,382.5372619628906,2724.894287109375,17.399999618530273
2021-05-31,506.7774658203125,706.2078247070312,2130.2548828125,635.6446533203125,1213.91796875,165.75613403320312,1379.2906494140625,975.0393676757812,384.6219482421875,2738.372802734375,
2021-06-01,504.88250732421875,704.2743530273438,2146.868408203125,623.5120849609375,1208.2130126953125,164.7230224609375,1385.8221435546875,978.9209594726562,392.05426025390625,2733.042236328125,17.389999389648438
2021-06-02,501.6612243652344,700.6871337890625,2147.323486328125,621.8336181640625,1200.7662353515625,159.94012451171875,1382.4390869140625,993.5220336914062,396.3142395019531,2712.6279296875,17.209999084472656
2021-06-03,504.0773010253906,708.3974609375,2151.37451171875,623.6559448242188,1210.3470458984375,159.9783935546875,1419.841552734375,997.313232421875,402.1686096191406,2722.85693359375,15.75
2021-06-04,504.69305419921875,699.2661743164062,2132.0751953125,616.414794921875,1206.8629150390625,159.74880981445312,1444.9332275390625,988.6699829101562,396.6344299316406,2725.02392578125,15.9399995803833
2021-06-07,508.2459716796875,698.7537231445312,2129.572021484375,621.6898803710938,1210.3470458984375,161.8150177001953,1463.963623046875,1005.3245849609375,395.39947509765625,2759.21923828125,15.569999694824219
2021-06-08,518.0516967773438,690.9268798828125,2147.505615234375,616.1270141601562,1230.6405029296875,163.49859619140625,1455.83447265625,999.5473022460938,390.780029296875,2773.911376953125,15.229999542236328
2021-06-09,511.6092834472656,689.6456298828125,2144.7744140625,610.0846557617188,1232.687255859375,162.6185760498047,1427.78271484375,981.6741333007812,385.5202331542969,2773.99853515625,14.75
2021-06-10,516.4884643554688,689.9951171875,2165.531005859375,614.2088623046875,1240.5262451171875,164.80076599121094,1428.158447265625,985.284912109375,395.39947509765625,2788.34423828125,15.0
2021-06-11,512.41455078125,692.4642944335938,2154.333251953125,609.7010498046875,1260.2103271484375,163.69842529296875,1412.887451171875,1002.375244140625,392.9754333496094,2837.752197265625,14.100000381469727
2021-06-14,510.99346923828125,689.2496948242188,2168.179443359375,609.173583984375,1273.1876220703125,163.22598266601562,1424.4464111328125,1016.7554321289062,393.6614990234375,2839.96240234375,14.720000267028809
2021-06-15,513.977783203125,694.2811279296875,2193.2568359375,618.908447265625,1283.726318359375,163.0291290283203,1419.794677734375,1019.0652465820312,392.8839416503906,2828.174072265625,14.609999656677246
2021-06-16,508.53009033203125,691.64892578125,2207.8818359375,613.921142578125,1289.561767578125,163.65907287597656,1401.0933837890625,1001.6732177734375,389.6365966796875,2838.2294921875,14.869999885559082
2021-06-17,500.85601806640625,683.0302124023438,2216.8681640625,607.1114501953125,1302.3651123046875,161.92678833007812,1397.945068359375,1003.507568359375,384.42254638671875,2875.848388671875,15.289999961853027
2021-06-18,510.4249572753906,689.4127807617188,2276.65234375,604.6178588867188,1309.3331298828125,161.0606689453125,1387.0908203125,1008.0366821289062,377.6991271972656,2858.123046875,14.800000190734863
2021-06-21,511.23028564453125,693.5590209960938,2305.489990234375,605.4331665039062,1306.7200927734375,160.98194885253906,1378.6798095703125,1013.2905883789062,383.96514892578125,2837.145263671875,15.0600004196167
2021-06-22,508.198486328125,691.2762451171875,2283.391357421875,605.0493774414062,1316.7799072265625,161.4937286376953,1408.8934326171875,1008.08203125,382.95892333984375,2861.50244140625,14.739999771118164
2021-06-23,505.9720764160156,692.0684204101562,2274.451416015625,599.1510009765625,1309.2022705078125,160.58822631835938,1390.1451416015625,998.8425903320312,383.1418762207031,2827.00341796875,15.369999885559082
2021-06-24,500.9507751464844,701.7353515625,2283.30029296875,608.1185302734375,1358.0203857421875,160.03707885742188,1413.4512939453125,975.3587036132812,381.632568359375,2924.259765625,15.100000381469727
2021-06-25,506.9669189453125,705.8583374023438,2245.247314453125,622.4570922851562,1371.084716796875,161.45436096191406,1432.05859375,953.1431274414062,392.2436218261719,2930.500244140625,13.369999885559082
2021-06-28,503.2719421386719,702.7136840820312,2255.837890625,623.7039794921875,1368.9947509765625,160.31265258789062,1423.2247314453125,944.7867431640625,390.3683776855469,2892.317626953125,13.399999618530273
2021-06-29,497.35052490234375,702.8073120117188,2285.500244140625,613.921142578125,1361.3736572265625,160.07643127441406,1419.8885498046875,945.60205078125,385.56597900390625,2895.87158203125,13.0
2021-06-30,498.013671875,700.8655395507812,2266.015625,605.0973510742188,1376.8333740234375,159.60400390625,1410.1622314453125,955.9511108398438,383.4620666503906,2900.11865234375,13.050000190734863
2021-07-01,495.1714172363281,695.6484375,2272.158935546875,605.0493774414062,1359.065673828125,159.84019470214844,1402.4090576171875,950.1991577148438,384.5597229003906,2896.434814453125,12.84000015258789
2021-07-02,497.3978271484375,692.6773071289062,2280.686767578125,614.0648803710938,1365.5107421875,159.3677978515625,1396.15966796875,964.284912109375,388.2187194824219,2882.52294921875,12.09000015258789
2021-07-05,496.403076171875,699.7191772460938,2291.46044921875,621.3541259765625,1375.2220458984375,160.35202026367188,1417.1160888671875,973.8641357421875,395.765380859375,2878.665283203125,
2021-07-06,498.44000244140625,718.0841674804688,2267.11572265625,623.7039794921875,1360.6334228515625,159.44651794433594,1414.81396484375,962.3599853515625,393.1126403808594,2827.783935546875,12.279999732971191
2021-07-07,501.75604248046875,720.330078125,2275.506103515625,627.2526245117188,1362.7237548828125,160.4307403564453,1425.1041259765625,955.679443359375,395.9483337402344,2838.7490234375,12.210000038146973
2021-07-08,497.68212890625,711.4165649414062,2244.23876953125,615.6475219726562,1359.370361328125,159.05284118652344,1410.3028564453125,947.7760620117188,388.26446533203125,2824.489990234375,13.5600004196167
2021-07-09,508.0563659667969,702.7838745117188,2247.814453125,612.4345092773438,1361.242919921875,158.541015625,1409.2691650390625,938.0836181640625,387.6241149902344,2780.84619140625,12.9399995803833
2021-07-12,501.8034362792969,695.765380859375,2241.121337890625,619.8195190429688,1348.1346435546875,158.3441619873047,1410.3499755859375,943.92626953125,391.0086975097656,2767.801025390625,12.989999771118164
2021-07-13,502.1824035644531,702.7136840820312,2234.2900390625,637.7548217773438,1345.6090087890625,158.93472290039062,1422.426025390625,950.9918212890625,392.5180358886719,2762.99072265625,12.619999885559082
2021-07-14,502.1824035644531,701.4503784179688,2214.255126953125,637.1792602539062,1373.4364013671875,160.70632934570312,1451.6524658203125,944.7867431640625,394.3017578125,2786.3935546875,12.59000015258789
2021-07-15,497.8241882324219,711.5335083007812,2211.962890625,640.152587890625,1376.8333740234375,162.39923095703125,1512.4083251953125,943.1336669921875,394.8963928222656,2782.39794921875,12.270000457763672
2021-07-16,512.69873046875,712.3056030273438,2216.5927734375,633.294921875,1354.754150390625,163.69842529296875,1521.2420654296875,956.7437744140625,393.34130859375,2775.318115234375,11.710000038146973
2021-07-19,510.1407165527344,688.279052734375,2208.570068359375,629.0748901367188,1342.7783203125,163.580322265625,1512.6431884765625,950.6520385742188,391.4203186035156,2766.45751953125,12.680000305175781
2021-07-20,498.1084899902344,675.2479858398438,2232.639892578125,615.6475219726562,1350.051025390625,162.83230590820312,1494.5528564453125,948.3195190429688,385.0171203613281,2784.873291015625,13.210000038146973
2021-07-22,517.9569702148438,677.8448486328125,2180.603759765625,629.1228637695312,1385.0203857421875,162.98976135253906,1543.232666015625,960.5029907226562,386.0690612792969,2794.0380859375,11.890000343322754
2021-07-23,519.472900390625,675.0608520507812,2162.21875,648.976318359375,1385.2381591796875,167.24168395996094,1514.663818359375,953.7092895507812,392.3350830078125,2790.998291015625,11.760000228881836
2021-07-26,515.4462890625,671.22412109375,2153.599853515625,649.0720825195312,1396.952880859375,166.2574462890625,1501.365966796875,940.6426391601562,387.21246337890625,2777.706787109375,12.449999809265137
2021-07-27,512.13037109375,673.6572265625,2147.822998046875,649.7435302734375,1395.777099609375,164.28895568847656,1511.37451171875,930.746337890625,393.2955627441406,2765.0234375,13.229999542236328
2021-07-28,538.0422973632812,663.15283203125,2165.24462890625,657.03271484375,1398.433349609375,164.64328002929688,1515.1285400390625,922.7522583007812,389.2249450683594,2777.923583984375,13.6899995803833
2021-07-29,537.3319091796875,663.5973510742188,2140.80859375,661.313232421875,1408.362548828125,162.2417449951172,1516.8392333984375,929.9536743164062,403.9066467285156,2776.186767578125,12.949999809265137
2021-07-30,532.1210327148438,667.4341430664062,2139.47900390625,656.5037231445312,1402.701171875,161.37559509277344,1522.0189208984375,921.8238525390625,394.98785400390625,2751.558837890625,12.800000190734863
2021-08-02,535.4369506835938,665.6561279296875,2139.0205078125,655.4456176757812,1421.03515625,163.22598266601562,1533.8990478515625,938.67236328125,397.82354736328125,2796.687744140625,12.8100004196167
2021-08-03,549.6956787109375,671.2942504882812,2188.5810546875,664.102783203125,1441.6337890625,165.27320861816406,1553.287109375,945.579345703125,408.4346008300781,2853.587890625,13.75
2021-08-04,544.2006225585938,685.6119995117188,2179.64111328125,687.4291381835938,1436.451416015625,164.24961853027344,1542.6903076171875,952.8260498046875,417.9937744140625,2844.07568359375,13.210000038146973
2021-08-05,567.22314453125,694.7593383789062,2161.852294921875,675.69384765625,1440.196533203125,169.4857177734375,1546.6820068359375,966.6400756835938,404.1810607910156,2852.762451171875,12.869999885559082
2021-08-06,575.9393920898438,698.4091186523438,2174.506103515625,671.07666015625,1437.2786865234375,168.69834899902344,1530.4775390625,946.1681518554688,398.5096130371094,2875.21923828125,12.609999656677246
2021-08-09,567.744140625,703.6729125976562,2186.42626953125,676.0784912109375,1448.6885986328125,168.3440399169922,1518.2174072265625,940.7784423828125,396.4514465332031,2886.424560546875,12.609999656677246
2021-08-10,589.4874877929688,705.4275512695312,2183.95068359375,674.2027587890625,1460.8387451171875,165.2338409423828,1509.6636962890625,945.7152709960938,390.0939636230469,2896.154296875,12.710000038146973
2021-08-11,588.2086181640625,699.4852294921875,2191.8818359375,667.1327514648438,1461.099853515625,164.28895568847656,1504.769287109375,958.9630737304688,391.5575256347656,2905.101806640625,12.710000038146973
2021-08-12,590.3876342773438,702.503173828125,2193.578369140625,674.6356201171875,1471.5953369140625,164.48580932617188,1542.927734375,955.8832397460938,390.7342834472656,2911.65966796875,12.369999885559082
2021-08-13,603.5567626953125,714.10693359375,2204.764892578125,677.9542236328125,1491.2791748046875,166.49365234375,1585.6483154296875,971.8032836914062,394.4389953613281,3008.650146484375,12.989999771118164
2021-08-16,600.7145385742188,716.1657104492188,2224.845458984375,675.8861694335938,1484.485595703125,166.06057739257812,1573.9583740234375,984.4169921875,388.6303405761719,3016.9462890625,13.460000038146973
2021-08-17,593.4193725585938,708.7027587890625,2277.477294921875,674.4913940429688,1516.92919921875,164.72203063964844,1557.46875,980.2275390625,385.56597900390625,3086.529541015625,13.40999984741211
2021-08-18,590.1981811523438,707.9307861328125,2279.540771484375,662.0827026367188,1509.787109375,164.52517700195312,1551.8616943359375,984.0321044921875,383.91943359375,3093.04443359375,12.90999984741211
2021-08-20,581.4344482421875,708.7495727539062,2401.81396484375,654.772216796875,1509.351806640625,164.48580932617188,1514.5582275390625,972.9808959960938,372.0277099609375,3092.1318359375,14.020000457763672
2021-08-23,589.9138793945312,713.3583984375,2415.337890625,656.6961059570312,1514.4034423828125,162.4385986328125,1502.345703125,979.3670654296875,374.5889892578125,3159.803466796875,13.6899995803833
2021-08-24,587.4979858398438,729.384033203125,2414.283935546875,667.99853515625,1498.81298828125,162.00552368164062,1526.1533203125,989.0369262695312,381.99847412109375,3138.781005859375,13.1899995803833
2021-08-25,580.2501831054688,728.7054443359375,2425.287109375,664.72802734375,1511.616455078125,162.51736450195312,1514.74853515625,997.5970458984375,380.7635498046875,3178.56787109375,13.5
2021-08-26,556.0435180664062,727.489013671875,2444.9091796875,672.1828002929688,1504.7791748046875,161.10006713867188,1516.6016845703125,1010.210693359375,375.7323913574219,3189.730712890625,13.539999961853027
2021-08-27,563.8597412109375,724.517822265625,2455.5,673.0966186523438,1488.3179931640625,162.1236572265625,1556.8511962890625,1008.829345703125,377.2875061035156,3231.68896484375,13.40999984741211
2021-08-30,587.82958984375,733.7821655273438,2464.43994140625,686.4672241210938,1478.9549560546875,163.77716064453125,1577.760009765625,1028.23681640625,386.6636657714844,3215.31396484375,13.319999694824219
2021-08-31,629.1372680664062,739.9349975585938,2497.816650390625,691.6614379882812,1486.27099609375,166.3755340576172,1589.259765625,1022.756591796875,389.7280578613281,3289.283203125,14.520000457763672
2021-09-01,631.3636474609375,738.85888671875,2505.88525390625,692.4791870117188,1461.274169921875,164.95823669433594,1602.7554931640625,1026.810302734375,393.24981689453125,3227.17138671875,14.1899995803833
2021-09-02,631.4585571289062,743.4911499023438,2568.374267578125,697.5291137695312,1471.1597900390625,165.15509033203125,1602.5653076171875,1039.1749267578125,393.1126403808594,3332.978759765625,14.239999771118164
2021-09-03,623.8317260742188,737.431884765625,2536.8779296875,696.71142578125,1481.2193603515625,165.82437133789062,1607.6025390625,1081.79443359375,394.6219482421875,3337.582763671875,14.539999961853027
2021-09-06,620.1841430664062,732.5889892578125,2549.623046875,693.6814575195312,1507.130859375,164.80076599121094,1610.1685791015625,1098.5977783203125,394.3017578125,3346.226806640625,15.109999656677246
2021-09-07,635.2954711914062,734.2500610351562,2546.9638671875,689.5933837890625,1486.4451904296875,166.7299041748047,1598.28857421875,1105.52734375,392.5180358886719,3314.865966796875,14.899999618530273
2021-09-08,632.737548828125,737.5956420898438,2568.236572265625,693.4891357421875,1474.7742919921875,166.33616638183594,1583.89013671875,1101.2021484375,394.57623291015625,3278.598388671875,14.40999984741211
2021-09-09,650.0753784179688,733.9458618164062,2577.1767578125,692.8157348632812,1473.3370361328125,167.43853759765625,1587.216552734375,1098.5977783203125,395.4452209472656,3293.583251953125,13.9399995803833
2021-09-13,656.8494262695312,727.8399047851562,2554.8955078125,680.455322265625,1473.598388671875,168.61959838867188,1588.7845458984375,1074.1175537109375,395.9483337402344,3340.44970703125,14.029999732971191
2021-09-14,657.7021484375,724.5645141601562,2533.072265625,680.5032958984375,1468.5904541015625,170.15501403808594,1612.30712890625,1072.7135009765625,396.0855712890625,3375.67529296875,13.579999923706055
2021-09-15,687.3565063476562,723.7457885742188,2544.901123046875,687.1405029296875,1490.625732421875,170.0762939453125,1631.837890625,1077.1748046875,406.01055908203125,3435.3115234375,13.729999542236328
2021-09-16,680.8192749023438,729.8986206054688,2538.298828125,699.5010986328125,1482.6129150390625,181.69027709960938,1635.876953125,1099.775146484375,424.16827392578125,3390.791015625,14.40999984741211
2021-09-17,689.8671875,740.2860107421875,2496.1201171875,692.7196044921875,1473.07568359375,182.00526428222656,1631.077392578125,1082.7227783203125,415.38671875,3325.247802734375,15.229999542236328
2021-09-20,686.83544921875,729.8517456054688,2567.732421875,682.9561767578125,1470.0706787109375,184.05245971679688,1619.815185546875,1084.444091796875,400.15618896484375,3321.46875,17.489999771118164
2021-09-21,688.4461059570312,726.1554565429688,2578.8271484375,684.7357177734375,1496.72265625,190.1547393798828,1635.54443359375,1089.1317138671875,401.3910827636719,3355.73876953125,16.520000457763672
2021-09-22,688.540771484375,717.6162109375,2553.19873046875,676.5595092773438,1495.3726806640625,191.72950744628906,1626.0404052734375,1100.81689453125,401.43682861328125,3355.0439453125,16.489999771118164
2021-09-23,688.5881958007812,734.6009521484375,2551.181884765625,689.6896362304688,1517.7132568359375,190.94210815429688,1681.9239501953125,1127.7203369140625,411.4532775878906,3361.21142578125,16.600000381469727
2021-09-24,700.5257568359375,749.36328125,2518.4931640625,695.4129638671875,1536.264892578125,187.75318908691406,1681.0211181640625,1124.459228515625,403.1748352050781,3362.99267578125,16.920000076293945
2021-09-27,697.4141845703125,760.3822631835938,2484.429443359375,702.1943969726562,1499.074462890625,187.95005798339844,1653.3167724609375,1143.3685302734375,408.526123046875,3333.15283203125,18.049999237060547
2021-09-28,671.9326171875,755.6798095703125,2497.587158203125,689.8338623046875,1469.4178466796875,187.20204162597656,1650.9884033203125,1154.057373046875,406.9710388183594,3282.94189453125,18.540000915527344
2021-09-29,669.9539794921875,745.7603759765625,2462.239501953125,682.4752197265625,1473.9033203125,187.4776153564453,1635.6392822265625,1144.9088134765625,420.7837219238281,3294.01806640625,18.84000015258789
2021-09-30,664.3557739257812,746.2750854492188,2477.36865234375,674.1547241210938,1459.052978515625,185.94219970703125,1618.4844970703125,1141.0135498046875,414.3804931640625,3279.81494140625,18.399999618530273
2021-10-01,652.3871459960938,740.5432739257812,2479.431884765625,665.9784545898438,1450.2999267578125,185.31228637695312,1612.73486328125,1143.0289306640625,413.14556884765625,3240.4189453125,17.209999084472656
2021-10-04,657.69580078125,741.9703369140625,2463.064697265625,673.529541015625,1462.14501953125,186.2965087890625,1630.174560546875,1157.7261962890625,423.6651611328125,3277.86083984375,16.739999771118164
2021-10-05,674.9248046875,746.509033203125,2483.64990234375,670.5474853515625,1474.38232421875,184.8004608154297,1631.5526123046875,1181.75341796875,425.0830383300781,3329.981689453125,16.399999618530273
2021-10-06,667.347900390625,755.6096801757812,2462.9267578125,663.237060546875,1457.6160888671875,182.083984375,1610.9765625,1159.402099609375,418.22247314453125,3310.522705078125,17.329999923706055
2021-10-07,668.4096069335938,753.5509033203125,2447.660400390625,675.4533081054688,1472.814453125,183.42254638671875,1627.513427734375,1165.0860595703125,418.86273193359375,3381.75634765625,16.15999984741211
2021-10-08,671.3052978515625,749.8778686523438,2420.748291015625,676.6076049804688,1501.426025390625,182.43832397460938,1641.246826171875,1209.85693359375,418.9542236328125,3418.893310546875,15.649999618530273
2021-10-11,666.8169555664062,764.4529418945312,2425.37841796875,686.1304931640625,1472.770751953125,187.43821716308594,1631.742919921875,1201.4327392578125,429.2451477050781,3201.675048828125,16.09000015258789
2021-10-12,662.4735717773438,762.4877319335938,2453.849365234375,681.6094360351562,1467.7193603515625,189.99725341796875,1632.978271484375,1208.29443359375,441.8229064941406,3173.2255859375,15.850000381469727
2021-10-13,665.9000854492188,767.0731811523438,2426.8916015625,682.9081420898438,1488.6661376953125,196.21763610839844,1665.1494140625,1220.591064453125,440.63372802734375,3175.266845703125,16.100000381469727
2021-10-14,661.9426879882812,789.5322875976562,2429.458984375,699.5972900390625,1494.37109375,202.0049591064453,1700.5517578125,1223.0594482421875,448.7750244140625,3143.28125,15.770000457763672
2021-10-18,656.923583984375,781.53125,2433.53955078125,717.055908203125,1560.9132080078125,206.72927856445312,1699.743896484375,1226.3206787109375,455.4984130859375,3174.353271484375,17.18000030517578
2021-10-19,657.40625,790.1405639648438,2335.244140625,718.9797973632812,1587.042724609375,193.65863037109375,1754.487060546875,1237.3037109375,446.57958984375,3163.03759765625,17.3799991607666
2021-10-20,683.8047485351562,783.1922607421875,2272.75537109375,717.4406127929688,1569.79736328125,194.17044067382812,1717.088623046875,1223.0594482421875,457.2821350097656,3141.01806640625,18.309999465942383
2021-10-21,671.836181640625,784.3386840820312,2242.588134765625,726.72314453125,1527.380859375,192.6743927001953,1716.185791015625,1187.7772216796875,460.0721435546875,3074.5654296875,18.040000915527344
2021-10-22,670.3400268554688,786.4207763671875,2250.24462890625,730.3782958984375,1497.898681640625,186.2965087890625,1703.3553466796875,1189.9964599609375,460.0721435546875,3045.278076171875,17.549999237060547
2021-10-25,667.0582885742188,775.3081665039062,2251.84912109375,809.6398315429688,1487.229248046875,183.77688598632812,1695.6572265625,1178.4017333984375,463.3194580078125,3040.142333984375,17.610000610351562
2021-10-26,671.98095703125,773.3196411132812,2248.158935546875,797.808349609375,1497.0267333984375,186.37527465820312,1707.156982421875,1205.237060546875,468.85369873046875,3031.134521484375,16.75
2021-10-27,677.9169921875,768.6640014648438,2211.02587890625,803.1950073242188,1519.2135009765625,187.75318908691406,1696.037353515625,1189.9964599609375,474.8910217285156,3037.35791015625,16.829999923706055
2021-10-28,665.7553100585938,745.6433715820312,2204.61328125,768.277587890625,1497.2022705078125,177.2415313720703,1724.26416015625,1176.95263671875,458.6085510253906,2978.0849609375,17.90999984741211
2021-10-29,661.50830078125,740.613525390625,2207.8427734375,771.5,1465.4375,175.7454833984375,1679.0252685546875,1148.7130126953125,459.3403015136719,2957.283935546875,17.43000030517578
2021-11-01,687.7138671875,751.1178588867188,2220.712646484375,773.279541015625,1493.8194580078125,178.6194610595703,1706.3016357421875,1149.4150390625,471.73516845703125,3025.73779296875,17.239999771118164
2021-11-02,689.1134643554688,751.7963256835938,2231.598876953125,770.44189453125,1491.93017578125,177.63525390625,1725.594970703125,1132.6571044921875,477.2236328125,3032.526611328125,17.059999465942383
2021-11-03,674.7799682617188,739.9584350585938,2224.6337890625,756.0133056640625,1495.9720458984375,175.1549530029297,1795.781982421875,1124.8670654296875,482.6664123535156,3039.533203125,16.1299991607666
2021-11-04,676.71044921875,745.8071899414062,2235.243408203125,752.3098754882812,1501.4197998046875,178.3832550048828,1814.26708984375,1131.77392578125,485.2276306152344,3053.807373046875,15.75
2021-11-08,684.335693359375,748.7549438476562,2243.592041015625,750.4342651367188,1526.726318359375,180.94227600097656,1829.093505859375,1133.1781005859375,478.6415100097656,3048.671630859375,16.34000015258789
2021-11-09,688.3895263671875,735.65380859375,2242.89990234375,756.59033203125,1531.119873046875,180.11550903320312,1847.1986083984375,1142.1231689453125,484.03851318359375,3051.239990234375,16.0
2021-11-10,709.865478515625,727.699462890625,2214.30029296875,751.1555786132812,1529.0545654296875,181.76904296875,1853.4237060546875,1154.8955078125,479.6934814453125,3032.614013671875,16.309999465942383
2021-11-11,703.2537841796875,724.4475708007812,2192.205078125,742.0655517578125,1523.03564453125,181.0997314453125,1835.888671875,1157.00146484375,466.1551513671875,3036.008544921875,16.350000381469727
2021-11-12,717.6354370117188,726.6466674804688,2218.72900390625,747.0193481445312,1564.246337890625,183.38316345214844,1862.737548828125,1174.46142578125,467.7559814453125,3068.951904296875,15.220000267028809
2021-11-15,711.8924560546875,728.63525390625,2236.99560546875,743.8451538085938,1570.353271484375,187.4776153564453,1850.4775390625,1167.5318603515625,463.36517333984375,3092.669189453125,15.470000267028809
2021-11-16,704.8946533203125,724.3071899414062,2220.297119140625,734.9474487304688,1574.878662109375,185.39105224609375,1858.3182373046875,1140.4022216796875,452.8913269042969,3095.367431640625,15.199999809265137
2021-11-17,695.001220703125,716.2593383789062,2205.99755859375,732.3021240234375,1570.6168212890625,188.5799560546875,1856.037353515625,1115.9898681640625,455.68133544921875,3065.33984375,14.979999542236328
2021-11-18,689.4994506835938,720.2832641601562,2213.608642578125,733.84130859375,1563.54345703125,187.00518798828125,1802.909912109375,1120.2017822265625,460.849609375,3025.128662109375,14.859999656677246
2021-11-22,716.2841186523438,709.0302734375,2203.598876953125,723.3564453125,1545.969482421875,181.8084259033203,1772.021728515625,1070.5848388671875,444.93304443359375,3010.071533203125,17.520000457763672
2021-11-23,732.4996948242188,709.1239013671875,2208.811279296875,723.2120971679688,1526.1990966796875,182.35958862304688,1792.7880859375,1080.59423828125,451.0160827636719,3015.1630859375,18.020000457763672
2021-11-24,732.4996948242188,710.293701171875,2190.8671875,731.244140625,1490.2607421875,179.28875732421875,1770.1209716796875,1064.9912109375,451.10760498046875,2996.928955078125,17.100000381469727
2021-11-25,738.5323486328125,713.989990234375,2167.157470703125,722.4425659179688,1513.458251953125,182.1233673095703,1758.1461181640625,1129.1016845703125,448.7292175292969,2999.19091796875,16.65999984741211
2021-11-26,713.0506591796875,697.122314453125,2154.28759765625,694.6915283203125,1486.438232421875,176.37539672851562,1689.954833984375,1092.709716796875,430.3885498046875,3000.01904296875,20.799999237060547
2021-11-29,713.6297607421875,702.432861328125,2149.029296875,691.0362548828125,1490.568115234375,174.40692138671875,1679.5953369140625,1105.7991943359375,425.448974609375,3048.01904296875,20.829999923706055
2021-11-30,702.9158935546875,698.8301391601562,2138.096435546875,687.1405029296875,1504.890869140625,174.13134765625,1677.2196044921875,1089.4486083984375,421.28680419921875,3071.649658203125,21.170000076293945
2021-12-01,697.1246948242188,704.0238647460938,2163.282470703125,699.9819946289062,1506.867919921875,174.72189331054688,1697.4154052734375,1117.3485107421875,434.77935791015625,3113.992919921875,19.450000762939453
2021-12-02,707.0663452148438,713.8965454101562,2198.755126953125,694.8839111328125,1536.17236328125,177.51712036132812,1700.4566650390625,1124.52734375,436.33441162109375,3170.65380859375,18.09000015258789
2021-12-03,693.3603515625,708.1880493164062,2162.17529296875,689.0161743164062,1525.0130615234375,174.5250244140625,1711.9090576171875,1090.7396240234375,432.8126220703125,3168.521728515625,18.450000762939453
2021-12-06,673.3321533203125,703.6260986328125,2127.902099609375,682.5233154296875,1489.6456298828125,171.5723114013672,1694.231689453125,1070.0638427734375,425.6318664550781,3077.95947265625,20.079999923706055
2021-12-07,674.5386352539062,713.8729858398438,2141.83349609375,706.6673583984375,1504.01220703125,173.73764038085938,1708.915283203125,1078.7825927734375,436.0600280761719,3119.824462890625,18.459999084472656
2021-12-08,690.271728515625,727.0210571289062,2159.361328125,724.703125,1540.6536865234375,177.12342834472656,1734.528564453125,1095.200927734375,449.6440124511719,3156.72802734375,17.270000457763672
2021-12-09,689.1134643554688,714.4111328125,2158.57763671875,726.2421875,1549.5281982421875,185.3516845703125,1786.5631103515625,1112.5703125,446.9912414550781,3134.83837890625,16.600000381469727
2021-12-10,685.9765625,712.3992919921875,2152.16552734375,729.1278686523438,1545.837890625,185.90280151367188,1780.48046875,1113.702392578125,452.52545166015625,3165.344970703125,16.059999465942383
2021-12-13,678.640869140625,707.0651245117188,2125.91845703125,725.2802734375,1533.0089111328125,184.72174072265625,1769.1705322265625,1091.37353515625,446.2136535644531,3141.7138671875,16.56999969482422
2021-12-14,667.5408935546875,702.994384765625,2138.788330078125,729.753173828125,1539.5989990234375,179.9973907470703,1773.1622314453125,1078.012451171875,446.8997802734375,3154.02978515625,16.950000762939453
2021-12-15,661.6048583984375,701.8480834960938,2141.233154296875,723.5968627929688,1523.82666015625,176.41476440429688,1787.513427734375,1074.86474609375,443.469482421875,3107.5087890625,17.219999313354492
2021-12-16,657.69580078125,701.8948364257812,2130.669677734375,712.9197387695312,1556.689697265625,175.50927734375,1780.9556884765625,1088.769287109375,440.130615234375,3117.30126953125,15.899999618530273
2021-12-17,642.8797607421875,689.2382202148438,2057.55615234375,700.5591430664062,1599.9652099609375,171.6116943359375,1755.48486328125,1060.0316162109375,427.9187316894531,3119.694091796875,16.34000015258789
2021-12-20,635.35107421875,667.0598754882812,2093.39794921875,682.9081420898438,1580.6781005859375,167.24168395996094,1710.103271484375,1031.45263671875,410.90447998046875,3095.802001953125,18.969999313354492
2021-12-21,643.7966918945312,674.6163940429688,2096.857666015625,692.9119262695312,1591.8375244140625,167.3204345703125,1736.904541015625,1046.806396484375,407.97723388671875,3140.5390625,17.540000915527344
2021-12-22,660.92919921875,676.2071533203125,2101.285888671875,704.8877563476562,1603.34814453125,166.9267120361328,1778.199462890625,1071.64892578125,416.987548828125,3160.078857421875,16.579999923706055
2021-12-23,655.137939453125,675.6925048828125,2122.504638671875,703.4448852539062,1632.257080078125,171.0998992919922,1785.2799072265625,1071.26416015625,422.4302673339844,3187.8876953125,15.829999923706055
2021-12-24,653.4970703125,673.2595825195312,2119.091552734375,699.4048461914062,1637.4415283203125,171.65106201171875,1767.1749267578125,1074.6837158203125,417.9937744140625,3195.0244140625,16.149999618530273
2021-12-27,652.2422485351562,678.8274536132812,2123.197265625,707.9658813476562,1639.7698974609375,171.29673767089844,1773.637451171875,1073.5286865234375,418.9999694824219,3216.957763671875,17.1200008392334
2021-12-28,656.3927612304688,683.5064086914062,2130.30078125,707.7734985351562,1658.969482421875,173.2652130126953,1805.2860107421875,1086.2783203125,421.8814392089844,3226.052978515625,16.479999542236328
2021-12-29,653.3040161132812,680.2545166015625,2128.225341796875,707.67724609375,1656.816650390625,170.6668243408203,1800.866455078125,1088.1353759765625,415.6611328125,3215.738525390625,16.239999771118164
2021-12-30,655.717041015625,683.8340454101562,2145.5234375,707.67724609375,1663.2310791015625,170.0762939453125,1792.1702880859375,1068.478759765625,413.19134521484375,3249.72607421875,16.56999969482422
2021-12-31,660.0122680664062,692.20947265625,2177.39794921875,711.9578247070312,1658.7496337890625,171.69044494628906,1801.8646240234375,1072.5775146484375,421.19537353515625,3253.73046875,16.219999313354492
2022-01-03,667.2513427734375,711.0422973632812,2178.458984375,735.5726928710938,1668.151611328125,172.5172119140625,1827.477783203125,1088.74658203125,430.6629943847656,3322.83740234375,16.450000762939453
2022-01-04,673.1874389648438,715.2066650390625,2215.315673828125,743.4122314453125,1668.7667236328125,173.42269897460938,1841.44873046875,1113.3175048828125,442.2803039550781,3381.151611328125,16.1200008392334
2022-01-05,675.648681640625,732.1913452148438,2228.7392578125,758.0332641601562,1620.878173828125,173.65890502929688,1851.9505615234375,1118.5260009765625,450.4215087890625,3360.43701171875,17.229999542236328
2022-01-06,685.6868896484375,720.4470825195312,2206.22802734375,755.1475830078125,1597.2852783203125,172.20223999023438,1829.0458984375,1094.4761962890625,449.78125,3313.872314453125,17.979999542236328
2022-01-07,680.185302734375,725.5004272460938,2229.061767578125,763.0352172851562,1594.2098388671875,171.9660186767578,1810.41796875,1103.3079833984375,449.36956787109375,3353.95263671875,17.600000381469727
2022-01-10,680.426513671875,729.5242919921875,2220.66650390625,779.8685913085938,1626.2381591796875,175.82423400878906,1856.2274169921875,1104.2139892578125,460.7124328613281,3376.886962890625,17.68000030517578
2022-01-11,678.9786987304688,732.6826782226562,2217.52978515625,779.7724609375,1630.4998779296875,174.76124572753906,1863.878173828125,1112.1627197265625,462.8163757324219,3408.262939453125,17.760000228881836
2022-01-12,704.7982177734375,728.3545532226562,2226.2939453125,792.3734741210938,1649.6990966796875,175.39114379882812,1876.28076171875,1141.851318359375,466.749755859375,3359.523193359375,17.18000030517578
2022-01-13,706.3424682617188,714.94921875,2227.262939453125,793.2872924804688,1666.7017822265625,176.33602905273438,1918.28857421875,1148.2828369140625,467.7559814453125,3392.5966796875,16.700000762939453
2022-01-14,695.5321044921875,722.9737548828125,2180.672607421875,788.766357421875,1695.3033447265625,175.27305603027344,1943.3316650390625,1149.9586181640625,465.0117492675781,3453.740478515625,16.559999465942383
2022-01-17,703.2537841796875,711.9078979492188,2204.521240234375,788.0929565429688,1704.221923828125,176.8478240966797,1966.7587890625,1155.959716796875,470.1800842285156,3498.12841796875,16.770000457763672
2022-01-18,689.4994506835938,715.5341186523438,2186.023681640625,791.7481689453125,1687.7464599609375,173.8163604736328,1921.89990234375,1142.1685791015625,463.5938720703125,3473.2802734375,17.780000686645508
2022-01-19,679.2200317382812,710.480712890625,2131.03857421875,777.800537109375,1640.5609130859375,173.50144958496094,1920.6646728515625,1142.077880859375,471.82659912109375,3413.162353515625,17.81999969482422
2022-01-20,690.5130004882812,706.0591430664062,2086.6630859375,779.3876342773438,1602.469482421875,172.24160766601562,1904.1275634765625,1122.0814208984375,467.8017272949219,3336.34814453125,17.790000915527344
2022-01-21,671.0640258789062,711.9547729492188,2145.338623046875,773.856689453125,1569.0791015625,170.9030303955078,1859.0311279296875,1122.2626953125,459.8434143066406,3342.40869140625,18.889999389648438
2022-01-24,665.9000854492188,695.6016845703125,2107.697998046875,768.0372314453125,1526.111328125,166.76922607421875,1805.666015625,1076.9935302734375,452.0223083496094,3288.220458984375,22.829999923706055
2022-01-25,687.0864868164062,696.2567138671875,2147.0458984375,771.1152954101562,1513.2384033203125,168.7377166748047,1829.80615234375,1074.887451171875,470.7746887207031,3286.9560546875,21.360000610351562
2022-01-27,682.646484375,690.1271362304688,2117.61572265625,764.3818969726562,1474.9713134765625,168.97393798828125,1816.0728759765625,1058.96728515625,483.8555603027344,3181.761474609375,21.06999969482422
2022-01-28,690.8991088867188,684.6527709960938,2106.7294921875,751.3961181640625,1481.6495361328125,171.33609008789062,1803.4326171875,1057.9482421875,478.8244934082031,3217.3349609375,20.700000762939453
2022-01-31,703.9293823242188,695.1571044921875,2097.68798828125,758.7546997070312,1525.583984375,173.38333129882812,1814.5048828125,1080.933837890625,492.4084167480469,3257.6171875,21.950000762939453
2022-02-01,697.8968505859375,700.4443359375,2127.1181640625,779.435791015625,1557.0849609375,179.328125,1891.7723388671875,1077.3558349609375,486.9200134277344,3313.765869140625,19.979999542236328
2022-02-02,699.8272705078125,716.4464721679688,2147.64501953125,782.7544555664062,1570.3094482421875,182.7926483154297,1884.359130859375,1079.552490234375,493.780517578125,3362.199951171875,18.649999618530273
2022-02-03,696.5455932617188,709.0302734375,2120.198486328125,778.1372680664062,1527.64892578125,184.60362243652344,1837.7421875,1065.6025390625,494.0549011230469,3334.6484375,19.15999984741211
2022-02-04,695.14599609375,713.0776977539062,2127.994384765625,774.3856811523438,1529.8895263671875,184.4855194091797,1851.332763671875,1055.887451171875,485.09039306640625,3326.19140625,18.899999618530273
2022-02-07,681.922607421875,686.9454956054688,2082.78857421875,756.4462280273438,1506.955810546875,181.25721740722656,1791.0299072265625,1049.4560546875,487.7889709472656,3294.890380859375,20.440000534057617
2022-02-08,684.2391357421875,683.997802734375,2089.01611328125,762.3137817382812,1508.9769287109375,182.083984375,1782.5714111328125,1067.0972900390625,486.0509033203125,3263.89453125,19.68000030517578
2022-02-09,694.3255615234375,700.72509765625,2101.285888671875,772.221435546875,1526.5506591796875,181.2178497314453,1795.1168212890625,1079.52978515625,489.6184387207031,3278.8037109375,18.559999465942383
2022-02-10,698.8621215820312,713.59228515625,2106.360107421875,774.8186645507812,1554.932373046875,182.8713836669922,1806.71142578125,1078.420166015625,494.46661376953125,3287.347900390625,17.709999084472656
2022-02-11,690.271728515625,710.66796875,2083.15771484375,760.678466796875,1512.5352783203125,183.02883911132812,1778.43701171875,1076.3143310546875,484.45013427734375,3221.607421875,18.68000030517578
2022-02-14,665.7070922851562,689.5424194335938,2055.988037109375,724.9917602539062,1478.1346435546875,176.9430389404297,1709.770751953125,1059.1710205078125,458.6542663574219,3255.4365234375,22.979999542236328
2022-02-15,686.7969360351562,710.1767578125,2112.7724609375,746.4903564453125,1527.38525390625,179.80540466308594,1782.9991455078125,1095.1329345703125,480.0593566894531,3328.71923828125,20.610000610351562
2022-02-16,696.6903686523438,709.217529296875,2109.450927734375,734.9474487304688,1523.03564453125,179.60382080078125,1768.4102783203125,1092.8682861328125,472.6499328613281,3324.622314453125,20.59000015258789
2022-02-17,692.057373046875,704.889404296875,2128.87060546875,721.769287109375,1515.5670166015625,179.523193359375,1776.013427734375,1106.704833984375,469.2196350097656,3299.424560546875,22.010000228881836
2022-02-18,687.7620849609375,707.6265258789062,2133.483642578125,720.3745727539062,1499.8822021484375,178.91848754882812,1789.6993408203125,1098.05419921875,471.3692321777344,3307.881591796875,22.170000076293945
2022-02-21,685.2525634765625,712.1885986328125,2117.1083984375,725.7130737304688,1520.751220703125,175.77389526367188,1771.4990234375,1086.957763671875,468.2134094238281,3242.92529296875,22.899999618530273
2022-02-22,674.9248046875,706.8546142578125,2094.18212890625,722.68310546875,1523.95849609375,173.23403930664062,1752.96630859375,1082.0208740234375,455.9100036621094,3126.96337890625,26.65999984741211
2022-02-23,679.8956909179688,702.2692260742188,2085.371826171875,716.2383422851562,1531.427490234375,174.1209716796875,1730.01416015625,1075.249755859375,456.1844787597656,3107.25830078125,24.540000915527344
2022-02-24,647.5610961914062,664.1354370117188,2003.26318359375,680.455322265625,1474.576171875,168.114013671875,1670.1865234375,1021.6695556640625,432.35528564453125,2965.880615234375,31.979999542236328
2022-02-25,664.693603515625,681.307373046875,2002.617431640625,702.2424926757812,1489.0306396484375,172.50839233398438,1688.9093017578125,1034.44189453125,441.77716064453125,3069.723388671875,26.739999771118164
2022-02-28,662.6183471679688,667.340576171875,2003.909423828125,714.41064453125,1507.4830322265625,174.0403594970703,1726.6402587890625,1068.682373046875,442.005859375,3098.887939453125,28.56999969482422
2022-03-02,650.7944946289062,643.0098266601562,1982.6900634765625,687.6213989257812,1496.2359619140625,173.5968780517578,1695.989990234375,1086.3463134765625,433.81884765625,3091.869384765625,29.229999542236328
2022-03-03,648.6710205078125,641.4891967773438,1929.089111328125,671.7018432617188,1512.09619140625,176.9027099609375,1665.386962890625,1077.1748046875,427.5528564453125,3090.343994140625,28.15999984741211
2022-03-04,630.9593505859375,639.3836059570312,1863.125244140625,661.8422241210938,1514.249267578125,181.82118225097656,1626.8482666015625,1053.283447265625,422.5674743652344,3072.862548828125,27.959999084472656
2022-03-07,651.9044799804688,619.8722534179688,1793.4251708984375,628.8488159179688,1528.7911376953125,181.37770080566406,1553.382080078125,1014.3323974609375,402.76318359375,3038.466064453125,29.329999923706055
2022-03-08,659.2401123046875,621.27587890625,1798.0841064453125,639.6702270507812,1562.48876953125,182.94998168945312,1576.2392578125,1012.4979248046875,402.76318359375,3138.77734375,28.59000015258789
2022-03-09,667.4443969726562,641.559326171875,1843.19775390625,642.0269775390625,1593.3748779296875,184.84478759765625,1607.079833984375,1066.2139892578125,413.19134521484375,3167.245361328125,27.469999313354492
2022-03-10,673.4769287109375,651.642578125,1939.1910400390625,650.828369140625,1604.40283203125,187.0621337890625,1642.4822998046875,1083.4927978515625,428.7420349121094,3157.087158203125,25.579999923706055
2022-03-11,670.6778564453125,653.5609130859375,1932.225341796875,652.0789794921875,1600.9757080078125,190.56954956054688,1642.9100341796875,1086.617919921875,430.25140380859375,3138.080078125,25.350000381469727
2022-03-14,676.0348510742188,674.96728515625,1899.8433837890625,669.6337280273438,1661.3419189453125,192.70623779296875,1660.1121826171875,1095.5404052734375,443.78961181640625,3176.31201171875,25.68000030517578
2022-03-15,678.640869140625,666.2877807617188,1880.377197265625,670.7880249023438,1616.17724609375,191.77899169921875,1656.975830078125,1070.4488525390625,444.429931640625,3133.501953125,26.729999542236328
2022-03-16,687.2312622070312,677.5875244140625,1911.698486328125,681.0323486328125,1660.199462890625,195.6089324951172,1669.093505859375,1088.520263671875,450.74169921875,3187.559326171875,24.1200008392334
2022-03-17,697.7521362304688,692.5135498046875,1939.283203125,692.6715087890625,1629.62109375,197.4634552001953,1699.22119140625,1124.006591796875,459.1116638183594,3202.252197265625,22.610000610351562
2022-03-21,683.5634765625,695.5314331054688,1892.370361328125,683.6776733398438,1628.259033203125,197.14089965820312,1669.1885986328125,1117.52978515625,448.7750244140625,3162.100341796875,24.6200008392334
2022-03-22,694.2291259765625,699.11083984375,1839.1385498046875,690.8438720703125,1658.442138671875,201.37399291992188,1686.0582275390625,1146.4033203125,451.6107482910156,3226.838134765625,24.06999969482422
2022-03-23,680.426513671875,692.1390991210938,1825.3463134765625,690.9400024414062,1645.2618408203125,203.18817138671875,1679.5953369140625,1150.049072265625,448.82073974609375,3236.821533203125,24.75
2022-03-24,681.7777709960938,675.0140380859375,1813.67578125,677.3771362304688,1657.8271484375,205.48614501953125,1683.6822509765625,1167.916748046875,445.5733642578125,3269.474853515625,23.93000030517578
2022-03-25,684.6734008789062,669.5162353515625,1801.7744140625,672.6156616210938,1648.908447265625,204.27667236328125,1664.2464599609375,1175.7069091796875,448.8664855957031,3232.505615234375,23.43000030517578
2022-03-28,707.5489501953125,670.4052734375,1822.1632080078125,683.2928466796875,1646.579833984375,207.260009765625,1655.2176513671875,1187.5281982421875,455.0867614746094,3232.72412109375,22.610000610351562
2022-03-29,728.6871337890625,679.2954711914062,1833.188232421875,688.0543823242188,1657.2120361328125,205.28456115722656,1660.0172119140625,1187.7999267578125,452.7998962402344,3230.67529296875,21.299999237060547
2022-03-30,723.4268188476562,691.06298828125,1859.80419921875,703.0601806640625,1672.984619140625,200.93052673339844,1685.6304931640625,1210.626953125,452.1595458984375,3253.5185546875,20.610000610351562
2022-03-31,728.6871337890625,687.9749145507812,1890.0179443359375,702.4830322265625,1675.53271484375,202.09967041015625,1679.9755859375,1193.325439453125,451.4734802246094,3260.842529296875,20.559999465942383
2022-04-01,732.1135864257812,704.6554565429688,1917.2340087890625,708.206298828125,1672.633056640625,204.2363739013672,1701.31201171875,1202.8819580078125,464.87457275390625,3277.234375,18.43000030517578
2022-04-04,741.0901489257812,775.2146606445312,1963.6387939453125,718.1620483398438,1654.5321044921875,205.9699249267578,1735.7640380859375,1206.4375,468.7165222167969,3287.347900390625,17.90999984741211
2022-04-05,739.9318237304688,752.4981079101562,1974.110107421875,713.5448608398438,1635.33251953125,209.1951141357422,1744.983154296875,1189.3851318359375,465.97222900390625,3326.10400390625,18.489999771118164
2022-04-06,748.6670532226562,725.6406860351562,1976.185791015625,713.3524780273438,1606.99462890625,209.31605529785156,1760.90234375,1186.21484375,470.1343688964844,3274.26953125,19.020000457763672
2022-04-07,735.8779907226562,709.6853637695312,1997.17431640625,720.0377807617188,1591.31005859375,206.9375,1735.7166748046875,1165.2900390625,471.0491027832031,3212.19140625,19.0
2022-04-08,735.58837890625,708.7027587890625,2014.0111083984375,725.5687866210938,1594.473388671875,215.927734375,1739.94580078125,1184.6748046875,472.10101318359375,3213.498779296875,17.690000534057617
2022-04-11,731.6792602539062,700.0466918945312,1995.5595703125,730.6669311523438,1552.25244140625,215.6858673095703,1693.1387939453125,1182.2064208984375,471.0033874511719,3222.87158203125,18.270000457763672
2022-04-12,715.849853515625,698.8068237304688,1967.144775390625,734.7550659179688,1531.075927734375,213.50885009765625,1661.0150146484375,1159.9454345703125,469.12811279296875,3218.25048828125,18.15999984741211
2022-04-13,714.8846435546875,685.4481811523438,1985.50390625,733.2160034179688,1536.4359130859375,217.33877563476562,1673.4654541015625,1155.68798828125,473.56463623046875,3192.8349609375,17.790000915527344
2022-04-18,704.1224365234375,652.9292602539062,2009.029296875,728.9354858398438,1424.7103271484375,217.78225708007812,1652.1287841796875,1152.1552734375,466.063720703125,3076.08837890625,19.34000015258789
2022-04-19,698.3312377929688,628.013671875,1949.431396484375,737.1116943359375,1372.5159912109375,210.8883514404297,1621.145751953125,1196.0655517578125,468.1676025390625,3027.13134765625,19.770000457763672
2022-04-20,713.6297607421875,633.6752319335938,1997.312744140625,726.7711791992188,1395.098388671875,209.2757568359375,1607.69775390625,1231.234619140625,465.8807678222656,3101.155029296875,18.670000076293945
2022-04-21,710.1549682617188,643.0565795898438,2027.7576904296875,733.3121948242188,1422.42578125,209.96112060546875,1629.4617919921875,1260.06298828125,472.28399658203125,3163.800537109375,17.850000381469727
2022-04-22,713.0506591796875,634.2835083007812,1962.255126953125,719.172119140625,1393.12109375,210.52554321289062,1610.3111572265625,1249.5098876953125,457.9224853515625,3149.762939453125,18.350000381469727
2022-04-25,713.6297607421875,639.0326538085938,1938.083740234375,723.5487670898438,1371.7252197265625,205.8086700439453,1575.146484375,1220.61376953125,452.5711975097656,3093.6572265625,21.260000228881836
2022-04-26,729.9901733398438,641.98046875,1981.998291015625,725.0397338867188,1389.211181640625,208.7919921875,1615.633544921875,1257.1416015625,462.4047546386719,3092.00048828125,19.190000534057617
2022-04-27,726.3223266601562,642.2144165039062,1978.9998779296875,708.6392211914062,1364.4320068359375,207.62283325195312,1593.869384765625,1258.364501953125,454.8580322265625,3104.991943359375,20.610000610351562
2022-04-28,721.3514404296875,641.6528930664062,2068.258056640625,718.6912231445312,1390.616943359375,210.52554321289062,1633.9761962890625,1277.16064453125,464.2342224121094,3125.132080078125,19.3799991607666
2022-04-29,713.2920532226562,647.8526000976562,2061.80078125,714.98779296875,1377.3927001953125,209.2757568359375,1610.3111572265625,1263.7542724609375,453.9890441894531,3092.349365234375,19.420000076293945
2022-05-02,715.5602416992188,656.7894287109375,2057.787353515625,712.775390625,1354.0634765625,212.17845153808594,1596.1502685546875,1259.315673828125,449.1408996582031,3088.599853515625,20.280000686645508
2022-05-04,697.2694702148438,634.470703125,2003.4017333984375,696.6633911132812,1349.2745361328125,209.43702697753906,1552.906982421875,1220.0023193359375,438.75848388671875,3033.975341796875,21.8799991607666
2022-05-05,693.9395141601562,633.0435791015625,1998.8349609375,701.0401000976562,1392.8577880859375,211.29151916503906,1556.423583984375,1196.1109619140625,439.0787048339844,3063.314453125,20.290000915527344
2022-05-06,685.5421752929688,616.5033569335938,1982.7822265625,691.8538818359375,1355.6888427734375,215.00050354003906,1541.9774169921875,1186.9393310546875,442.6919250488281,2992.86572265625,21.25
2022-05-09,686.7487182617188,617.5560913085938,1952.7528076171875,683.2928466796875,1379.85302734375,212.01719665527344,1535.989990234375,1140.583251953125,435.32818603515625,3003.764404296875,22.030000686645508
2022-05-10,694.6151733398438,627.4756469726562,2011.5662841796875,684.2066650390625,1364.6077880859375,209.43702697753906,1528.1966552734375,1120.813232421875,434.6878967285156,2998.2275390625,22.299999237060547
2022-05-11,697.7037963867188,631.0082397460938,1995.9749755859375,686.9962768554688,1341.5419921875,206.13116455078125,1492.8892822265625,1109.3319091796875,435.92279052734375,2974.905029296875,22.799999237060547
2022-05-12,680.86083984375,616.7843627929688,1973.1875,669.2970581054688,1325.7696533203125,203.91383361816406,1450.453857421875,1086.7313232421875,423.2077941894531,2971.983642578125,24.270000457763672
2022-05-13,665.9000854492188,611.2462768554688,2024.2056884765625,651.5498657226562,1321.9033203125,208.509765625,1458.3897705078125,1099.0506591796875,406.74237060546875,2977.432861328125,23.489999771118164
2022-05-16,669.085205078125,617.7546997070312,2045.5626220703125,656.9845581054688,1308.459228515625,204.88140869140625,1466.3731689453125,1099.3223876953125,416.2099914550781,2944.21435546875,24.530000686645508
2022-05-17,682.4534301757812,621.9674682617188,2071.1640625,682.9561767578125,1334.2490234375,213.42822265625,1524.5374755859375,1145.497314453125,427.46136474609375,3009.431884765625,22.739999771118164
2022-05-18,671.9326171875,621.9201049804688,2113.97119140625,680.4071044921875,1326.120849609375,215.1214599609375,1494.5048828125,1149.664306640625,418.9542236328125,3006.990234375,22.299999237060547
2022-05-19,650.7944946289062,609.2109985351562,2089.20068359375,664.0065307617188,1254.0245361328125,222.2572021484375,1471.17236328125,1123.16845703125,409.349365234375,2844.07763671875,24.559999465942383
2022-05-20,663.9696655273438,625.257080078125,2145.84619140625,682.5233154296875,1278.627685546875,225.7646484375,1530.239990234375,1188.660400390625,422.9791259765625,2871.14892578125,23.100000381469727
2022-05-23,661.9909057617188,617.2340698242188,2195.526611328125,683.9662475585938,1290.2705078125,221.3299560546875,1562.6011962890625,1180.7117919921875,421.6069641113281,2896.21630859375,23.399999618530273
2022-05-24,654.6071166992188,624.3104248046875,2130.80810546875,681.1766967773438,1266.1944580078125,218.386962890625,1545.636474609375,1184.7652587890625,422.658935546875,2866.79052734375,25.639999389648438
2022-05-25,664.2592163085938,628.972900390625,2120.705810546875,686.1785888671875,1239.350341796875,219.87863159179688,1496.6434326171875,1183.0216064453125,421.8692932128906,2780.4609375,25.280000686645508
2022-05-26,669.5196533203125,646.9124145507812,2103.638671875,700.75146484375,1251.2125244140625,220.28395080566406,1486.94921875,1171.7440185546875,435.6188049316406,2832.51318359375,22.719999313354492
2022-05-27,660.5913696289062,658.9115600585938,2150.13623046875,711.62109375,1284.0758056640625,222.34884643554688,1520.926025390625,1166.3089599609375,435.665283203125,2862.664794921875,21.479999542236328
2022-05-30,674.7317504882812,663.4082641601562,2167.06494140625,719.98974609375,1341.586181640625,222.22496032714844,1578.4727783203125,1206.935791015625,440.9142761230469,2962.68603515625,19.979999542236328
2022-05-31,675.841796875,657.4441528320312,2171.0322265625,724.1740112304688,1335.1925048828125,223.5464630126953,1572.437744140625,1192.3743896484375,434.8756103515625,2953.119140625,20.479999542236328
2022-06-01,670.4848022460938,660.2368774414062,2129.700927734375,723.981689453125,1312.9482421875,224.5376434326172,1566.26025390625,1192.75927734375,435.0614013671875,2945.086669921875,20.850000381469727
2022-06-02,671.7396240234375,655.6218872070312,2107.882568359375,721.192138671875,1339.099609375,225.9004669189453,1555.9482421875,1233.88427734375,436.50140380859375,3004.599853515625,20.31999969482422
2022-06-03,662.6183471679688,653.3497924804688,2114.47900390625,715.94970703125,1351.26513671875,225.23968505859375,1570.1092529296875,1258.8853759765625,431.5311584472656,3019.653076171875,19.979999542236328
2022-06-06,659.1917724609375,652.4740600585938,2103.91552734375,718.3063354492188,1358.6800537109375,226.97422790527344,1558.846923828125,1253.47314453125,430.78790283203125,3011.577880859375,20.200000762939453
2022-06-07,661.4600830078125,644.9716796875,2040.3507080078125,707.244384765625,1337.9453125,226.23089599609375,1510.6142578125,1255.828125,430.5091857910156,2951.669677734375,20.43000030517578
2022-06-08,640.2254028320312,647.2437744140625,2026.927001953125,701.7135009765625,1331.9957275390625,221.2751007080078,1505.9571533203125,1233.7711181640625,437.84844970703125,2988.053955078125,19.84000015258789
2022-06-09,652.8214111328125,652.1190795898438,2027.5269775390625,704.839599609375,1345.315673828125,223.711669921875,1515.98388671875,1267.60400390625,433.8072509765625,3008.198486328125,19.139999389648438
2022-06-10,649.9258422851562,639.5283203125,2029.55615234375,692.5752563476562,1311.39404296875,223.1334991455078,1506.4798583984375,1229.33251953125,429.0692138671875,2949.212158203125,19.579999923706055
2022-06-13,647.9470825195312,627.9315185546875,2026.7889404296875,661.794189453125,1264.9517822265625,218.59071350097656,1456.0614013671875,1206.0751953125,414.2048645019531,2826.061279296875,22.3700008392334
2022-06-14,658.3231811523438,621.020751953125,2002.894287109375,659.389404296875,1279.204345703125,219.25148010253906,1468.0361328125,1190.3134765625,416.295166015625,2818.1181640625,21.889999389648438
2022-06-15,658.3713989257812,618.8670043945312,1997.8221435546875,661.0726928710938,1262.90966796875,217.5582733154297,1482.95751953125,1175.910888671875,419.3144836425781,2814.38671875,22.149999618530273
2022-06-16,631.4419555664062,606.4892578125,1997.96142578125,652.6560668945312,1240.70947265625,215.3281707763672,1451.641845703125,1159.469970703125,410.25653076171875,2757.94677734375,22.8700008392334
2022-06-17,621.259033203125,610.4889526367188,1964.22314453125,660.6879272460938,1231.91845703125,217.47564697265625,1416.04931640625,1173.057373046875,409.6990966796875,2711.337646484375,22.760000228881836
2022-06-20,618.6046752929688,625.8251342773438,2043.75244140625,659.8223266601562,1255.76123046875,218.1364288330078,1398.7996826171875,1151.7928466796875,403.84625244140625,2731.96484375,22.40999984741211
2022-06-21,631.5385131835938,632.6412963867188,2052.221923828125,669.5855712890625,1287.5069580078125,222.92701721191406,1425.885986328125,1170.38525390625,418.757080078125,2819.3466796875,21.139999389648438
2022-06-22,620.48681640625,629.6591796875,2050.220947265625,660.447509765625,1276.2738037109375,219.12759399414062,1405.405029296875,1134.8311767578125,415.8770751953125,2829.001708984375,21.299999237060547
2022-06-23,637.2332763671875,631.9785766601562,2096.524658203125,672.5194702148438,1289.771484375,219.29275512695312,1420.1834716796875,1116.4200439453125,419.36090087890625,2904.3583984375,20.8799991607666
2022-06-24,647.8505859375,640.806396484375,2144.269287109375,686.2747802734375,1279.6927490234375,219.5818634033203,1420.7064208984375,1132.3175048828125,422.0086364746094,2890.577392578125,20.549999237060547
2022-06-27,660.1570434570312,641.9660034179688,2159.859130859375,690.0262451171875,1309.440673828125,222.96829223632812,1459.625244140625,1128.9658203125,428.4653625488281,2909.536865234375,21.010000228881836
2022-06-28,657.4545288085938,637.0669555664062,2157.06689453125,683.2447509765625,1314.368896484375,224.5376434326172,1474.5465087890625,1144.840576171875,431.2988586425781,2912.56494140625,21.450000762939453
2022-06-29,663.8731079101562,636.1439208984375,2078.700927734375,675.9823608398438,1299.36181640625,226.35475158691406,1471.125,1168.59619140625,426.514404296875,2888.294921875,21.899999618530273
2022-06-30,661.1222534179688,638.06103515625,2076.048828125,680.2628784179688,1298.1629638671875,225.9004669189453,1480.961669921875,1175.6165771484375,432.8317565917969,2867.755615234375,21.84000015258789
2022-07-01,650.0223388671875,640.7826538085938,2124.213134765625,677.088623046875,1313.702880859375,234.8621826171875,1494.17236328125,1090.943359375,433.71435546875,2909.88818359375,21.25
2022-07-04,658.1784057617188,641.6820678710938,2210.629150390625,692.6715087890625,1321.33984375,241.09811401367188,1503.24853515625,1093.2080078125,439.84588623046875,2839.623046875,20.969999313354492
2022-07-05,660.6397094726562,640.2382202148438,2235.107177734375,692.0462036132812,1310.639404296875,236.9683380126953,1487.28173828125,1102.0625,438.63812255859375,2823.164794921875,20.790000915527344
2022-07-06,669.8092041015625,649.0661010742188,2325.293212890625,698.2986450195312,1324.5809326171875,238.95065307617188,1478.9659423828125,1092.369873046875,445.8845520019531,2862.18212890625,20.270000457763672
2022-07-07,662.9078979492188,660.6866455078125,2301.6064453125,713.7373046875,1330.8411865234375,241.1394805908203,1531.190185546875,1081.61328125,452.201904296875,2885.968994140625,19.200000762939453
2022-07-08,670.9674682617188,661.3019409179688,2323.850830078125,726.91552734375,1344.8271484375,242.04798889160156,1603.75341796875,1083.1080322265625,453.8741455078125,2866.306884765625,18.399999618530273
2022-07-11,637.571044921875,665.5856323242188,2318.03369140625,740.1898803710938,1308.1529541015625,243.65863037109375,1580.5162353515625,1097.8277587890625,453.54901123046875,2733.193603515625,18.3700008392334
2022-07-12,639.9358520507812,658.793212890625,2279.828369140625,730.9555053710938,1277.47265625,241.7589569091797,1571.72509765625,1096.26513671875,450.5296325683594,2707.650390625,18.549999237060547
2022-07-13,621.1141967773438,642.7233276367188,2324.688232421875,724.5106811523438,1282.66748046875,242.8739776611328,1565.54736328125,1076.8349609375,451.9696350097656,2667.31689453125,18.520000457763672
2022-07-14,619.3285522460938,639.504638671875,2324.73486328125,723.7411499023438,1268.814697265625,240.2308807373047,1564.501953125,1085.712158203125,445.3271179199219,2639.15478515625,18.34000015258789
2022-07-15,629.12548828125,644.7113647460938,2390.536376953125,722.5869140625,1270.146728515625,242.4609832763672,1601.2823486328125,1087.8182373046875,445.0948791503906,2635.502197265625,17.600000381469727
2022-07-18,639.9840087890625,637.8480224609375,2376.575439453125,742.5946655273438,1323.0269775390625,243.9064483642578,1641.95947265625,1097.08056640625,455.4999084472656,2696.14013671875,17.15999984741211
2022-07-19,649.491455078125,638.0846557617188,2390.024169921875,750.9151611328125,1317.9210205078125,243.32826232910156,1644.0028076171875,1103.806396484375,462.6069641113281,2705.6005859375,17.200000762939453
2022-07-20,647.3197631835938,646.1314086914062,2424.041748046875,753.2717895507812,1345.5821533203125,246.30174255371094,1653.6494140625,1133.6534423828125,472.5010681152344,2785.29248046875,16.81999969482422
2022-07-21,654.7518310546875,644.0960083007812,2426.78759765625,756.0614013671875,1361.210693359375,247.41677856445312,1699.0828857421875,1126.08984375,475.7061767578125,2796.29345703125,16.860000610351562
2022-07-22,655.2344970703125,659.12451171875,2457.640869140625,769.5761108398438,1337.590087890625,248.2427215576172,1701.5855712890625,1133.698974609375,477.2390441894531,2790.749267578125,16.649999618530273
2022-07-25,654.8001708984375,661.065185546875,2441.818603515625,770.3938598632812,1335.1925048828125,248.69705200195312,1715.7353515625,1096.242431640625,481.04803466796875,2787.0087890625,17.68000030517578
2022-07-26,660.3017578125,659.7162475585938,2370.619140625,765.968994140625,1288.616943359375,249.81202697753906,1685.703125,1096.7408447265625,477.7035827636719,2742.256591796875,18.170000076293945
2022-07-27,651.421875,664.75732421875,2403.054443359375,770.0090942382812,1306.2880859375,251.21620178222656,1729.4039306640625,1095.6990966796875,490.70989990234375,2806.45849609375,18.1299991607666
2022-07-28,643.6519165039062,670.6503295898438,2438.561279296875,783.572021484375,1347.44677734375,250.63804626464844,1733.8316650390625,1112.86474609375,494.65826416015625,2869.516845703125,17.010000228881836
2022-07-29,654.3657836914062,678.86279296875,2454.662109375,787.4196166992188,1376.129150390625,250.30763244628906,1740.3773193359375,1136.57470703125,490.84918212890625,2905.951904296875,16.549999237060547
2022-08-01,673.2711181640625,684.5191650390625,2413.3388671875,792.0368041992188,1377.327880859375,253.983154296875,1746.7783203125,1166.19580078125,495.865966796875,2903.2236328125,17.489999771118164
2022-08-02,665.8543701171875,676.9931030273438,2452.66162109375,786.6019897460938,1370.7122802734375,256.00677490234375,1725.938720703125,1170.6341552734375,503.623291015625,2897.063232421875,18.530000686645508
2022-08-03,672.0106811523438,678.5787353515625,2444.378173828125,793.3834838867188,1390.6922607421875,254.52001953125,1722.810302734375,1180.4625244140625,502.46197509765625,2939.043701171875,18.450000762939453
2022-08-04,673.1256103515625,677.774169921875,2445.8671875,789.0067749023438,1420.7066650390625,255.6350860595703,1713.4732666015625,1164.859619140625,495.4014587402344,2952.640625,19.260000228881836
2022-08-05,682.1905517578125,675.4784545898438,2462.107666015625,806.2730102539062,1435.58056640625,256.7501525878906,1720.548095703125,1147.6939697265625,493.35760498046875,2961.529541015625,18.920000076293945
2022-08-08,682.869140625,692.0452880859375,2466.715087890625,809.9019165039062,1438.0224609375,258.6498107910156,1761.168701171875,1162.708251953125,483.4635314941406,2969.80224609375,19.299999237060547
2022-08-10,693.4367065429688,694.0569458007812,2459.68798828125,821.320556640625,1422.9710693359375,257.0392150878906,1785.71435546875,1169.6605224609375,478.1680908203125,2952.024658203125,19.59000015258789
2022-08-11,688.1528930664062,703.23974609375,2432.604248046875,831.9166870117188,1438.510986328125,252.95068359375,1797.26513671875,1173.5555419921875,487.5047912597656,3012.090576171875,18.360000610351562
2022-08-12,688.0560302734375,702.9793701171875,2415.1533203125,846.1416625976562,1415.5562744140625,254.85040283203125,1777.3397216796875,1192.53271484375,493.0324401855469,2993.652587890625,17.610000610351562
2022-08-16,682.6267700195312,711.0261840820312,2461.2705078125,850.8348999023438,1417.64306640625,256.5023498535156,1779.6983642578125,1200.8211669921875,488.6195983886719,2985.863525390625,17.68000030517578
2022-08-17,700.9019165039062,714.694580078125,2498.638671875,854.7056274414062,1426.345458984375,258.154296875,1786.24365234375,1207.09423828125,490.6634826660156,2993.25634765625,17.68000030517578
2022-08-18,710.83935546875,715.5465698242188,2496.218994140625,856.4957885742188,1405.655029296875,260.71478271484375,1823.6396484375,1209.2833251953125,494.5652770996094,2975.78662109375,17.350000381469727
2022-08-19,709.9667358398438,706.7188110351562,2452.010009765625,842.2709350585938,1418.2203369140625,257.70001220703125,1863.58642578125,1187.72216796875,483.4169921875,2979.747314453125,18.290000915527344
2022-08-22,705.4100952148438,695.9740600585938,2444.7041015625,824.7073974609375,1399.172607421875,259.6822814941406,1810.2598876953125,1184.427734375,475.0093688964844,2952.288818359375,19.040000915527344
2022-08-23,715.1051025390625,693.8203735351562,2413.10595703125,835.9810180664062,1369.646728515625,260.92120361328125,1806.794677734375,1202.694580078125,484.8570556640625,2890.7265625,19.049999237060547
2022-08-24,716.2200317382812,697.1572875976562,2408.917724609375,845.0771484375,1365.2955322265625,259.4345703125,1822.4844970703125,1199.490966796875,482.4415588378906,2864.984130859375,18.43000030517578
2022-08-25,718.4014282226562,693.3706665039062,2395.84130859375,844.1578369140625,1348.1129150390625,257.9891052246094,1807.6129150390625,1195.9921875,483.4635314941406,2832.288818359375,19.56999969482422
2022-08-26,708.5609130859375,693.4888916015625,2393.375244140625,842.706298828125,1351.1322021484375,258.443359375,1834.08349609375,1189.60791015625,486.6221923828125,2835.808837890625,18.219999313354492
2022-08-29,698.62353515625,681.3241577148438,2397.330810546875,828.1910400390625,1298.02978515625,258.9802551269531,1811.0780029296875,1180.3609619140625,478.3074035644531,2756.90966796875,19.81999969482422
2022-08-30,704.4405517578125,703.4290771484375,2475.556884765625,858.6246948242188,1325.735107421875,264.720703125,1850.54345703125,1198.673095703125,493.54339599609375,2826.08447265625,18.700000762939453
2022-09-01,712.6328735351562,696.8259887695312,2425.437744140625,846.0931396484375,1300.205322265625,262.3253479003906,1841.350830078125,1163.4346923828125,495.4479064941406,2756.162109375,19.8700008392334
2022-09-02,712.58447265625,703.1451416015625,2423.203857421875,844.206298828125,1290.2598876953125,266.909423828125,1867.86962890625,1149.8482666015625,498.6065979003906,2755.017333984375,19.549999237060547
2022-09-05,717.8197631835938,707.66552734375,2420.412109375,853.9315185546875,1297.63037109375,271.617431640625,1894.6773681640625,1167.7060546875,500.650390625,2757.65771484375,19.65999984741211
2022-09-06,738.0338745117188,704.9674682617188,2394.817626953125,855.0926513671875,1292.1246337890625,270.2132873535156,1888.853759765625,1179.9974365234375,499.6285400390625,2752.0693359375,19.520000457763672
2022-09-07,730.13232421875,701.6304321289062,2386.906982421875,847.8834838867188,1294.3887939453125,269.3460693359375,1884.8109130859375,1173.1361083984375,495.02984619140625,2771.91552734375,19.3700008392334
2022-09-08,746.3231201171875,708.8724975585938,2398.586669921875,869.7530517578125,1310.5948486328125,272.4847412109375,1900.5009765625,1174.7945556640625,505.9923095703125,2789.560546875,18.309999465942383
2022-09-09,742.3966064453125,709.3457641601562,2409.336669921875,872.1238403320312,1342.3408203125,272.9803161621094,1876.7735595703125,1167.4788818359375,514.0748291015625,2831.804931640625,17.719999313354492
2022-09-12,745.6929931640625,706.9554443359375,2401.611572265625,877.881591796875,1364.1412353515625,273.3106689453125,1888.46875,1180.542724609375,515.5147705078125,2854.07177734375,17.940000534057617
2022-09-13,760.3323974609375,716.209228515625,2407.38232421875,880.5911865234375,1371.9110107421875,276.2015686035156,1916.81640625,1190.403076171875,518.394775390625,2842.10205078125,17.469999313354492
2022-09-14,759.4598388671875,723.5697021484375,2393.235107421875,888.4293212890625,1310.1510009765625,276.9861755371094,1880.768310546875,1176.135009765625,531.1688842773438,2746.216552734375,18.280000686645508
2022-09-15,761.156494140625,719.8065185546875,2382.99755859375,887.9454345703125,1272.322265625,275.9537658691406,1884.2333984375,1164.479736328125,531.54052734375,2732.091552734375,18.389999389648438
2022-09-16,755.8727416992188,706.5768432617188,2352.981689453125,879.7201538085938,1222.81640625,273.64105224609375,1848.1370849609375,1135.6256103515625,521.9249877929688,2647.91162109375,19.81999969482422
2022-09-19,758.878173828125,711.2391357421875,2400.54150390625,870.14013671875,1234.58251953125,277.19268798828125,1839.1851806640625,1137.1025390625,531.6333618164062,2665.600830078125,19.940000534057617
2022-09-20,767.9915161132812,719.8065185546875,2404.54345703125,887.1229858398438,1233.028564453125,277.5231018066406,1860.3616943359375,1137.2841796875,533.3055419921875,2675.721923828125,18.799999237060547
2022-09-21,756.4059448242188,718.6942138671875,2441.818603515625,885.67138671875,1222.993896484375,281.6115417480469,1824.6983642578125,1140.419677734375,529.2643432617188,2641.310302734375,19.329999923706055
2022-09-22,760.1869506835938,703.3817138671875,2506.177001953125,874.2044677734375,1214.735595703125,284.9980773925781,1817.5272216796875,1129.673095703125,527.03466796875,2646.766845703125,18.81999969482422
2022-09-23,747.8258056640625,684.5191650390625,2496.218994140625,853.7379150390625,1212.515625,286.113037109375,1787.3505859375,1108.498291015625,511.5199890136719,2624.45703125,20.59000015258789
2022-09-26,732.0228881835938,675.2891235351562,2476.2080078125,833.2230224609375,1225.6580810546875,274.71478271484375,1782.1527099609375,1080.2574462890625,504.7380676269531,2635.325927734375,21.889999389648438
2022-09-27,737.4036254882812,669.2303466796875,2493.612548828125,824.9977416992188,1237.46826171875,276.57318115234375,1772.286376953125,1088.8455810546875,498.4207458496094,2655.612060546875,21.56999969482422
2022-09-28,738.227783203125,657.7282104492188,2514.87939453125,822.0462646484375,1238.489501953125,268.396240234375,1766.75146484375,1059.8551025390625,487.5976257324219,2671.62939453125,22.100000381469727
2022-09-29,741.3301391601562,654.320068359375,2513.437255859375,816.6272583007812,1241.9970703125,275.08648681640625,1747.5482177734375,1056.6064453125,484.71771240234375,2637.878662109375,21.299999237060547
2022-09-30,775.505126953125,672.7803955078125,2509.621337890625,834.142333984375,1255.139404296875,274.3843994140625,1778.5430908203125,1080.4393310546875,492.93951416015625,2644.2587890625,19.969999313354492
2022-10-03,778.8499145507812,668.9226684570312,2440.794677734375,820.9334716796875,1237.6458740234375,267.9419250488281,1751.2061767578125,1076.6905517578125,482.8596496582031,2627.00927734375,21.3700008392334
2022-10-04,784.0367431640625,687.7615966796875,2483.095947265625,839.6097412109375,1269.30322265625,274.9212951660156,1801.5003662109375,1096.5474853515625,494.8905334472656,2720.474365234375,19.56999969482422
2022-10-06,764.5497436523438,680.1881103515625,2432.883544921875,856.8345336914062,1292.1689453125,278.0599365234375,1841.350830078125,1100.5919189453125,499.1639709472656,2729.979248046875,19.31999969482422
2022-10-07,768.9124755859375,677.25341796875,2419.574462890625,854.0281372070312,1288.661376953125,275.9537658691406,1852.516845703125,1105.2493896484375,492.5679016113281,2697.371826171875,18.809999465942383
2022-10-10,768.1853637695312,669.774658203125,2425.065673828125,853.2540283203125,1298.8291015625,270.79150390625,1838.17431640625,1093.1851806640625,493.0788879394531,2744.588623046875,19.6200008392334
2022-10-11,756.5028686523438,662.9822387695312,2373.9228515625,842.46435546875,1264.3304443359375,269.5112609863281,1808.62353515625,1071.4195556640625,489.9667053222656,2701.46435546875,20.489999771118164
2022-10-12,751.897705078125,667.3133544921875,2411.80322265625,840.287109375,1268.681396484375,272.64990234375,1839.714599609375,1079.3033447265625,495.91241455078125,2728.92333984375,20.18000030517578
2022-10-13,745.4505615234375,659.6452026367188,2388.581787109375,826.0137939453125,1260.8670654296875,271.4522705078125,1805.9283447265625,1082.7340087890625,484.43896484375,2731.167236328125,20.290000915527344
2022-10-14,742.590576171875,681.134765625,2397.330810546875,842.1257934570312,1309.1297607421875,274.30181884765625,1840.051513671875,1077.2357177734375,489.7808532714844,2727.51416015625,18.260000228881836
2022-10-17,742.6389770507812,684.7085571289062,2411.05859375,856.592529296875,1323.0714111328125,274.42572021484375,1812.7144775390625,1094.5255126953125,505.0633239746094,2745.691650390625,18.420000076293945
2022-10-18,759.2659301757812,683.4304809570312,2421.94775390625,867.91455078125,1335.2811279296875,281.0746765136719,1846.30810546875,1113.8372802734375,522.5289306640625,2774.765869140625,17.450000762939453
2022-10-19,759.50830078125,690.4359741210938,2404.031494140625,863.2695922851562,1319.0751953125,286.07177734375,1833.6021728515625,1133.2174072265625,514.121337890625,2754.603759765625,17.489999771118164
2022-10-20,768.7186279296875,685.7734985351562,2420.691162109375,859.93115234375,1332.794921875,288.8387756347656,1832.88037109375,1136.261962890625,515.9793090820312,2785.883544921875,17.229999542236328
2022-10-21,773.1298828125,680.9454345703125,2470.01953125,877.833251953125,1332.439697265625,285.4523010253906,1806.505859375,1123.084228515625,521.04248046875,2768.323974609375,17.280000686645508
2022-10-24,777.6380004882812,691.5719604492188,2394.817626953125,896.3642578125,1347.846435546875,287.1868591308594,1838.270751953125,1126.8331298828125,530.0075073242188,2789.765625,17.420000076293945
2022-10-25,777.8319091796875,686.767578125,2331.807861328125,895.1547241210938,1355.35009765625,286.0304870605469,1876.1478271484375,1109.4296875,537.4862060546875,2790.118408203125,16.8799991607666
2022-10-27,792.1805419921875,688.4241943359375,2344.465576171875,894.5258178710938,1368.052490234375,285.6175231933594,1890.538330078125,1113.7919921875,538.5081787109375,2785.971435546875,16.600000381469727
2022-10-28,791.9381713867188,690.4595336914062,2349.3525390625,878.5105590820312,1358.4471435546875,285.6175231933594,1901.1265869140625,1147.87158203125,530.2398071289062,2791.1337890625,15.920000076293945
2022-10-31,806.6261596679688,708.4464721679688,2373.969482421875,879.3331298828125,1380.35107421875,288.0127868652344,1947.3780517578125,1158.52734375,533.0733642578125,2817.515869140625,15.800000190734863
2022-11-01,810.0679321289062,716.2802734375,2390.9287109375,879.2363891601562,1412.0848388671875,288.6735534667969,1948.6776123046875,1149.5528564453125,535.9533081054688,2876.23779296875,16.1299991607666
2022-11-02,785.1516723632812,716.7298583984375,2359.5400390625,875.46240234375,1394.4000244140625,292.92724609375,1937.9451904296875,1156.732421875,533.1197509765625,2860.354248046875,16.65999984741211
2022-11-03,793.6832885742188,713.5822143554688,2385.822021484375,879.2847900390625,1374.15673828125,292.142578125,1933.51708984375,1161.0491943359375,543.3855590820312,2829.515869140625,15.9399995803833
2022-11-04,791.501953125,708.659423828125,2361.461181640625,876.0429077148438,1359.120361328125,292.0599670410156,1939.677490234375,1178.1343994140625,551.7930908203125,2838.9130859375,15.65999984741211
2022-11-07,797.6097412109375,714.1738891601562,2373.12646484375,887.8487548828125,1353.240234375,291.9773864746094,1942.132080078125,1184.427734375,570.5594482421875,2853.29541015625,15.59000015258789
2022-11-09,794.0711059570312,713.9608764648438,2350.639404296875,881.0748901367188,1356.6065673828125,297.9243469238281,1928.51171875,1183.2464599609375,571.8599853515625,2837.721923828125,15.920000076293945
2022-11-10,800.5667724609375,721.7235717773438,2355.13671875,881.2684326171875,1348.302978515625,294.0423583984375,1903.62939453125,1168.9329833984375,562.755615234375,2828.545166015625,15.569999694824219
2022-11-11,801.6817626953125,762.6200561523438,2345.251708984375,877.2525634765625,1409.481201171875,294.3313903808594,1935.8272705078125,1195.8785400390625,558.6215209960938,2925.869873046875,14.40999984741211
2022-11-14,796.834228515625,764.4661254882812,2302.8544921875,866.0275268554688,1423.12646484375,286.7738952636719,1924.9503173828125,1190.0850830078125,550.4925537109375,2943.119873046875,14.90999984741211
2022-11-15,809.7769775390625,766.3358154296875,2302.5732421875,882.2362060546875,1430.9366455078125,285.1632385253906,1921.8218994140625,1184.745849609375,558.203369140625,2940.561279296875,14.640000343322754
2022-11-16,815.5455932617188,772.9153442382812,2321.640625,884.0747680664062,1438.8363037109375,284.21337890625,1928.6080322265625,1177.95263671875,557.1814575195312,2960.635009765625,15.100000381469727
2022-11-17,820.3446655273438,765.9335327148438,2304.915771484375,890.0744018554688,1425.01171875,283.8829650878906,1953.5869140625,1180.9971923828125,556.5311279296875,2955.032470703125,14.880000114440918
2022-11-18,811.7645263671875,763.921875,2327.12158203125,890.6066284179688,1430.3978271484375,281.6941833496094,1948.6776123046875,1180.3609619140625,559.922119140625,2950.134765625,14.390000343322754
2022-11-21,825.2406616210938,756.0880737304688,2343.70556640625,891.6227416992188,1407.7755126953125,278.51422119140625,1936.164306640625,1159.117919921875,555.6485595703125,2897.2373046875,14.800000190734863
2022-11-22,821.7503662109375,754.9756469726562,2357.104248046875,893.848388671875,1422.9019775390625,281.03338623046875,1953.827392578125,1165.547607421875,556.5775756835938,2924.987548828125,13.84000015258789
2022-11-23,817.5330810546875,756.9400024414062,2349.280517578125,897.4771728515625,1421.196533203125,280.6617126464844,1949.20703125,1161.9124755859375,564.5208129882812,2919.119873046875,14.039999961853027
2022-11-24,822.4775390625,769.2469482421875,2388.4453125,908.5087890625,1463.07421875,281.4464111328125,1975.3887939453125,1171.9320068359375,566.1000366210938,2982.517333984375,13.479999542236328
2022-11-25,821.0232543945312,765.6968383789062,2377.483154296875,900.2350463867188,1468.3258056640625,281.0746765136719,1985.5440673828125,1189.4261474609375,564.2885131835938,2990.89990234375,13.329999923706055
2022-11-28,811.8614501953125,757.4607543945312,2366.005615234375,907.1056518554688,1457.328857421875,280.86822509765625,1987.180419921875,1230.2989501953125,565.4033203125,2995.841552734375,13.569999694824219
2022-11-29,810.3587036132812,756.32470703125,2468.133544921875,916.1535034179688,1462.40087890625,282.7265930175781,1973.80078125,1232.4119873046875,565.35693359375,2997.6943359375,13.619999885559082
2022-11-30,822.8652954101562,761.3421020507812,2515.1220703125,922.1046752929688,1467.6973876953125,280.826904296875,1997.1912841796875,1241.1136474609375,559.6898193359375,2991.914794921875,13.8100004196167
2022-12-01,822.7199096679688,766.572509765625,2494.977783203125,909.815185546875,1487.58154296875,280.4552307128906,2025.4908447265625,1237.4556884765625,564.9387817382812,3066.783203125,13.359999656677246
2022-12-02,822.7683715820312,760.703125,2450.238037109375,900.5253295898438,1470.3455810546875,278.4729309082031,2007.442626953125,1236.9332275390625,564.4277954101562,3034.57666015625,13.449999809265137
2022-12-05,818.3570556640625,763.47216796875,2454.6884765625,903.4283447265625,1472.0062255859375,278.1425476074219,2007.5390625,1218.8936767578125,573.48583984375,3022.8857421875,13.729999542236328
2022-12-06,807.9349975585938,762.6200561523438,2487.200927734375,892.8323364257812,1447.903076171875,278.5968322753906,2015.1431884765625,1222.415283203125,565.7285766601562,2987.1064453125,14.039999961853027
2022-12-07,808.565185546875,762.2887573242188,2536.672119140625,892.3485107421875,1441.2598876953125,280.9095153808594,2044.5018310546875,1204.375732421875,563.9632568359375,2982.914794921875,14.079999923706055
2022-12-08,807.2078247070312,766.572509765625,2534.89208984375,901.7833251953125,1454.411376953125,279.5054016113281,2086.56591796875,1203.8077392578125,568.23681640625,2956.399658203125,13.399999618530273
2022-12-09,809.437744140625,772.03955078125,2550.633056640625,899.8479614257812,1408.7633056640625,281.9832458496094,2073.4267578125,1185.563720703125,572.7426147460938,2905.3994140625,13.479999542236328
2022-12-12,803.135986328125,778.0509643554688,2545.9482421875,900.2350463867188,1388.9239501953125,283.4700012207031,2082.7158203125,1187.3812255859375,569.5374755859375,2899.840576171875,13.319999694824219
2022-12-13,812.4916381835938,780.2047119140625,2539.436279296875,902.7994384765625,1411.3218994140625,285.4523010253906,2091.5712890625,1192.7886962890625,572.9749145507812,2940.120361328125,12.880000114440918
2022-12-14,803.9114990234375,786.8078002929688,2515.4033203125,891.96142578125,1417.830078125,285.287109375,2113.27734375,1188.4720458984375,581.103759765625,2969.45849609375,12.890000343322754
2022-12-15,801.1483764648438,772.39453125,2495.352294921875,879.4298706054688,1382.909423828125,279.8771057128906,2096.04736328125,1171.5911865234375,572.231689453125,2916.296630859375,13.729999542236328
2022-12-16,797.6582641601562,776.1102905273438,2502.895263671875,872.849609375,1366.4814453125,276.7796936035156,2093.592529296875,1165.797607421875,560.5259399414062,2859.075439453125,14.069999694824219
2022-12-19,814.77001953125,778.5243530273438,2546.744384765625,877.1558227539062,1353.150634765625,281.2398986816406,2102.255859375,1181.110595703125,561.5478515625,2825.36865234375,13.550000190734863
2022-12-20,803.669189453125,773.1519775390625,2505.940185546875,880.3008422851562,1353.1058349609375,280.9507751464844,2082.282470703125,1191.334716796875,561.5478515625,2862.33984375,13.779999732971191
2022-12-21,789.1751098632812,765.673095703125,2498.116455078125,863.4147338867188,1355.1256103515625,276.8210144042969,2065.967041015625,1174.3856201171875,551.2822265625,2884.046142578125,15.5600004196167
2022-12-22,791.69580078125,763.046142578125,2478.580810546875,861.866455078125,1366.3470458984375,274.5909118652344,2030.977294921875,1171.3411865234375,551.2822265625,2876.23779296875,15.1899995803833
2022-12-23,783.98828125,756.2300415039062,2455.85986328125,850.4962158203125,1343.9493408203125,269.8416442871094,1985.5440673828125,1136.989013671875,533.2590942382812,2848.574951171875,16.15999984741211
2022-12-26,786.2666015625,771.2822265625,2452.439697265625,864.3341064453125,1348.70703125,276.3667297363281,2012.784912109375,1146.91748046875,554.7195434570312,2870.236572265625,
2022-12-27,789.95068359375,772.063232421875,2429.765380859375,871.5432739257812,1359.8834228515625,275.1690673828125,2044.5980224609375,1156.30078125,559.1788940429688,2876.060791015625,15.289999961853027
2022-12-28,779.2861328125,771.4479370117188,2420.7236328125,869.8982543945312,1355.664306640625,276.2015686035156,2041.710205078125,1156.1871337890625,558.3892211914062,2873.942626953125,15.399999618530273
2022-12-29,795.71923828125,776.8912963867188,2406.15380859375,878.7041625976562,1362.30712890625,276.9861755371094,2031.8917236328125,1155.66455078125,568.3762817382812,2884.22216796875,14.8100004196167
2022-12-30,781.5160522460938,770.6669311523438,2399.59521484375,862.0599365234375,1353.91357421875,273.8475341796875,2007.7314453125,1157.4365234375,570.141357421875,2873.589599609375,14.869999885559082
2023-01-02,788.6903686523438,770.9271240234375,2397.1123046875,873.28515625,1368.0972900390625,274.9212951660156,2011.24462890625,1170.4779052734375,568.747802734375,2877.781494140625,14.6899995803833
2023-01-03,792.665283203125,775.96826171875,2381.793212890625,872.2206420898438,1366.7958984375,273.475830078125,2010.763427734375,1161.9124755859375,568.93359375,2921.810791015625,14.390000343322754
2023-01-04,787.0421752929688,762.0994262695312,2376.218017578125,870.0433349609375,1341.8843994140625,270.08941650390625,1993.0523681640625,1144.418212890625,562.2446899414062,2924.722412109375,15.199999809265137
2023-01-05,782.4854736328125,757.2003784179688,2420.8173828125,850.7380981445312,1324.28955078125,275.4168395996094,2009.2236328125,1142.37353515625,562.1516723632812,2921.590576171875,14.979999542236328
2023-01-06,771.7240600585938,754.6917114257812,2414.0244140625,841.9805297851562,1300.32080078125,276.7384338378906,2008.4534912109375,1152.75634765625,558.0176391601562,2833.751220703125,15.029999732971191
2023-01-09,794.410400390625,756.1589965820312,2458.6240234375,845.1255493164062,1332.5931396484375,279.2162780761719,2042.28759765625,1179.9747314453125,564.5671997070312,2929.3994140625,14.649999618530273
2023-01-10,768.670166015625,742.3375854492188,2477.175537109375,833.5133056640625,1319.397216796875,275.3755798339844,2027.801025390625,1162.52587890625,552.9080200195312,2899.796142578125,15.510000228881836
2023-01-11,742.20263671875,753.0350341796875,2429.765380859375,838.3033447265625,1320.7435302734375,274.0540466308594,2045.801025390625,1147.87158203125,554.3480224609375,2937.120361328125,15.4399995803833
2023-01-12,733.8165283203125,757.0584106445312,2426.766845703125,832.8359985351562,1329.136962890625,272.443359375,2078.91357421875,1123.084228515625,552.67578125,2942.105712890625,15.279999732971191
2023-01-13,740.9908447265625,757.650146484375,2458.57666015625,845.2222900390625,1349.8291015625,271.5348205566406,2072.80126953125,1121.266845703125,557.506591796875,2977.57666015625,14.460000038146973
2023-01-16,735.9979248046875,750.3843383789062,2433.372802734375,837.287353515625,1369.44384765625,272.73248291015625,2057.207763671875,1110.5885009765625,560.2008056640625,3008.710205078125,15.020000457763672
2023-01-17,742.34814453125,761.5551147460938,2499.381103515625,837.1905517578125,1382.01171875,274.42572021484375,2130.266845703125,1126.35595703125,550.8641967773438,3048.73193359375,14.59000015258789
2023-01-18,752.8672485351562,774.9979248046875,2516.85546875,841.3999633789062,1387.3082275390625,276.40802001953125,2181.66796875,1124.492919921875,549.4705810546875,3059.20068359375,14.369999885559082
2023-01-19,748.4559936523438,778.2166137695312,2482.703125,838.1582641601562,1381.4730224609375,274.3431396484375,2188.02099609375,1123.288818359375,547.984130859375,3043.94970703125,13.960000038146973
2023-01-20,741.1362915039062,786.1923217773438,2388.070556640625,842.222412109375,1369.489013671875,276.3667297363281,2165.737548828125,1109.9295654296875,550.1673583984375,3034.92529296875,13.789999961853027
2023-01-23,749.1346435546875,791.9434814453125,2432.716796875,843.5288696289062,1389.6422119140625,278.9684753417969,2149.9033203125,1104.3177490234375,557.831787109375,3081.670654296875,13.619999885559082
2023-01-24,751.9946899414062,802.5462646484375,2436.55810546875,842.6095581054688,1393.1431884765625,279.95965576171875,2124.87646484375,1097.7972412109375,552.1646728515625,3100.982177734375,13.65999984741211
2023-01-25,752.8187866210938,780.370361328125,2457.031005859375,827.6588134765625,1385.1536865234375,280.20745849609375,2093.303955078125,1082.620361328125,528.3352661132812,3095.07177734375,14.65999984741211
2023-01-27,750.8796997070312,764.8211059570312,2447.47412109375,790.7901611328125,1363.7435302734375,285.7827453613281,2079.010009765625,1062.0816650390625,501.62591552734375,3078.196533203125,17.31999969482422
2023-01-30,746.7109375,764.0401611328125,2406.247314453125,796.8865966796875,1381.38330078125,284.7915344238281,2033.8170166015625,1072.2601318359375,500.0001525878906,3098.59130859375,17.709999084472656
2023-01-31,746.807861328125,758.9990234375,2414.3056640625,805.0150756835938,1376.85009765625,291.02752685546875,2044.886474609375,1069.579345703125,514.2141723632812,3030.954345703125,16.8799991607666
2023-02-01,745.6444702148438,770.3828735351562,2411.963134765625,820.5464477539062,1392.425048828125,298.5024719238281,2065.244873046875,1063.240478515625,489.920166015625,3075.759765625,16.780000686645508
2023-02-02,754.0306396484375,758.9281005859375,2468.742919921875,830.1749267578125,1421.7349853515625,312.7090759277344,2064.619384765625,1057.3560791015625,490.616943359375,3122.73046875,15.729999542236328
2023-02-03,768.7186279296875,785.1746826171875,2481.76611328125,835.8840942382812,1435.7840576171875,314.4022216796875,2085.459228515625,1058.2874755859375,505.5742492675781,3142.49365234375,14.399999618530273
2023-02-06,765.1798706054688,781.837646484375,2471.319580078125,826.110595703125,1409.2567138671875,316.6736145019531,2075.400390625,1050.3128662109375,506.6891174316406,3122.324462890625,14.6899995803833
2023-02-07,761.93212890625,782.997314453125,2437.214111328125,825.1913452148438,1402.5689697265625,308.2901306152344,2084.255615234375,1047.791015625,508.26837158203125,3133.6953125,14.130000114440918
2023-02-08,751.4614868164062,782.902587890625,2419.97412109375,831.3360595703125,1427.79443359375,310.1898193359375,2051.09521484375,1068.7159423828125,510.7303466796875,3176.60498046875,13.600000381469727
2023-02-09,743.2692260742188,781.2697143554688,2423.6279296875,832.9811401367188,1451.5836181640625,309.1161193847656,2067.025634765625,1070.5789794921875,511.705810546875,3195.330322265625,13.039999961853027
2023-02-10,748.4075927734375,784.3699951171875,2415.00830078125,826.2556762695312,1443.998046875,306.7208251953125,2082.860107421875,1061.7635498046875,513.7960815429688,3192.35205078125,12.75
2023-02-13,745.15966796875,784.961669921875,2418.287353515625,823.1591186523438,1407.1024169921875,309.0747985839844,2120.83349609375,1055.7203369140625,499.3498229980469,3142.583984375,13.680000305175781
2023-02-14,751.5584106445312,792.2274780273438,2416.97607421875,837.3357543945312,1430.26318359375,319.1928405761719,2109.619384765625,1080.598388671875,502.46197509765625,3158.556640625,13.449999809265137
2023-02-15,761.4473876953125,790.6181640625,2387.789794921875,842.657958984375,1433.674560546875,320.8559265136719,2093.640869140625,1105.0675048828125,503.7626647949219,3177.101318359375,12.859999656677246
2023-02-16,760.5263061523438,787.75439453125,2367.78564453125,841.3515625,1437.9385986328125,321.1497497558594,2096.769287109375,1104.2041015625,501.76519775390625,3210.851806640625,12.890000343322754
2023-02-17,753.1095581054688,783.8020629882812,2356.916748046875,834.7713012695312,1421.7799072265625,321.8633117675781,2143.020751953125,1108.81640625,493.3111572265625,3159.50439453125,13.09000015258789
2023-02-20,755.3880004882812,776.4415893554688,2353.122314453125,824.5621948242188,1429.5447998046875,322.40899658203125,2142.20263671875,1097.093017578125,487.87640380859375,3147.005859375,13.380000114440918
2023-02-21,755.2909545898438,779.3526000976562,2357.52587890625,826.594482421875,1417.919677734375,320.89788818359375,2146.0048828125,1106.044677734375,486.29705810546875,3114.248291015625,14.010000228881836
2023-02-22,748.6015014648438,764.0637817382812,2336.819091796875,812.1275634765625,1402.030517578125,322.2411193847656,2112.603515625,1080.9617919921875,479.700927734375,3069.623291015625,15.59000015258789
2023-02-23,739.6819458007812,758.8807373046875,2333.633544921875,812.6113891601562,1392.06591796875,325.3892517089844,2078.3359375,1075.78173828125,484.0209045410156,3080.677734375,15.079999923706055
2023-02-24,734.0103759765625,752.1119995117188,2327.59033203125,812.5630493164062,1392.0211181640625,323.29052734375,2054.17529296875,1083.1429443359375,484.0673828125,3068.63037109375,14.1899995803833
2023-02-27,729.9384765625,753.981689453125,2312.55224609375,828.7233276367188,1354.9012451171875,320.8559265136719,2034.587158203125,1075.9407958984375,490.2453918457031,3006.724853515625,13.880000114440918
2023-02-28,719.61328125,757.153076171875,2305.52490234375,827.2234497070312,1335.376220703125,316.2386779785156,2030.20751953125,1055.356689453125,485.69317626953125,2989.57861328125,14.020000457763672
2023-03-01,727.3208618164062,756.41943359375,2310.771728515625,828.6265258789062,1343.006591796875,317.91766357421875,2036.12744140625,1065.0579833984375,498.6065979003906,3055.320068359375,13.0
2023-03-02,717.5288696289062,749.98193359375,2300.559326171875,826.40087890625,1321.551513671875,315.2732849121094,2042.1912841796875,1056.947021484375,495.865966796875,2997.339599609375,12.970000267028809
2023-03-03,741.0878295898438,764.8684692382812,2315.22216796875,840.4806518554688,1327.969970703125,323.16455078125,2071.501708984375,1083.9154052734375,521.3677368164062,3016.01953125,12.180000305175781
2023-03-06,743.2205810546875,770.2645874023438,2328.19921875,839.70654296875,1353.240234375,325.8509826660156,2061.009521484375,1094.5028076171875,521.8322143554688,3042.82177734375,12.270000457763672
2023-03-08,743.1721801757812,771.8029174804688,2328.43359375,843.9158325195312,1339.9991455078125,329.4188232421875,2089.5498046875,1098.433349609375,524.7120361328125,3059.56103515625,12.449999809265137
2023-03-09,749.8132934570312,771.8739013671875,2306.2275390625,828.287841796875,1328.9573974609375,325.3052978515625,2111.111572265625,1072.032958984375,519.23095703125,3011.236572265625,12.729999542236328
2023-03-10,750.152587890625,751.9700317382812,2310.021728515625,815.417724609375,1321.012939453125,325.72503662109375,2077.08447265625,1055.4246826171875,508.5006408691406,3005.95703125,13.40999984741211
2023-03-13,741.9603271484375,742.4558715820312,2300.324951171875,801.6282958984375,1288.291748046875,322.0732116699219,2053.983154296875,1038.06689453125,492.38214111328125,2961.694091796875,16.219999313354492
2023-03-14,748.2620849609375,740.4678955078125,2288.4716796875,803.5151977539062,1274.7364501953125,318.7571716308594,2063.945556640625,1034.1820068359375,488.1086120605469,2901.2314453125,16.219999313354492
2023-03-15,733.5741577148438,729.8413696289062,2254.41357421875,799.2090454101562,1274.422119140625,318.50537109375,2095.180908203125,1016.5057983398438,480.8157653808594,2886.748046875,16.299999237060547
2023-03-16,723.200439453125,734.5747680664062,2304.306884765625,797.273681640625,1260.462890625,320.226318359375,2092.245361328125,1011.4393310546875,487.27252197265625,2874.20458984375,16.219999313354492
2023-03-17,734.1558227539062,744.3966064453125,2293.10986328125,809.2245483398438,1275.36474609375,315.2732849121094,2113.566162109375,1010.1670532226562,492.1962890625,2869.060546875,14.770000457763672
2023-03-20,731.780517578125,739.2371826171875,2352.8876953125,809.4180297851562,1260.0589599609375,318.0016174316406,2096.04736328125,1000.238525390625,482.34869384765625,2836.57373046875,16.010000228881836
2023-03-21,733.864990234375,747.615234375,2307.351806640625,824.8526000976562,1248.43359375,316.44854736328125,2125.790771484375,1031.341796875,484.8105773925781,2803.003662109375,15.079999923706055
2023-03-22,733.6226806640625,745.8876342773438,2320.23486328125,832.4005737304688,1247.1319580078125,317.12017822265625,2131.084716796875,1034.4771728515625,484.5318603515625,2825.29345703125,14.8100004196167
2023-03-23,740.2637329101562,739.8998413085938,2328.43359375,827.8040161132812,1233.935791015625,319.55474853515625,2124.05810546875,1021.3905639648438,476.35650634765625,2819.742919921875,14.489999771118164
2023-03-24,739.1973266601562,738.716552734375,2324.404296875,824.8526000976562,1239.411865234375,317.91766357421875,2085.07373046875,1001.1699829101562,469.4817199707031,2815.99853515625,15.239999771118164
2023-03-27,738.5186157226562,741.9351806640625,2341.456787109375,821.2721557617188,1246.86279296875,319.17694091796875,2073.378662109375,1016.7329711914062,473.9410095214844,2817.62255859375,15.449999809265137
2023-03-28,725.624267578125,747.9702758789062,2326.278564453125,827.1266479492188,1236.673828125,318.7991638183594,2053.742431640625,1021.4815673828125,472.0365295410156,2811.846923828125,15.100000381469727
2023-03-29,720.922119140625,751.5676879882812,2371.29931640625,823.4978637695312,1242.0152587890625,321.31768798828125,2067.07373046875,1015.4380493164062,479.8403015136719,2832.60302734375,13.630000114440918
2023-03-31,726.1574096679688,761.8628540039062,2398.939208984375,848.8995361328125,1281.873046875,321.9472351074219,2083.19677734375,1059.2191162109375,486.57574462890625,2893.06494140625,12.9399995803833
2023-04-03,737.355224609375,762.3360595703125,2376.218017578125,855.2378540039062,1266.5223388671875,318.0855712890625,2088.924072265625,1059.4007568359375,489.36279296875,2887.740478515625,12.59000015258789
2023-04-05,740.166748046875,782.7843627929688,2419.92724609375,856.0119018554688,1277.9232177734375,324.3818359375,2173.245361328125,1056.856201171875,485.87896728515625,2923.656982421875,12.40999984741211
2023-04-06,742.590576171875,788.7484741210938,2403.53076171875,846.7222290039062,1276.4420166015625,325.1793518066406,2189.128173828125,1063.94482421875,490.198974609375,2906.4208984375,11.800000190734863
2023-04-10,746.274658203125,785.0089721679688,2372.51708984375,840.3839111328125,1281.5587158203125,326.18670654296875,2223.2509765625,1056.4017333984375,488.9447021484375,2944.95361328125,12.270000457763672
2023-04-11,750.5404663085938,787.3047485351562,2387.1337890625,853.3992309570312,1262.3033447265625,332.4410095214844,2215.358154296875,1061.6273193359375,494.33306884765625,2900.194091796875,11.979999542236328
2023-04-12,747.5834350585938,797.5288696289062,2369.518798828125,861.3826293945312,1282.1873779296875,330.3841857910156,2202.8447265625,1066.3076171875,490.70989990234375,2925.326416015625,12.270000457763672
2023-04-13,743.656982421875,801.1025390625,2376.31201171875,869.9465942382812,1247.0869140625,332.10516357421875,2174.208251953125,1070.3289794921875,495.122802734375,2877.678955078125,11.90999984741211
2023-04-17,736.4827270507812,788.8904418945312,2390.9755859375,872.1722412109375,1129.5780029296875,335.9248962402344,2131.1328125,1075.7589111328125,505.3883972167969,2833.144287109375,12.270000457763672
2023-04-18,736.57958984375,785.5533447265625,2380.8564453125,867.8660888671875,1130.5205078125,334.5397644042969,2133.635986328125,1063.44482421875,507.10711669921875,2825.248046875,12.079999923706055
2023-04-19,741.3301391601562,788.440673828125,2372.002197265625,863.0761108398438,1106.1480712890625,334.7496337890625,2136.5234375,1068.738525390625,501.9510803222656,2788.11376953125,12.149999618530273
2023-04-20,748.7468872070312,791.3754272460938,2335.46044921875,865.4953002929688,1098.248291015625,336.0508728027344,2149.18115234375,1066.034912109375,506.1317138671875,2801.8310546875,11.9399995803833
2023-04-21,741.8634033203125,792.6535034179688,2340.473388671875,857.028076171875,1101.7940673828125,342.7248229980469,2132.288330078125,1067.3753662109375,504.59881591796875,2852.410888671875,11.630000114440918
2023-04-24,737.0643310546875,799.0671997070312,2342.15966796875,875.5108032226562,1100.8516845703125,343.1025695800781,2145.47509765625,1071.465087890625,515.236083984375,2865.0,11.670000076293945
2023-04-25,749.03759765625,787.70703125,2333.446044921875,883.9296264648438,1099.5947265625,345.49517822265625,2163.81201171875,1079.6668701171875,521.9249877929688,2866.083251953125,11.520000457763672
2023-04-26,749.8617553710938,791.328125,2352.51318359375,885.3812255859375,1101.9736328125,346.08282470703125,2190.956787109375,1073.328125,526.152099609375,2886.0712890625,11.649999618530273
2023-04-27,762.5137939453125,795.682861328125,2313.301513671875,888.6712646484375,1118.760498046875,349.2309875488281,2219.3046875,1080.1212158203125,524.6657104492188,2876.866455078125,11.430000305175781
2023-04-28,774.9234619140625,798.8068237304688,2302.38623046875,887.993896484375,1124.5958251953125,357.2481689453125,2275.903564453125,1099.8646240234375,537.25390625,2905.112548828125,10.949999809265137
2023-05-02,766.1009521484375,798.6412963867188,2297.138916015625,892.300048828125,1146.7689208984375,356.3246765136719,2295.203369140625,1109.20263671875,534.466796875,2905.24755859375,11.899999618530273
2023-05-03,755.5333251953125,801.4339599609375,2329.2763671875,893.02587890625,1139.3182373046875,358.5913391113281,2268.107177734375,1099.682861328125,530.0075073242188,2869.6015625,11.84000015258789
2023-05-04,765.0344848632812,817.8351440429688,2348.71826171875,891.9130859375,1143.2679443359375,356.4506530761719,2268.6845703125,1112.3604736328125,538.8333129882812,2906.4208984375,11.729999542236328
2023-05-05,763.2893676757812,769.4835815429688,2343.096435546875,896.9933471679688,1130.296142578125,359.93450927734375,2288.513427734375,1109.5205078125,535.5816650390625,2915.44482421875,12.300000190734863
2023-05-08,769.542724609375,778.3822631835938,2357.666259765625,907.5895385742188,1136.131103515625,362.201171875,2276.8662109375,1123.2208251953125,542.1776733398438,2933.403564453125,12.640000343322754
2023-05-09,769.397216796875,778.406005859375,2357.19775390625,904.2025756835938,1140.70947265625,355.77899169921875,2285.481201171875,1126.6968994140625,532.7946166992188,2962.8671875,12.680000305175781
2023-05-10,771.7724609375,782.0033569335938,2363.662841796875,905.7991943359375,1134.0216064453125,357.08026123046875,2275.951904296875,1134.4442138671875,531.5869750976562,2966.070556640625,13.079999923706055
2023-05-11,764.5497436523438,782.5240478515625,2428.96875,908.847412109375,1127.6031494140625,352.92474365234375,2158.2294921875,1127.03759765625,532.7482299804688,2961.874267578125,13.220000267028809
2023-05-12,767.7975463867188,789.434814453125,2458.014404296875,913.3955688476562,1117.8179931640625,352.96673583984375,2137.967529296875,1128.8778076171875,537.1145629882812,2954.79052734375,12.850000381469727
2023-05-15,772.7420043945312,793.2214965820312,2494.41552734375,915.1857299804688,1129.623046875,359.1370544433594,2162.753662109375,1131.1043701171875,540.5984497070312,2937.418701171875,13.170000076293945
2023-05-16,763.337890625,788.6732177734375,2507.204833984375,915.766357421875,1134.96435546875,355.9049377441406,2143.8388671875,1114.9962158203125,544.6860961914062,2940.21630859375,13.289999961853027
2023-05-17,768.0884399414062,784.43603515625,2493.947021484375,908.9926147460938,1119.3441162109375,358.9691162109375,2136.5234375,1108.4073486328125,544.6860961914062,2895.591552734375,13.109999656677246
2023-05-18,774.9718627929688,787.572021484375,2461.9033203125,915.9114990234375,1118.5360107421875,352.3371276855469,2106.298583984375,1106.0218505859375,533.4449462890625,2887.60546875,12.800000190734863
2023-05-19,781.1767578125,788.4817504882812,2474.9267578125,923.4594116210938,1139.0938720703125,352.4630432128906,2108.07958984375,1109.6114501953125,534.3275146484375,2908.361328125,12.300000190734863
2023-05-22,777.3955688476562,785.680908203125,2471.788330078125,919.6370239257812,1160.548828125,356.57659912109375,2133.635986328125,1115.5413818359375,536.1856079101562,2976.809326171875,12.569999694824219
2023-05-23,775.5535888671875,783.8375854492188,2462.605712890625,922.5885620117188,1167.05712890625,360.2703552246094,2115.394775390625,1115.3370361328125,540.3197021484375,2975.3203125,12.609999656677246
2023-05-24,776.9594116210938,773.5921020507812,2450.097412109375,910.2506103515625,1165.8004150390625,363.92218017578125,2103.36279296875,1108.8389892578125,541.3416748046875,2981.005859375,13.109999656677246
2023-05-25,797.6097412109375,770.6236572265625,2433.512939453125,909.4763793945312,1170.9171142578125,370.34429931640625,2122.18115234375,1108.70263671875,539.9945678710938,2972.1171875,12.520000457763672
2023-05-26,793.004638671875,773.5921020507812,2485.139404296875,919.9757690429688,1182.6771240234375,372.40106201171875,2135.41650390625,1138.94287109375,544.4074096679688,3004.062255859375,11.899999618530273
2023-05-29,796.2040405273438,783.0237426757812,2483.218994140625,917.50830078125,1179.939208984375,377.018310546875,2141.288330078125,1145.3497314453125,552.7685546875,2996.3466796875,12.300000190734863
2023-05-30,793.4893798828125,783.6221923828125,2489.07470703125,919.2500610351562,1188.4222412109375,386.17340087890625,2128.052734375,1145.0543212890625,550.7247924804688,2992.601806640625,12.010000228881836
2023-05-31,823.9803466796875,771.2221069335938,2499.381103515625,918.4758911132812,1183.4400634765625,382.39666748046875,2123.095458984375,1122.3118896484375,549.162109375,2968.507080078125,11.970000267028809
2023-06-01,802.69970703125,767.9425659179688,2527.817626953125,905.8475952148438,1184.5174560546875,377.4181823730469,2125.1650390625,1119.2901611328125,551.9086303710938,2999.640625,11.600000381469727
2023-06-02,810.9889526367188,769.1394653320312,2545.432861328125,907.8313598632812,1181.7880859375,380.5940856933594,2150.913818359375,1115.6322021484375,556.1231689453125,2983.0361328125,11.130000114440918
2023-06-05,809.0499267578125,768.134033203125,2525.8505859375,916.1535034179688,1186.7918701171875,378.233642578125,2183.400634765625,1125.6517333984375,556.1231689453125,2967.96630859375,11.140000343322754
2023-06-06,804.1539306640625,765.7402954101562,2521.4931640625,911.6536254882812,1163.5926513671875,380.0791015625,2192.689697265625,1126.6058349609375,554.3710327148438,2916.888916015625,11.380000114440918
2023-06-07,818.5025634765625,769.7140502929688,2544.96435546875,909.815185546875,1172.6448974609375,381.06622314453125,2228.833984375,1135.1485595703125,558.0172729492188,2955.331787109375,11.4399995803833
2023-06-08,810.504150390625,770.1926879882812,2510.95263671875,907.5895385742188,1167.0498046875,380.1649475097656,2252.70556640625,1135.830078125,557.3543701171875,2920.633544921875,11.260000228881836
2023-06-09,808.0803833007812,771.1024169921875,2470.007568359375,907.7345581054688,1151.72021484375,376.34527587890625,2274.55615234375,1127.7874755859375,548.072998046875,2896.133544921875,11.119999885559082
2023-06-12,810.8434448242188,766.4105834960938,2476.800537109375,905.7025146484375,1175.374267578125,375.0577697753906,2252.36865234375,1128.787109375,548.025634765625,2930.06396484375,11.25
2023-06-13,808.9044799804688,767.7031860351562,2507.204833984375,913.0568237304688,1187.1102294921875,382.3108215332031,2266.27783203125,1145.463134765625,545.8947143554688,2927.176025390625,11.109999656677246
2023-06-14,802.69970703125,766.8652954101562,2528.6142578125,909.4280395507812,1183.0618896484375,381.538330078125,2266.90380859375,1159.549560546875,546.0367431640625,2933.8095703125,11.15999984741211
2023-06-15,804.3963012695312,757.4336547851562,2520.134765625,896.6546020507812,1170.6890869140625,384.62835693359375,2272.919677734375,1159.867919921875,536.5186157226562,2924.03662109375,11.079999923706055
2023-06-16,812.2493286132812,767.3441162109375,2544.44873046875,904.009033203125,1175.1014404296875,388.920166015625,2278.2138671875,1171.159423828125,541.0172119140625,2886.397705078125,10.84000015258789
2023-06-19,802.8935546875,768.014404296875,2534.625,893.316162109375,1177.2392578125,389.3493347167969,2277.781005859375,1159.52685546875,538.7442626953125,2918.671875,11.229999542236328
2023-06-20,805.8505859375,769.6182861328125,2527.870849609375,895.6386108398438,1185.7911376953125,388.7055969238281,2292.844970703125,1161.9351806640625,537.3710327148438,2934.400390625,11.130000114440918
2023-06-21,813.41259765625,783.0715942382812,2528.343505859375,894.8159790039062,1182.1065673828125,383.72711181640625,2304.828857421875,1165.206787109375,536.3765258789062,2962.128662109375,11.289999961853027
2023-06-22,817.0968017578125,786.9017944335938,2507.32568359375,895.8321533203125,1165.91259765625,384.2420959472656,2325.81298828125,1152.1201171875,533.1565551757812,2944.218994140625,11.550000190734863
2023-06-23,828.7308349609375,786.8538818359375,2495.28173828125,893.6548461914062,1150.8560791015625,381.7529296875,2300.1123046875,1142.6915283203125,525.2484130859375,2924.081298828125,11.239999771118164
2023-06-26,825.9677124023438,783.0476684570312,2505.20068359375,897.4771728515625,1155.723388671875,382.5683288574219,2288.5615234375,1133.96728515625,527.5687866210938,2899.807373046875,11.399999618530273
2023-06-27,838.5228271484375,794.083251953125,2504.4921875,905.8475952148438,1163.729248046875,382.0533142089844,2298.668701171875,1134.3760986328125,536.1397705078125,2906.80810546875,10.779999732971191
2023-06-28,845.6001586914062,802.4856567382812,2513.84375,907.1539916992188,1176.6478271484375,385.7013244628906,2330.818603515625,1149.3939208984375,539.6439819335938,2923.263427734375,10.890000343322754
2023-06-30,851.950439453125,814.574462890625,2529.807861328125,904.3960571289062,1214.9945068359375,387.63262939453125,2382.8935546875,1158.8226318359375,542.5325927734375,3002.17578125,10.800000190734863
2023-07-03,852.338134765625,823.3838500976562,2551.438720703125,912.0891723632812,1213.3570556640625,397.6324157714844,2362.198486328125,1188.5628662109375,554.4657592773438,2974.947265625,11.539999961853027
2023-07-04,838.7652587890625,827.4054565429688,2550.447021484375,914.169677734375,1223.7738037109375,400.2933044433594,2369.70654296875,1176.31689453125,558.0646362304688,3008.17626953125,11.699999809265137
2023-07-05,840.2194213867188,801.1211547851562,2603.20361328125,927.0398559570312,1225.72998046875,407.8039245605469,2378.321533203125,1174.3856201171875,559.3431396484375,3018.26708984375,11.880000114440918
2023-07-06,843.1279296875,801.93505859375,2604.38427734375,928.3946533203125,1222.63671875,406.77392578125,2395.455078125,1199.0367431640625,561.142578125,3020.948974609375,11.84000015258789
2023-07-07,843.903564453125,794.945068359375,2548.65283203125,915.8147583007812,1210.1728515625,402.052978515625,2357.67431640625,1196.6966552734375,562.1843872070312,3026.7216796875,11.529999732971191
2023-07-10,858.3975830078125,793.0538940429688,2509.404052734375,917.7501220703125,1209.2176513671875,399.8641662597656,2347.470947265625,1242.7947998046875,561.2372436523438,2974.629150390625,11.460000038146973
2023-07-11,864.6994018554688,789.1998291015625,2535.8056640625,914.41162109375,1226.91259765625,406.1301574707031,2381.93115234375,1256.2677001953125,557.401611328125,2975.0380859375,11.010000228881836
2023-07-12,862.8087768554688,781.8029174804688,2525.556640625,913.8793334960938,1212.9931640625,405.40057373046875,2363.064453125,1257.653564453125,558.0646362304688,2963.674072265625,10.9399995803833
2023-07-13,858.0582275390625,785.704833984375,2507.656494140625,924.814208984375,1241.923583984375,405.14306640625,2358.4443359375,1246.4073486328125,554.6552124023438,3036.995849609375,10.9399995803833
2023-07-14,859.4640502929688,787.3327026367188,2528.626708984375,929.0236206054688,1297.2830810546875,405.91558837890625,2379.717041015625,1245.3623046875,553.4713134765625,3195.27490234375,10.680000305175781
2023-07-17,851.3201293945312,803.80224609375,2533.160888671875,937.3941040039062,1294.5538330078125,405.4434509277344,2376.396484375,1270.8084716796875,569.2874755859375,3174.410400390625,11.319999694824219
2023-07-18,848.7510375976562,803.1319580078125,2534.2001953125,943.9259033203125,1342.089111328125,405.57220458984375,2382.0751953125,1281.6002197265625,561.0005493164062,3179.092529296875,11.710000038146973
2023-07-19,844.1943969726562,806.7705078125,2523.620361328125,941.9906005859375,1341.8616943359375,411.0228271484375,2400.79736328125,1291.3243408203125,569.6189575195312,3154.728271484375,11.600000381469727
2023-07-20,857.8643798828125,808.51806640625,2553.51708984375,963.4247436523438,1318.708251953125,422.43890380859375,2396.513916015625,1289.760498046875,577.7637329101562,3156.778564453125,11.789999961853027
2023-07-21,858.9793090820312,802.2941284179688,2459.7646484375,964.7794799804688,1211.4464111328125,420.97967529296875,2489.449951171875,1249.834716796875,582.5465087890625,3070.18701171875,11.489999771118164
2023-07-24,861.0637817382812,803.5628662109375,2437.330078125,959.9410400390625,1215.995361328125,404.5850830078125,2507.739013671875,1224.554931640625,584.9616088867188,3094.295654296875,11.649999618530273
2023-07-25,856.7009887695312,812.2764282226562,2425.89990234375,962.5538330078125,1214.17578125,396.8170166015625,2465.048828125,1223.767333984375,577.3375854492188,3098.30615234375,10.239999771118164
2023-07-26,862.275634765625,809.45166015625,2440.21142578125,964.2472534179688,1227.139892578125,405.3576354980469,2547.204345703125,1243.65625,582.5939331054688,3088.4169921875,10.460000038146973
2023-07-27,867.8502807617188,801.0493774414062,2427.50634765625,958.24755859375,1231.052001953125,399.177490234375,2560.632568359375,1232.087158203125,583.9197998046875,3096.25537109375,10.510000228881836
2023-07-28,867.8017578125,786.8538818359375,2441.439453125,964.00537109375,1219.54345703125,402.09588623046875,2550.381103515625,1244.468505859375,583.4462890625,3058.42822265625,10.140000343322754
2023-07-31,862.7603759765625,790.5403442382812,2418.957763671875,966.0375366210938,1233.371826171875,399.73541259765625,2580.99072265625,1255.0037841796875,587.3766479492188,3118.63232421875,10.40999984741211
2023-08-01,864.45703125,795.830810546875,2409.795166015625,962.4085693359375,1242.0146484375,398.9629211425781,2566.841064453125,1237.25634765625,579.468505859375,3146.5244140625,10.279999732971191
2023-08-02,851.3201293945312,785.4175415039062,2426.65625,955.0543212890625,1234.4180908203125,394.9286193847656,2552.724853515625,1224.0380859375,566.7777099609375,3136.13330078125,11.279999732971191
2023-08-03,845.1154174804688,779.7442626953125,2409.9833984375,933.8136596679688,1241.196044921875,391.4523010253906,2529.311767578125,1218.8934326171875,559.2484741210938,3099.035888671875,11.1899995803833
2023-08-04,862.5180053710938,791.0191040039062,2404.977294921875,939.1359252929688,1253.9781494140625,390.5080871582031,2557.34912109375,1235.45947265625,542.9586791992188,3138.77685546875,10.569999694824219
2023-08-07,864.214599609375,790.5642700195312,2426.891845703125,944.1194458007812,1267.306396484375,390.4652099609375,2566.110595703125,1242.49951171875,537.8446044921875,3175.6923828125,11.100000381469727
2023-08-08,858.3975830078125,789.9180297851562,2423.7275390625,948.2321166992188,1264.7589111328125,388.2763671875,2562.508544921875,1235.016357421875,542.769287109375,3163.432861328125,11.329999923706055
2023-08-09,856.7494506835938,790.2052001953125,2410.83349609375,949.0126953125,1268.580078125,393.68402099609375,2581.395263671875,1243.1639404296875,543.3849487304688,3156.049072265625,11.140000343322754
2023-08-10,848.120849609375,783.1912231445312,2396.192138671875,940.6220703125,1263.7581787109375,387.7613830566406,2573.509521484375,1248.702392578125,543.2902221679688,3137.455322265625,11.399999618530273
2023-08-11,847.8773803710938,775.0283813476562,2363.225341796875,929.6460571289062,1248.0645751953125,385.18634033203125,2568.64208984375,1253.9698486328125,543.7638549804688,3143.56201171875,11.520000457763672
2023-08-14,844.468505859375,771.24609375,2392.79150390625,936.182861328125,1267.806640625,385.57257080078125,2589.475341796875,1268.788330078125,531.1202392578125,3144.519287109375,12.0
2023-08-16,834.631591796875,768.9957885742188,2411.211669921875,933.2071533203125,1290.5052490234375,386.47381591796875,2619.800537109375,1267.7545166015625,535.4295043945312,3152.3125,12.130000114440918
2023-08-17,834.3880615234375,764.7349243164062,2402.379638671875,928.4752807617188,1284.1824951171875,378.53411865234375,2582.271484375,1249.4654541015625,541.8696899414062,3131.66748046875,12.239999771118164
2023-08-18,833.9497680664062,761.598876953125,2413.24267578125,927.4996337890625,1263.4852294921875,379.0920104980469,2572.00048828125,1258.7208251953125,542.6273193359375,3069.09326171875,12.140000343322754
2023-08-21,849.2409057617188,761.0004272460938,2420.799560546875,931.9387817382812,1278.58740234375,384.3708801269531,2591.76318359375,1244.986328125,541.4434204101562,3100.5849609375,11.960000038146973
2023-08-22,854.7924194335938,757.744873046875,2423.680908203125,928.8167724609375,1277.086181640625,389.9072265625,2607.875,1244.68994140625,538.4127807617188,3082.81103515625,11.75
2023-08-23,845.5399169921875,759.6119384765625,2431.4736328125,943.3051147460938,1280.9071044921875,386.6455078125,2645.647705078125,1246.0733642578125,546.3682861328125,3097.48583984375,11.729999542236328
2023-08-24,846.8060302734375,756.1170654296875,2438.27490234375,945.3539428710938,1295.1451416015625,387.0317687988281,2616.977294921875,1225.1258544921875,546.41552734375,3087.91552734375,11.699999809265137
2023-08-25,850.7505493164062,747.5949096679688,2421.55517578125,946.7686157226562,1291.9610595703125,380.55120849609375,2568.544677734375,1219.4691162109375,539.7860717773438,3082.035888671875,12.079999923706055
2023-08-28,847.6825561523438,755.3749389648438,2414.14013671875,946.9149780273438,1287.9124755859375,378.8774108886719,2623.98681640625,1207.315673828125,542.5325927734375,3076.795166015625,12.399999618530273
2023-08-29,832.9271850585938,761.3834838867188,2386.226806640625,944.1832275390625,1289.7320556640625,377.76153564453125,2646.9619140625,1195.755126953125,544.4267578125,3077.341796875,12.229999542236328
2023-08-30,835.4107055664062,755.8297119140625,2391.705322265625,935.5487060546875,1305.6529541015625,380.0791015625,2637.275390625,1194.6187744140625,537.3710327148438,3090.832275390625,11.800000190734863
2023-08-31,834.095947265625,752.358642578125,2366.29541015625,935.4024047851562,1305.9259033203125,377.4181823730469,2631.142333984375,1189.1595458984375,531.6411743164062,3059.704833984375,12.0600004196167
2023-09-01,843.3971557617188,753.9146728515625,2366.059326171875,945.1100463867188,1313.5679931640625,378.5769958496094,2630.558349609375,1191.950927734375,539.4072265625,3080.1220703125,11.369999885559082
2023-09-04,842.76416015625,758.630615234375,2362.84765625,943.7929077148438,1332.9002685546875,375.52984619140625,2639.31982421875,1190.987548828125,545.0896606445312,3115.94384765625,10.960000038146973
2023-09-05,843.3484497070312,754.010498046875,2368.184814453125,944.8173828125,1345.4552001953125,380.3366394042969,2660.591064453125,1197.36083984375,542.6746215820312,3125.833740234375,10.819999694824219
2023-09-06,857.3734130859375,763.873046875,2383.723388671875,934.182861328125,1344.1361083984375,384.0704040527344,2658.157470703125,1199.8802490234375,540.3070068359375,3126.3349609375,10.680000305175781
2023-09-07,852.5036010742188,771.2221069335938,2368.562255859375,942.1343383789062,1333.901123046875,382.74005126953125,2771.037353515625,1201.5107421875,548.4044189453125,3149.44140625,10.869999885559082
2023-09-08,862.7788696289062,777.2306518554688,2374.560791015625,946.9149780273438,1336.9942626953125,379.95037841796875,2824.776123046875,1209.51416015625,552.5715942382812,3137.272705078125,10.779999732971191
2023-09-11,867.5999755859375,781.2523803710938,2395.76708984375,954.4274291992188,1343.226318359375,383.8558654785156,2817.57177734375,1222.5570068359375,560.385009765625,3172.59326171875,11.350000381469727
2023-09-12,867.2103881835938,783.6940307617188,2360.439208984375,966.379150390625,1365.6522216796875,387.2463684082031,2866.151123046875,1204.8948974609375,557.212158203125,3263.87939453125,11.6899995803833
2023-09-13,891.3158569335938,787.04541015625,2367.712646484375,965.6961669921875,1363.1502685546875,389.26348876953125,2829.78955078125,1210.9222412109375,564.8836059570312,3252.075927734375,11.829999923706055
2023-09-14,891.1210327148438,786.566650390625,2362.281005859375,963.6473999023438,1370.9742431640625,386.2163391113281,2841.326171875,1212.0338134765625,565.6885986328125,3244.9658203125,11.319999694824219
2023-09-15,911.7689208984375,795.5913696289062,2332.903564453125,968.2816772460938,1375.2047119140625,384.84295654296875,2831.5419921875,1214.28173828125,567.1091918945312,3279.83056640625,10.899999618530273
2023-09-18,896.2342529296875,779.9357299804688,2350.8037109375,966.0864868164062,1357.1912841796875,388.0188903808594,2842.54296875,1203.7091064453125,571.9866943359375,3286.98583984375,10.84000015258789
2023-09-20,886.981689453125,748.6482543945312,2330.21142578125,963.1107788085938,1355.7811279296875,388.7913818359375,2813.483154296875,1176.8826904296875,569.2874755859375,3286.894775390625,11.130000114440918
2023-09-21,894.0429077148438,743.6929931640625,2336.3515625,935.93896484375,1366.243408203125,384.1134033203125,2822.585693359375,1168.31103515625,557.0228881835938,3267.98095703125,10.819999694824219
2023-09-22,887.6635131835938,732.3462524414062,2344.947265625,927.1580810546875,1361.1488037109375,380.3366394042969,2841.228759765625,1163.4447021484375,566.4935913085938,3284.706787109375,10.65999984741211
2023-09-25,886.6895751953125,732.9925537109375,2338.713134765625,933.060791015625,1341.1337890625,379.9074401855469,2825.65234375,1156.281005859375,562.6105346679688,3260.552490234375,10.899999618530273
2023-09-26,888.9295654296875,736.1763305664062,2341.640869140625,925.59716796875,1328.85205078125,379.7787170410156,2835.43603515625,1157.2938232421875,562.9420776367188,3268.345703125,11.1899995803833
2023-09-27,896.2830200195312,731.005615234375,2363.17822265625,920.1334228515625,1334.6290283203125,385.5296630859375,2886.54638671875,1170.336669921875,558.5381469726562,3271.627197265625,11.59000015258789
2023-09-28,901.5423583984375,729.4974975585938,2324.071044921875,919.6456298828125,1309.56494140625,378.3194885253906,2930.30615234375,1153.14404296875,558.7276000976562,3223.727783203125,12.819999694824219
2023-09-29,902.2728271484375,730.7423706054688,2329.03076171875,928.7191772460938,1305.9259033203125,381.45245361328125,2943.497314453125,1158.529052734375,566.8723754882812,3216.29931640625,11.449999809265137
2023-10-03,901.2014770507812,722.0048828125,2332.147705078125,917.4016723632812,1304.606689453125,377.4611511230469,2991.88134765625,1145.263916015625,571.03955078125,3202.854736328125,11.789999961853027
2023-10-04,900.1787719726562,732.29833984375,2368.9404296875,907.4012451171875,1314.0225830078125,374.328125,2947.586181640625,1143.287841796875,555.2234497070312,3224.6396484375,11.65999984741211
2023-10-05,904.6589965820312,735.2667236328125,2379.9921875,917.938232421875,1331.3992919921875,374.2851867675781,3014.07763671875,1143.26318359375,560.8111572265625,3271.6728515625,10.9399995803833
2023-10-06,901.931884765625,734.452880859375,2360.958251953125,922.182373046875,1345.273193359375,379.5211181640625,3011.7900390625,1145.1898193359375,562.7999877929688,3300.885986328125,10.300000190734863
2023-10-09,900.4710083007812,725.9307861328125,2372.198974609375,915.7431030273438,1342.31640625,378.06201171875,2993.29296875,1135.4326171875,554.1342163085938,3316.3359375,11.399999618530273
2023-10-10,923.651123046875,730.0481567382812,2376.82763671875,928.0362548828125,1360.2388916015625,381.45245361328125,2994.55859375,1140.447021484375,560.337646484375,3307.72216796875,11.270000457763672
2023-10-11,930.7122802734375,737.1099243164062,2414.801025390625,929.8899536132812,1359.556640625,384.7571716308594,3006.92236328125,1158.5537109375,557.212158203125,3290.403564453125,10.989999771118164
2023-10-12,925.5989990234375,742.017333984375,2415.367919921875,931.011962890625,1333.2645263671875,386.8600769042969,3000.15625,1160.70263671875,555.0339965820312,3229.0146484375,10.619999885559082
2023-10-13,929.3488159179688,735.2667236328125,2427.12841796875,928.1337280273438,1302.013916015625,384.84295654296875,3007.798828125,1160.6534423828125,545.6578979492188,3254.809814453125,10.619999885559082
2023-10-16,921.89794921875,732.3223266601562,2416.59619140625,928.2313842773438,1304.7431640625,385.3580322265625,3019.772705078125,1158.0596923828125,545.1844482421875,3212.15185546875,11.069999694824219
2023-10-17,928.8131713867188,737.8759765625,2414.564697265625,930.6704711914062,1312.2943115234375,389.2205810546875,2985.115478515625,1163.5928955078125,545.9420166015625,3196.65673828125,10.699999809265137
2023-10-18,928.033935546875,727.6065063476562,2407.102783203125,920.7677001953125,1310.5657958984375,387.6755065917969,2964.96337890625,1148.154052734375,542.3432006835938,3178.609130859375,10.970000267028809
2023-10-19,918.3917236328125,725.308349609375,2406.9609375,912.9624633789062,1304.288330078125,386.60260009765625,2973.530517578125,1139.33544921875,540.9699096679688,3157.9560546875,10.899999618530273
2023-10-20,920.5831909179688,729.066650390625,2356.94384765625,910.0355834960938,1298.465576171875,376.21649169921875,2932.593994140625,1135.8524169921875,533.298583984375,3193.504638671875,10.819999694824219
2023-10-23,914.8368530273438,721.0473022460938,2345.939208984375,907.3037109375,1281.544189453125,374.1564636230469,2879.974853515625,1118.1162109375,523.685791015625,3116.37548828125,10.90999984741211
2023-10-25,898.5717163085938,716.47509765625,2340.08251953125,893.7909545898438,1262.560302734375,371.40972900390625,2838.89208984375,1115.5225830078125,526.7637329101562,3098.052978515625,11.3100004196167
2023-10-26,881.9171142578125,700.6279907226562,2339.232421875,886.5224609375,1252.7919921875,372.8260498046875,2788.755859375,1099.9849853515625,518.0506591796875,3049.298583984375,11.729999542236328
2023-10-27,890.7800903320312,703.380859375,2344.569580078125,890.5225830078125,1272.0521240234375,372.3110046386719,2825.068115234375,1119.40087890625,531.4517822265625,3062.275390625,10.90999984741211
2023-10-30,902.126708984375,711.0171508789062,2341.59375,902.376708984375,1269.0111083984375,369.47845458984375,2848.87109375,1142.47265625,535.2874145507812,3087.497802734375,11.489999771118164
2023-10-31,890.5853271484375,706.8997192382812,2346.411376953125,893.0592041015625,1261.039794921875,367.71881103515625,2851.499267578125,1130.3192138671875,535.6188354492188,3078.5419921875,11.829999923706055
2023-11-01,889.6600952148438,705.9422607421875,2335.312255859375,891.7908935546875,1247.90771484375,367.4613342285156,2818.642822265625,1135.0126953125,536.4239501953125,3043.723876953125,12.050000190734863
2023-11-02,899.7892456054688,707.0194702148438,2366.284912109375,897.5472412109375,1262.6524658203125,370.07928466796875,2840.83935546875,1146.2767333984375,541.8222045898438,3070.6376953125,11.079999923706055
2023-11-03,906.5094604492188,710.370849609375,2387.64697265625,911.0599365234375,1280.0697021484375,371.8818359375,2834.170654296875,1146.0296630859375,547.5520629882812,3062.2294921875,10.880000114440918
2023-11-06,914.739501953125,715.5175170898438,2376.370849609375,922.42626953125,1293.20166015625,373.6843566894531,2896.6708984375,1155.564697265625,543.9531860351562,3089.05126953125,11.109999656677246
2023-11-07,912.7428588867188,712.0465087890625,2375.467041015625,925.0116577148438,1294.1231689453125,371.40972900390625,2882.8955078125,1148.0552978515625,549.0673828125,3080.095458984375,11.1899995803833
2023-11-08,912.353271484375,714.105224609375,2397.2578125,912.9624633789062,1281.86669921875,375.0577697753906,2917.11474609375,1154.033203125,549.5882568359375,3090.23974609375,11.039999961853027
2023-11-09,908.0678100585938,711.280517578125,2356.674072265625,914.5234985351562,1266.9376220703125,372.86895751953125,2944.76318359375,1141.50927734375,547.741455078125,3059.0771484375,10.979999542236328
2023-11-10,911.1358032226562,714.0812377929688,2366.047119140625,915.7431030273438,1261.4544677734375,374.7143859863281,2952.9404296875,1143.6583251953125,548.8306884765625,3046.282958984375,11.109999656677246
2023-11-13,910.6488037109375,712.78857421875,2358.053955078125,911.6941528320312,1265.7857666015625,374.2422790527344,2967.786376953125,1143.5101318359375,550.5827026367188,3044.546630859375,11.1899995803833
2023-11-15,925.2581787109375,720.2573852539062,2365.904052734375,918.18212890625,1299.836669921875,379.3495178222656,2983.80126953125,1164.185791015625,553.7554321289062,3111.029296875,11.140000343322754
2023-11-16,924.8198852539062,722.1484985351562,2370.471435546875,913.2063598632812,1331.5377197265625,376.5169677734375,2970.366455078125,1166.285400390625,553.7081298828125,3196.520751953125,11.649999618530273
2023-11-17,922.6284790039062,720.5924682617188,2406.24951171875,899.4009399414062,1324.764404296875,377.0319519042969,3026.684814453125,1163.7410888671875,533.251220703125,3200.72412109375,11.829999923706055
2023-11-20,936.361328125,720.640380859375,2384.982421875,899.0107421875,1323.8890380859375,374.9289855957031,3007.019775390625,1160.6781005859375,533.9141845703125,3216.39697265625,12.149999618530273
2023-11-21,945.5651245117188,726.74462890625,2383.841064453125,903.5474853515625,1326.1007080078125,374.4568786621094,2993.43896484375,1175.2769775390625,531.7832641601562,3207.806640625,12.229999542236328
2023-11-22,944.4937744140625,724.1593017578125,2399.68359375,900.279052734375,1343.4256591796875,377.4181823730469,3000.69189453125,1179.87158203125,529.3682250976562,3226.03759765625,11.869999885559082
2023-11-23,951.2141723632812,728.3485107421875,2397.780517578125,900.52294921875,1335.5465087890625,377.9761047363281,2965.011962890625,1183.47802734375,530.3153076171875,3206.0244140625,11.319999694824219
2023-11-24,947.8052978515625,733.5192260742188,2393.308349609375,906.7671508789062,1324.626220703125,375.7873229980469,2973.384521484375,1182.6875,530.694091796875,3159.281005859375,11.329999923706055
2023-11-28,959.249267578125,731.8674926757812,2388.8837890625,902.9620361328125,1329.5103759765625,373.5985107421875,2969.2470703125,1182.9345703125,534.5771484375,3171.20654296875,12.180000305175781
2023-11-29,969.4757690429688,746.4699096679688,2402.68115234375,916.7186889648438,1345.08447265625,375.2723388671875,3002.103515625,1186.047119140625,538.5075073242188,3211.05029296875,12.710000038146973
2023-11-30,988.2731323242188,746.3023071289062,2422.1875,912.1820068359375,1340.983642578125,374.07061767578125,3026.87939453125,1174.5606689453125,534.8612670898438,3187.154052734375,12.6899995803833
2023-12-01,988.2731323242188,744.674560546875,2439.410400390625,923.6458129882812,1338.357177734375,386.08758544921875,3106.1728515625,1182.8853759765625,541.4907836914062,3209.13134765625,12.380000114440918
2023-12-04,1005.9990844726562,770.5279541015625,2476.187255859375,967.0621337890625,1349.4619140625,389.7355651855469,3225.819091796875,1195.6810302734375,563.2261962890625,3209.862548828125,12.989999771118164
2023-12-05,1004.2459716796875,777.374267578125,2439.02978515625,988.7703247070312,1339.8775634765625,387.7613830566406,3227.668701171875,1204.3514404296875,576.0590209960938,3227.363037109375,13.460000038146973
2023-12-06,997.7691650390625,779.3372802734375,2443.216552734375,978.8186645507812,1358.6312255859375,397.6324157714844,3302.484130859375,1215.887451171875,576.2484741210938,3293.617431640625,13.739999771118164
2023-12-07,973.9559326171875,780.60595703125,2396.21044921875,974.6721801757812,1350.89013671875,393.2119445800781,3266.755859375,1213.886474609375,579.3264770507812,3303.48681640625,12.670000076293945
2023-12-08,974.199462890625,791.4979248046875,2400.064208984375,986.2335815429688,1374.1593017578125,385.5296630859375,3289.0009765625,1213.244140625,581.6468505859375,3314.27001953125,12.470000267028809
2023-12-11,974.7838745117188,790.444580078125,2382.318359375,992.3314208984375,1371.7171630859375,388.3622131347656,3296.156005859375,1215.0228271484375,581.7415771484375,3329.074951171875,12.760000228881836
2023-12-12,969.3297119140625,782.5927734375,2381.4619140625,990.9655151367188,1360.243896484375,388.920166015625,3253.9052734375,1197.5830078125,579.989501953125,3355.75927734375,12.710000038146973
2023-12-13,973.858642578125,780.8214721679688,2390.168212890625,989.2093505859375,1335.316162109375,391.1089782714844,3309.78564453125,1202.4739990234375,587.0451049804688,3283.976318359375,12.069999694824219
2023-12-14,979.0205688476562,790.0377197265625,2394.40283203125,1008.4783935546875,1383.6510009765625,394.9286193847656,3342.203857421875,1217.39404296875,590.6441040039062,3351.326904296875,12.319999694824219
2023-12-15,966.7000122070312,793.101806640625,2400.635498046875,1012.1370849609375,1454.5638427734375,393.2977294921875,3395.650146484375,1232.9317626953125,613.942138671875,3528.386474609375,13.130000114440918
2023-12-18,964.4598388671875,792.69482421875,2412.624755859375,996.5755004882812,1441.6160888671875,387.6755065917969,3399.155029296875,1245.4803466796875,614.1788330078125,3526.74169921875,13.899999618530273
2023-12-19,962.706787109375,791.3543090820312,2436.603759765625,990.7216186523438,1436.0406494140625,391.4952392578125,3406.310302734375,1263.8094482421875,620.7137451171875,3487.445556640625,13.869999885559082
2023-12-20,946.2468872070312,793.3171997070312,2433.558837890625,982.1359252929688,1415.85888671875,387.11761474609375,3327.990478515625,1248.518798828125,602.7666625976562,3454.409912109375,14.449999809265137
2023-12-21,952.4315185546875,807.5365600585938,2429.466796875,979.9407348632812,1415.4903564453125,387.5038757324219,3333.49072265625,1266.0079345703125,609.6802368164062,3461.21826171875,13.760000228881836
2023-12-22,963.778076171875,799.9481811523438,2450.781494140625,970.086669921875,1440.2799072265625,390.72271728515625,3385.866455078125,1267.2430419921875,603.0507202148438,3494.57373046875,13.710000038146973
2023-12-26,973.809814453125,805.5018920898438,2459.48828125,970.8671264648438,1422.8167724609375,391.795654296875,3397.646240234375,1273.6656494140625,604.2819213867188,3468.574462890625,14.680000305175781
2023-12-27,994.6038208007812,815.4841918945312,2481.896484375,977.8430786132812,1444.1502685546875,392.3536071777344,3450.167724609375,1278.01318359375,614.2262573242188,3482.876220703125,15.5600004196167
2023-12-28,1009.7001342773438,816.417724609375,2506.1611328125,981.4041748046875,1440.0494384765625,398.362060546875,3424.904541015625,1287.2518310546875,616.9254760742188,3472.549560546875,15.140000343322754
2023-12-29,1005.3173217773438,818.3328247070312,2534.849609375,972.33056640625,1421.8489990234375,396.6452941894531,3432.644287109375,1277.074462890625,608.0701904296875,3466.609130859375,14.5
