Date,BHARTIARTL.NS,HDFCBANK.NS,HINDUNILVR.NS,ICICIBANK.NS,INFY.NS,ITC.NS,LT.NS,RELIANCE.NS,SBIN.NS,TCS.NS,^INDIAVIX
2019-01-01,279.10701305631943,496.8557259361641,1612.2543997483856,349.02760107848036,542.7439740256513,197.09351682766595,1285.764713900091,498.98500354776144,272.5482004989024,1558.3628201859692,16.399999618530273
2019-01-02,278.24029204512976,496.0471928430494,1598.16190096317,351.9936145302456,549.0162333175056,196.8850114885047,1285.6757659458438,498.8522514846727,274.1796614718943,1578.3111567784663,16.950000762939453
2019-01-03,273.4729396762088,491.6007402853583,1593.3905933994902,351.41953112248075,551.4599213890202,196.32888421867412,1271.5276972726253,493.3635092523611,267.88029365030275,1586.8784419520948,17.149999618530273
2019-01-04,281.4474167160403,491.6585106493372,1592.1093989004696,352.85463671096363,548.9347066639544,196.67646389454717,1252.486028517157,488.8707479276948,271.00733918804684,1551.1829855031467,16.969999313354492
2019-01-07,284.2211127916253,493.2408179976943,1593.876824660399,354.95955661620576,548.6903421106242,198.2751890778146,1253.37575216307,495.0676442760691,273.2732710189699,1557.3837731063,16.450000762939453
2019-01-08,287.55827677344695,490.50353905953966,1584.5998472234028,365.2926140647718,551.8264390227971,198.4489437489129,1240.2512309321871,491.30522873951855,277.3520057336664,1555.425782978859,16.56999969482422
2019-01-09,292.88904422983785,490.00697100312703,1587.6923741957721,366.96692641090146,561.8862832625952,202.7585476859219,1239.9845551864194,494.425855651597,278.3490282798407,1565.7059282461116,16.31999969482422
2019-01-10,293.5391651151963,490.57288906159124,1589.547256060635,365.62749122602224,555.5326670081953,204.1487121825315,1244.7448377280728,491.77010133540966,278.71154190731323,1554.283154704524,15.609999656677246
2019-01-11,292.369001321308,490.61904656486416,1586.2785013831653,364.7185848931457,558.3836446676972,205.7474030521849,1240.2957057501742,493.0094485923321,277.53333043319986,1529.8061271338536,15.829999923706055
2019-01-14,290.201997454576,487.3620739132169,1573.3346163899478,362.32664147197625,578.5034257033313,204.91327224870443,1216.537951259268,487.12236004562834,275.17669981392356,1510.2246582502498,16.549999237060547
2019-01-15,294.1458440946279,491.19644898284514,1584.5113079030887,359.16926934926863,594.6317201044906,206.72057680073672,1199.4538066882951,501.0654049949557,275.1766909719915,1525.1964648831615,16.15999984741211
2019-01-16,299.25995774172105,490.85005742808977,1585.7483679977513,363.33125183467325,600.9853404094114,206.12974493873577,1211.4661930770949,506.8197201745907,277.9410945795532,1529.806567038738,16.309999465942383
2019-01-17,291.89221290481146,493.3677481743851,1572.0096049263857,361.60906627956433,601.9628415026759,205.46937914598828,1202.8352371864537,508.10329031075617,275.8565057148047,1551.8912153325928,16.43000030517578
2019-01-18,288.16506340752085,494.08389142907964,1562.8208241421974,360.12604701681994,599.6821011792555,205.1218188833135,1203.013020925717,526.6941435340066,271.77773821323103,1556.9605651192144,16.90999984741211
2019-01-21,273.47293593677813,500.43598309239576,1553.2347040533925,359.8868866064815,611.7376655732226,203.80121630122153,1189.8884150815773,548.8481079387703,268.9679753797401,1579.6909486846757,18.34000015258789
2019-01-22,270.52582492894925,495.88560286748867,1550.5839741525067,356.39468995776906,610.1085550435013,202.27197234184547,1175.8739376252283,551.9465982608722,265.5690498450622,1568.4488090298269,18.469999313354492
2019-01-23,266.45191635336107,493.3562690598246,1576.2503744789572,357.54283035890046,604.8952050477271,204.63527608891897,1162.882936175143,550.7294327776158,265.5237731433412,1558.5142403185953,18.290000915527344
2019-01-24,266.7986296207274,490.0762118747776,1576.2504863091137,352.5676581338467,602.8967482256882,196.9545213812498,1161.6817640832999,554.7130882758987,262.7592344556889,1557.8190716346105,18.3799991607666
2019-01-25,270.4391450191426,487.38523337677236,1571.5674928497012,348.8840710720163,604.3710007806147,196.5026760544366,1169.2894953376606,559.8034417307528,263.75630066637177,1582.144095903743,18.139999389648438
2019-01-28,268.14208048750163,485.5487853568815,1565.206208199331,339.5556302966703,600.0300110106767,194.24366187143772,1190.467098426606,555.9303361110078,259.7682541168409,1604.2202217121562,19.280000686645508
2019-01-29,268.4021659177047,481.1485737304415,1558.4031531055707,334.9632134662316,600.2348817816172,193.93082289521854,1164.5737107983784,545.1742589755294,259.2244282875539,1626.3378521784484,19.799999237060547
2019-01-30,271.2192678763176,475.2005871960436,1555.6640099198548,352.6633536104961,601.831922713427,194.76497857587108,1164.7517263550235,542.2307307181926,262.30608830087715,1626.7059171941398,18.43000030517578
2019-01-31,269.0956153991147,482.7076963772709,1568.1659958995303,360.36525556986186,615.3461651117188,194.3479106474353,1176.0521039980827,544.3110954962458,267.2005028657561,1651.4394189626391,17.850000381469727
2019-02-01,278.15357323337565,489.00213419401825,1619.057186985282,349.1233331681205,624.5194524419586,198.24041910855163,1187.4860469098892,555.509757122941,274.3609539178852,1663.7040348540381,17.18000030517578
2019-02-04,269.3556429707264,488.078211370303,1610.6635517721088,341.4691660602039,624.5193643090577,195.9466336371156,1180.6344970878215,574.0785419874636,258.499276127433,1680.6292798407644,16.450000762939453
2019-02-05,270.13576412682454,489.4640285812151,1621.2215133731765,340.7037720887329,622.4308051442351,193.09675581260063,1177.2088150000332,577.3760435684673,260.1308205460229,1680.261396025089,15.979999542236328
2019-02-06,269.13896542933657,491.3119808136848,1622.5467359259064,346.25297373100835,628.1642669248179,193.51377202043963,1176.3189963561863,583.2410560216659,262.62333750194,1706.3035959590857,15.970000267028809
2019-02-07,272.51945849794794,492.0049756949057,1630.1011609440325,346.15732599662806,630.2117125386012,195.32103828074358,1175.2958001573522,584.812393978493,266.475423526972,1715.3790892513773,16.219999313354492
2019-02-08,272.34604311788274,495.4582083951436,1631.8684207273814,342.90435059399204,632.5050896853397,195.4600755829621,1155.7645606728079,575.6498162527372,261.0371844951923,1708.4704273195432,15.819999694824219
2019-02-11,273.42955333769606,494.98469007140216,1603.9490706083366,339.36425991458333,629.6384459079119,193.3747990437151,1120.2613249716394,564.8051424496962,259.17909564347457,1713.7847908383978,16.360000610351562
2019-02-12,273.55961039986823,496.16279601492613,1600.9448178244288,336.78103729987413,622.7585713414279,194.97347737614356,1125.5114211242383,563.1894638560586,255.78020068983938,1692.5262877179755,15.979999542236328
2019-02-14,268.61886175027513,494.314795752911,1589.0171379178055,331.85368149301394,616.7385607843115,194.76494754185103,1096.014235321855,549.3129183280569,243.22679999649984,1696.6142533301118,16.579999923706055
2019-02-15,265.2817210947606,486.94634088637395,1581.5072316054134,332.71478905587804,611.4148635883407,195.28629641089418,1115.7234363537698,553.2523589386116,243.6799974625524,1677.8086082757143,17.540000915527344
2019-02-18,266.23519816804264,489.2331017974985,1568.3426744770347,328.1701297999308,612.3566337140543,196.3289338738065,1120.750824506118,554.4031574680856,240.64364351572814,1669.5914308691679,18.190000534057617
2019-02-19,271.7393596645979,486.9578349869339,1554.6482062168325,335.2501908953981,606.5414869315065,194.06988410769944,1130.0495654149586,548.7374981100645,242.45641305618406,1611.5790108536705,18.610000610351562
2019-02-20,269.44234298642465,487.6161856478414,1542.5880832063006,332.5712527301832,608.5481541171042,192.88820240986144,1141.305215011802,548.8702417164039,243.18148534927496,1581.1628561115465,18.469999313354492
2019-02-21,269.5723785274047,489.6835300500612,1553.2346410331295,339.6035107720643,604.4528877588086,192.3668890044293,1149.1801425031422,556.7491632550892,245.62874432464145,1586.232132820054,17.170000076293945
2019-02-22,274.33969739443654,491.5660635508789,1566.4871784589163,338.7902724352341,604.616842679198,191.8108098573827,1141.9726082023637,551.2162068932724,246.44441738215903,1578.055761279372,16.049999237060547
2019-02-25,277.37345203190375,491.99336000047094,1568.961412843963,341.9953920122857,620.8338099018117,192.64491293428767,1144.6865246177267,550.1981752407047,245.991280753065,1627.1143639827187,16.040000915527344
2019-02-26,277.80690792628445,490.8500126572805,1577.885071816053,337.450825671203,616.4107903041322,192.54068137088348,1134.4982826644532,546.5685699194651,243.0908846185373,1672.2077112421669,18.100000381469727
2019-02-27,281.9240808799975,490.7229044957676,1571.7883984065695,339.3643105450452,611.3328987735545,193.86132994122295,1152.2942820123635,551.039174906928,247.16959251785642,1696.5737175370682,19.979999542236328
2019-02-28,283.39772806220014,486.4265962357533,1552.0417242027124,336.5418149221939,608.0566316297555,192.7491909710296,1159.3683637547094,548.8038457853164,245.44744575124366,1693.629942169586,18.899999618530273
2019-03-01,275.4665550376125,485.2831378207383,1545.28279025011,339.65135013039213,608.8757185109415,193.9308551126954,1167.3765605194158,549.910453132345,248.8917144895642,1639.3790390214504,18.280000686645508
2019-03-05,268.01209712872696,487.6393155458219,1537.154600749876,348.40572928493435,608.1386618760665,197.4062939495135,1165.9972446756046,548.7816896146917,251.83743716422688,1641.0144321851544,16.860000610351562
2019-03-06,271.52261248886515,487.4544969747564,1528.4960949422332,356.72958180242495,602.8967732792421,201.0208073834501,1181.2573327134303,563.5214364477342,256.0973651538868,1647.5559964599854,15.739999771118164
2019-03-07,270.6125313673619,492.0048698391209,1519.660777099856,357.8298151151561,601.5863285895691,202.27198671059003,1207.7290728755968,566.487286832105,256.0520834867787,1654.9554608571823,15.6899995803833
2019-03-08,270.43912121243363,492.0049013967593,1517.8937411488082,357.2558022787577,592.1263937958173,203.66216175030962,1212.8008313613336,564.1190411676282,257.6382395357378,1662.2731059426947,15.40999984741211
2019-03-11,292.1956217018954,495.1695745146637,1524.9615863766978,362.0395907031392,588.4816331591883,204.9828422358293,1202.12315181175,580.7401413223661,261.9435484821661,1662.2730739119124,15.380000114440918
2019-03-12,306.8443732890031,502.3994473914626,1536.4476948287308,372.1813238559564,585.5741259768675,205.5041593354217,1248.3932427944108,590.4780995651925,262.75926762618593,1655.56870524538,15.199999809265137
2019-03-13,309.0546879556694,516.0277971400936,1551.0258794165184,376.2475396711001,588.5633656134553,206.44254616164022,1243.543586037542,601.9866858465925,266.83799091988783,1648.291712822526,15.600000381469727
2019-03-14,299.86669254826177,519.1460343513185,1547.6682098941646,376.0083796282929,585.5330380306991,205.7474465832692,1242.1642461694828,602.871946999757,267.10989925109175,1641.6691285138995,15.520000457763672
2019-03-15,298.9132116489612,522.0103614243914,1543.0740026462463,381.03135901272196,592.7816111446774,206.12974075431026,1255.3333494383673,601.4555465859182,273.0920254840792,1691.6675288064687,16.389999389648438
2019-03-18,297.8730872366033,529.3441807786268,1511.6645686942438,382.6100160321367,592.7405977059399,204.49624339705116,1256.1343132587142,601.079372818546,272.7294587366624,1688.1110958668796,17.190000534057617
2019-03-19,294.23262731302185,525.7061400945231,1510.2955088436413,383.61460133003743,595.0338449976608,208.5277925447547,1223.4341405427172,610.8394013627785,277.89582386343113,1659.8204797626279,17.18000030517578
2019-03-20,294.62261363578745,531.2729804398651,1516.5683225902587,380.9357327304375,607.974727105565,209.88321473065548,1229.707108723428,614.3805883246756,276.1283683882089,1671.9212628019818,16.489999771118164
2019-03-22,301.12358931224753,532.889864674985,1505.3920174856917,379.16569957740364,611.2918910096549,208.52777684365287,1259.0707273507355,611.2378899295851,277.7145728911682,1648.3731324197968,16.809999465942383
2019-03-25,290.2886374244917,528.4665366950876,1490.946351415045,371.1767414569602,608.0567311488095,206.4425130846934,1235.9357256247729,591.7396385052343,267.7896940000545,1641.6686774170096,17.030000686645508
2019-03-26,287.2548920653499,534.7377377792377,1494.5245547544491,378.400285731565,602.2005534720806,205.99068301970235,1235.7579605267276,607.1213086670006,276.4456282337572,1631.1622065698173,16.670000076293945
2019-03-27,288.64174523000344,537.7521599567507,1508.8817501555034,381.2227501653471,599.784334999026,206.2339901250037,1237.8042592285838,609.9320140041797,281.74795585861153,1633.6557885203042,17.420000076293945
2019-03-28,288.64176810592716,537.0476664999694,1494.9220229585555,384.52357125491767,610.1862354056029,209.91801073568607,1239.0500584250879,606.3246549025426,307.8516726381318,1647.2284021411322,17.329999923706055
2019-04-01,298.99994378393376,538.6646086817029,1520.8534752817725,391.8428594528113,622.4717598220046,207.97170308374416,1267.0790611459743,622.7021649241899,296.975095892162,1667.9554633791392,18.219999313354492
2019-04-02,311.1783793386614,535.8926438763085,1499.3395265786098,382.70572701570666,627.2221840686457,208.52781225528952,1269.7037306402271,621.0644661420826,300.0114887086816,1705.6083112309734,18.549999237060547
2019-04-03,314.6455200352041,534.9687429720723,1490.1510156692248,385.3846380492387,621.2432808053951,207.83271834068327,1259.0705418538032,621.0201023548342,301.3257166867823,1708.551914530946,18.8799991607666
2019-04-04,311.611748008241,534.2757092445916,1490.1507389930728,378.59166254088814,617.3938411773472,206.65103077827519,1240.2957696150897,612.4772302504579,295.252968232888,1700.457296965243,19.329999923706055
2019-04-05,311.82846130914476,534.4489987373114,1476.8099642368045,375.52997813955216,623.2499988207516,206.02546063147565,1239.2723574461731,603.7129859979176,293.3949360307065,1679.7707205618797,19.079999923706055
2019-04-08,315.3389663720737,536.5741297501912,1484.0989431412197,374.52539487746066,630.6621548779121,205.05233536264586,1233.9782694773694,600.8802663657594,289.36150616644375,1696.6143976414417,20.459999084472656
2019-04-09,312.91192701441406,531.9659458385138,1487.7653542336113,381.1270717313928,633.1193965174813,206.2339516576447,1234.1560851680129,593.4438019252227,286.1439081691057,1715.4201642063113,20.65999984741211
2019-04-10,307.1911089126079,527.5771538246822,1506.0987766859687,381.55758650845956,627.9594456868265,206.1297085679315,1229.7072073058307,596.6751382297164,287.3674690790084,1705.1993798750345,21.280000686645508
2019-04-11,304.46075947705685,522.7264290743095,1516.568183055793,377.4434951433978,615.7148101759008,206.75530436547956,1235.0015643506117,598.888252928807,285.8719823058363,1680.2611503780522,21.34000015258789
2019-04-12,303.68064599350987,524.8514506873962,1523.8129681511589,378.44809310261184,615.5510092910787,213.67151255759916,1229.5735700119783,600.6145623846402,286.7783227958033,1667.1791652244856,21.299999237060547
2019-04-15,302.5104321906712,529.6328699216964,1529.5560788335258,379.7875866308894,599.0062575430907,215.47875567139778,1217.2499560757394,597.0956551150056,288.86300313475175,1733.2449936716205,22.239999771118164
2019-04-16,304.3307197486307,533.559712251221,1539.0984068334376,390.7425403731351,596.1805138979311,215.44395540367833,1237.626218768714,601.9866210579718,289.4974872615964,1762.802822191767,21.889999389648438
2019-04-18,303.7672503597056,534.7493344993587,1540.9536763517779,393.23011635241886,591.757794867565,214.26230347042593,1234.6898580217494,615.1551793737904,286.2345015883239,1762.0258203927622,23.049999237060547
2019-04-22,310.7883128497839,537.0476794964162,1541.7488992202332,387.1068371201975,594.4196361752723,212.35084185702922,1219.8303924920142,605.0851649965012,283.0621493717524,1779.196832276872,24.559999465942383
2019-04-23,307.1888766457133,528.963103157431,1544.3994253834871,382.65790427153905,597.9005960105538,211.8642531454995,1214.5804396487142,607.7409611357401,284.3764641439202,1770.6112496934152,26.31999969482422
2019-04-24,308.03848231694775,527.5540376572327,1550.5839792707527,385.24112110809546,604.37097022926,213.5324603413974,1213.2010984682663,617.3904643392481,282.7449535133972,1794.7316862660118,25.1299991607666
2019-04-25,314.26910496423875,530.9957791338759,1557.2988822463249,385.001914946342,604.1662009646459,215.3396864140954,1228.4169239116266,625.1808584075831,282.79025135839095,1802.9085114985228,25.540000915527344
2019-04-26,316.91243128243724,527.8081332882931,1546.8731723233782,390.359821121431,605.9270849964533,212.97637303142997,1216.3602139385212,617.8994831602779,284.14984833984374,1834.7559048762644,23.959999084472656
2019-04-30,308.5105301505683,535.8926811538856,1556.768677272253,392.08195465630365,617.393747527244,213.775759038388,1215.9151491646574,618.0986346931494,282.79028659839736,1853.5613794538224,22.780000686645508
2019-05-02,310.9649966314768,545.0513802665977,1557.2106941466452,387.4895234937139,612.9709529796536,213.0458844345128,1224.8131596513483,625.8448682453895,282.24645235398884,1847.387771328523,23.270000457763672
2019-05-03,315.1659242681704,549.2901324686778,1525.8453265282556,387.6809089659519,598.7196213863281,213.7062305298486,1221.8767994218144,627.438286626026,282.60897978840455,1787.4142445970822,24.149999618530273
2019-05-06,317.57322777499405,543.2612679283291,1490.5044523955412,387.39388144290086,591.1844930199576,213.74100059375215,1214.4468637821649,620.9315793269321,281.2493586378542,1770.202898290829,27.84000015258789
2019-05-07,321.7742035530448,544.67025484565,1511.6206103628003,389.7379716492004,596.1805264763262,215.13118388260264,1222.9002429570087,617.4790489756616,284.05921309404334,1786.02443275273,26.809999465942383
2019-05-08,309.1241298066098,536.7705600679095,1499.7815216393435,373.1380732725271,594.6243826696974,210.89112101467987,1219.9194129533712,593.1339293378248,276.7175062507553,1772.6551920521422,27.030000686645508
2019-05-09,307.94404789291735,531.27297510552,1513.4760608205704,369.0239854136498,598.146266679576,209.4314167407365,1217.9616817355209,570.4709655524047,272.820091273359,1785.8198231047108,26.5
2019-05-10,310.020935127528,537.0245208044392,1509.9418321868632,372.3726907841893,594.6245034640656,208.84058076237284,1212.356059694589,565.5576740793575,281.65731774996726,1792.278906938621,26.530000686645508
2019-05-13,309.02969464457544,534.356660411027,1517.0101796025815,369.07182984961474,594.9930104776504,210.96063621454985,1205.682593662201,558.0770407016413,284.7843082634513,1771.8376824675206,28.059999465942383
2019-05-14,320.68856868381744,533.8138171552147,1510.8256847436617,370.02861502339323,587.8673180432361,207.311387367256,1199.1424571082189,561.8616578495395,287.0955707708615,1765.9508087917145,27.760000228881836
2019-05-15,319.08366463365974,532.9360646605759,1504.6408931918947,367.8758919137844,593.9692420392363,208.04122692389154,1205.6823848070803,565.6904447842285,288.1379080844804,1736.6790528172878,29.079999923706055
2019-05-16,314.64672927902757,535.6617456142593,1501.9903202765868,368.3542827531403,603.6338584860183,206.44254852171642,1199.4540200309789,562.9903444412419,287.41282633635984,1736.6786860458653,29.329999923706055
2019-05-17,312.19221559279197,547.2804135138473,1539.2747251905864,375.05155912163883,602.6510490659829,210.16129576740468,1220.3644723768753,565.2256280048427,291.8087765012657,1745.6731241879988,29.229999542236328
2019-05-20,322.81260786807474,563.3110408856753,1569.7122989788882,396.10044931275195,594.9520096289493,213.77576315145248,1294.6627488440556,592.1159710878152,313.4258277176506,1759.082018145374,28.079999923706055
2019-05-21,321.06614807258137,565.7825920843898,1588.0897377363992,393.03877750159324,591.8805883355938,215.47872928471412,1300.9357267248308,605.0851552655346,315.01203283338054,1756.874840085661,28.100000381469727
2019-05-22,319.0364991113569,560.3774629712018,1577.0897632003062,390.7425519406848,588.2766734597212,214.66451380712056,1311.0351917595156,601.8539280461488,310.5254621035995,1735.0027301587077,30.18000030517578
2019-05-23,329.4680813675247,563.5881696174722,1594.6717947947504,409.44731564420505,587.0072323712471,216.64950026542533,1390.2273729996505,616.1511018080408,329.9219863000871,1729.606197724698,27.6299991607666
2019-05-24,336.0762950529949,551.1726079986589,1554.824994407915,414.80517196199696,582.9531099700822,206.7598892964566,1378.4820852267248,599.2423803435563,323.57736826407245,1692.5259178876877,19.40999984741211
2019-05-27,332.2057805197452,559.4304439504767,1569.0937869916302,419.82811704872927,584.6319878884138,208.1068974569725,1423.6839657738094,592.0274353972119,328.562402960939,1691.6677036736469,17.34000015258789
2019-05-28,332.0169678197935,558.9915972457638,1577.973394044461,420.21084243338095,600.7262643120674,207.00807410358752,1429.9127240294538,590.8322514138105,327.8373139204665,1715.0118588475739,16.540000915527344
2019-05-29,325.8335731069426,561.4862220148497,1580.9330468482663,411.8392097215416,600.8900575036598,206.79539224740245,1420.9701141561654,590.1683104518131,325.3901242437019,1736.4339003425068,16.510000228881836
2019-05-30,329.98725885702856,565.436225754641,1583.274309934146,409.495113249426,603.8385701423382,206.33456777838498,1396.4116914461524,594.019223371127,321.7645781323397,1763.293709438489,16.40999984741211
2019-05-31,332.6777664928214,569.3860792387214,1592.6840107640573,411.6000413685264,608.5071968742748,206.6536004590855,1407.2229625493262,593.9749741568739,324.39306822434224,1802.8674099476336,16.790000915527344
2019-06-03,335.8402718022593,568.1849363235506,1630.1010532139521,407.96430627329806,615.0186092640191,199.56428450654698,1396.9899906885576,605.1958488284881,323.0788033099418,1837.780410588335,16.229999542236328
2019-06-04,336.02906785368197,569.5592954303602,1630.542866507613,404.472164816182,605.6404987109646,200.02504527231036,1410.3369663078793,608.2943859623259,323.75859484763714,1833.1590187316497,15.970000267028809
2019-06-06,336.02906800824496,570.5408976206226,1634.4305132299667,399.7839804437799,609.8994897843149,198.78445767747587,1398.5915414302337,602.8277324367702,316.8701254891006,1812.5527183002105,15.930000305175781
2019-06-07,341.6932834705323,566.9028407126615,1629.8800719106328,400.83641463698075,609.3263267009278,196.2323008878742,1364.6903943793118,587.4903046969813,310.6613928489028,1804.9698251550162,15.729999542236328
2019-06-10,344.24218758419056,570.529370583856,1647.7274881032636,404.4720957053532,617.639476432635,198.89079333270163,1372.0754236945802,587.3796605611984,314.78548279496897,1842.9275416074888,15.449999809265137
2019-06-11,346.4134837208735,568.2079394221682,1640.5268610150629,405.3810619474643,621.6528518673814,199.49336336999588,1370.4739465835714,590.6994905962937,315.69182532114235,1866.0881470282327,14.979999542236328
2019-06-12,342.11813314558674,565.5514984213698,1637.390357565369,403.7545783668043,619.973800912091,199.49338421389533,1357.7496818679738,592.4258560740252,314.4682324225635,1868.5199140557002,14.710000038146973
2019-06-13,344.52542132641344,566.3831859438432,1633.3702014152095,404.04155912360113,620.6332782556069,199.45792417916047,1360.5082653556171,590.787998934032,314.9214349941365,1883.439227334651,14.289999961853027
2019-06-14,342.6373457260405,567.9885279380742,1637.3900702382266,403.7545109765391,619.2211914190895,198.85532812207762,1370.2070061799857,586.4944812040294,313.9244120015773,1865.3878074601262,14.119999885559082
2019-06-17,335.69870175557327,563.5881579568276,1618.526941704371,401.5540130552695,618.390484853465,197.68558725707095,1367.6266249706787,584.2812339912606,311.56781548161183,1864.4807703433612,14.960000038146973
2019-06-18,327.9104314690597,561.7633383752197,1606.3786336519777,407.6294464770375,624.9940156434141,196.97665679387774,1352.4554433100907,570.0947629240811,311.79441140155785,1862.8326906001876,14.970000267028809
2019-06-19,328.523987925388,564.7431596096466,1612.3864983424173,407.58157782135305,627.4441283933845,197.7210581810896,1361.3978252888096,576.3137950100071,312.882069079207,1876.0204555692997,15.300000190734863
2019-06-20,330.4121249207099,566.4171256891249,1610.2462021575566,415.8576070146823,628.6900932329605,197.04758836523723,1390.7614537052782,575.4285481413866,313.83375346765547,1882.6152455344486,15.1899995803833
2019-06-21,330.31765815677863,564.7203684930197,1612.515691215491,416.38382795492527,627.111865186994,196.1259567923759,1396.945480086196,573.6579750124874,317.86715216537567,1889.621009364122,14.829999923706055
2019-06-24,329.04322752774124,564.9295763805668,1581.9026456323834,415.044347696079,624.5370664570473,196.72852577831293,1391.161939559878,565.00424028067,321.53799425384784,1879.3175778675018,15.670000076293945
2019-06-25,332.30017150042715,567.4630136671306,1574.8724752108217,416.00109093673115,623.7064911639183,198.50087756524601,1380.9735672842019,574.543164242957,323.57734577945007,1874.743103907319,15.59000015258789
2019-06-26,332.30018706965984,574.0871119782346,1570.6897638116216,420.97629953297286,624.1632762731413,197.5792810606025,1391.428538461357,577.4646873103839,325.3900871678843,1868.4377872348741,15.199999809265137
2019-06-27,331.2145391271019,579.7814631229475,1590.7572595354168,424.7076605121413,618.5566445577194,197.22479685108797,1396.0556213029417,574.0562431959233,329.0156059725973,1866.1292885829807,14.890000343322754
2019-06-28,330.4120943252854,575.2492095088716,1593.5159022062405,421.4546527716153,614.2375240638607,195.27526295656986,1400.4602374891876,567.837229088313,330.82836491673874,1864.4397407376762,15.069999694824219
2019-07-01,330.2704616394833,578.5030840120529,1600.8577991043846,422.8898241742597,612.5761948364407,195.8423955172628,1396.100246179505,563.3223546770223,329.0155851094809,1858.711128192276,15.020000457763672
2019-07-02,334.66024761484033,580.4787649028525,1600.0567081159022,420.9762746180953,616.0233008316542,195.41703669690577,1393.3863860663564,567.0183638748772,330.82837265705376,1860.3598493463458,14.829999923706055
2019-07-03,336.54831058997513,581.8268566471236,1599.0334889556552,420.9763244642536,617.3106921765145,196.76395605896053,1409.3582772828622,569.4529239698368,332.3692221154036,1861.8439147082859,14.319999694824219
2019-07-04,344.57261736163167,580.5716989566844,1600.6797508749817,422.31576361819805,611.66248953749,197.26024357199373,1415.320099739257,571.4448046030109,336.17598882887734,1856.2380582662938,13.699999809265137
2019-07-05,350.37840224337515,579.8860067995332,1616.0752177712131,420.88060186406415,611.662487261817,199.81240387730827,1416.2542476000324,571.2233922716598,338.623200456226,1854.5897216474202,13.970000267028809
2019-07-08,344.00616517947844,575.1562610091229,1588.2657390852346,416.52736619590866,602.1520857727191,200.55678240540425,1380.3060565952167,561.3084353173435,333.95540690374116,1804.1453330375027,14.039999961853027
2019-07-09,342.92057814056056,560.327564150784,1562.6806212738832,411.2172926777893,597.9158753745627,196.7640146436929,1368.8722721890151,568.1249169517715,326.29645123435324,1792.2754967468275,14.220000267028809
2019-07-10,344.4782272435779,557.3525579703036,1561.7018216987558,413.99190754468947,600.2832538636409,195.133458112953,1361.0419684436026,570.7143885662242,327.6560461420251,1753.9065915114388,13.960000038146973
2019-07-11,342.11814891537705,561.0713134779343,1550.8005510773044,414.1832780178588,600.9476616556084,196.3031565011273,1346.2266111189267,570.913580866762,329.92196104337177,1754.8545555091735,13.640000343322754
2019-07-12,340.6076672439652,562.001097964859,1546.884800129452,414.27894089101187,606.8450524311194,195.98414407367142,1333.8138347188662,575.4284132224296,332.23325000671207,1747.2301614176513,12.550000190734863
2019-07-15,339.28601255909285,558.5147265043895,1534.8263617655375,409.87783319492297,649.2476667383165,195.3815795935069,1311.5243795932774,570.7807762086532,330.8283537255688,1775.1316670489282,12.520000457763672
2019-07-16,335.0850533918956,562.0011291708336,1557.87521247722,411.9348565147841,654.3560158198262,193.36113096662027,1302.6711785566597,573.171001945822,331.7347166069982,1761.8445263289318,12.020000457763672
2019-07-17,333.62181121257504,560.5136254483771,1571.1790610961111,408.586171758909,660.3364319347548,193.64468138835196,1308.4992160875036,574.1005010711244,338.57791396663265,1755.6485590370025,11.90999984741211
2019-07-18,331.5448931146228,564.5577238387706,1571.5795862419043,407.10318786778817,663.2435025124355,195.02708888298295,1294.6182794925548,569.4086308695252,338.80447816267355,1748.377858240154,11.979999542236328
2019-07-19,326.6359102070389,562.6286075596316,1567.9757917026639,402.17589335598007,659.9210961708561,194.42451426549047,1287.3663949189022,563.4551309237335,331.7800269807647,1732.5149263205335,12.680000305175781
2019-07-22,324.2758942752717,546.1614978477036,1534.826416557624,396.0611501677077,657.8445508383775,190.13547613719822,1262.629768999514,568.5674954847713,325.8885943673132,1749.4106072638672,13.399999618530273
2019-07-23,328.9960028413534,533.2967562598584,1514.2250550533688,398.9863710626251,667.8118363474424,192.61672029724096,1258.892755013994,572.7283212128182,319.9518163844251,1759.7791702951542,13.779999732971191
2019-07-24,325.45585643688077,532.9480945598887,1541.3226045065283,395.0060569816309,659.2981760322863,193.7864582523538,1280.044257532556,566.0445268142822,312.4288742044545,1752.1788458196413,14.479999542236328
2019-07-25,324.228652567041,538.1660048653456,1557.2521121887178,396.92432459932695,664.6555789884969,193.1838867577756,1264.4515846763434,561.7288456848177,311.0693410312098,1763.9103234923664,13.550000190734863
2019-07-26,319.9333192029539,533.0990468519303,1550.2217853166483,402.2473286090736,660.3362998332274,192.1204955055248,1259.3592462856525,549.9768774552333,313.74308605350353,1759.6143394652797,13.3100004196167
2019-07-29,317.6204531111315,528.4274281538535,1548.2642369741907,417.5450166546353,661.9559985868507,192.22681448972622,1260.0353020401362,540.9027468061763,314.1056712282738,1769.6934236768266,13.529999732971191
2019-07-30,328.8072354746563,527.8813519493326,1543.4143229653628,420.75796362281636,662.6620641304783,191.48242351969157,1255.663826078812,540.0176084680503,314.24164218525283,1805.2196299423313,13.869999885559082
2019-07-31,333.952163106204,526.9050714818712,1560.0555165136748,412.60559492952876,664.3233201399,192.19139393144184,1259.9900052146763,524.5251884932695,302.0055307219456,1827.2786576721217,14.550000190734863
2019-08-01,319.7917052561748,521.7882855357396,1552.6246483961936,408.9130728219231,654.8544081178437,191.90781702626393,1249.2194795466055,525.9416230925917,300.46467567410747,1832.0704364529422,15.279999732971191
2019-08-02,335.08508548562827,518.0612142609386,1550.2214927222922,400.76073983954194,647.7941443383114,189.42656514667226,1241.017310216607,533.5738699720014,292.08061990404946,1825.8741292533778,16.15999984741211
2019-08-05,341.4100809404876,512.4705838134178,1560.411275621204,390.0187498148619,652.7778695858208,187.5124518749096,1224.7036363667773,519.6584669265505,274.4969417552908,1860.781006962774,17.81999969482422
2019-08-06,354.39058140233783,514.858262989048,1566.2404001996968,394.6704043911987,650.9505550816942,185.38563105118035,1261.2971214191234,511.9102698816642,275.76583360123124,1860.5327704313606,16.790000915527344
2019-08-07,352.0776838889607,512.9365637642996,1590.1790778262402,398.0272208730673,650.7428447171175,183.8614368224412,1252.7347325516434,506.9897732425716,274.13435085654083,1849.4203988709385,16.90999984741211
2019-08-08,357.5531021577237,522.487181865013,1608.0660046936582,399.5618179058178,658.4674665399663,183.40060837768428,1236.6010935325119,515.6506970351464,267.8350245265525,1884.5333795068059,16.739999771118164
2019-08-09,352.8328868926599,533.2024268401913,1643.3508395380702,405.1246234917203,661.7898960018398,183.5069806619047,1255.0780450286136,523.4434533759943,270.1009626418135,1873.710486479262,16.15999984741211
2019-08-13,344.5726194405417,529.5452232805699,1635.653113333162,404.45325479835344,652.8608265951904,180.06865000141352,1234.7982951334357,580.1292670325504,264.25480139136846,1855.8236969176307,18.010000228881836
2019-08-14,343.4870153452696,520.7166158883374,1650.02537747956,404.9328072306459,646.4236654250881,179.78506786397995,1208.6153282011699,580.8641307811267,263.9828900657305,1832.3601869407044,17.780000686645508
2019-08-16,344.5725867395985,520.1576342469345,1644.1519488749295,402.8227801057593,647.9186451022463,179.6432653225653,1207.6690317600926,575.231061711341,265.3877640070851,1851.8167595284838,17.43000030517578
2019-08-19,345.7526413879353,522.254206208076,1641.8827061115535,410.39966795975414,650.36904586431,182.40811048072442,1226.6413682508166,577.4575220402612,265.0252353184527,1806.0453983047635,17.020000457763672
2019-08-20,342.07092460107935,518.9463912578008,1646.0651033545962,405.89190744966515,662.8283028507865,178.61531862236535,1221.7746273882117,575.5873021365318,260.49329486477046,1821.7432031383976,17.100000381469727
2019-08-21,340.04122950912017,522.0677393053584,1651.4492540844067,401.57595722689024,667.6040905349587,175.03523689317262,1209.4716895569538,569.3755030810053,258.86183823921976,1819.2648623205198,17.329999923706055
2019-08-22,337.20912266650777,517.3275014081796,1673.0293279781756,395.6295164160634,665.5691297436542,174.39719693046712,1196.447337281757,565.9690001563606,252.24527672833906,1847.0658007369038,18.1200008392334
2019-08-23,338.86116108411505,507.11296119826795,1670.670981688389,386.9975507211958,672.7540136825688,169.75370775735593,1169.4081486686862,571.7577344689116,249.48084328306544,1867.1005626890892,18.260000228881836
2019-08-26,342.3541560246088,527.8797050899162,1676.3218701438327,397.0681345252524,670.1375830228723,172.58943196133333,1210.64311437372,576.2107721314826,261.03716805600425,1885.3596183928632,19.149999618530273
2019-08-27,347.5934782387017,529.4519404208985,1681.038523629957,403.30235982673656,660.2947924717554,174.60987566871214,1243.7664475019371,572.2030462418404,261.03717547168725,1879.452308794409,16.829999923706055
2019-08-28,329.94003356158186,525.8297715874747,1644.9083415584032,401.1443548837657,668.6425085335134,175.56694852385593,1234.7985755906768,570.4219432426154,259.81358052120646,1860.697898058403,17.3799991607666
2019-08-29,330.17610422097476,524.9795286472989,1640.6812742112288,393.9990247396658,672.5463894978872,174.00726948466706,1221.2788044392514,561.1820993687841,257.6835439690577,1857.4349243420672,17.450000762939453
2019-08-30,330.034484806878,526.4470999047414,1678.7250511346813,395.96519467959456,678.9004977936854,175.2479105453215,1222.9913343481037,558.5772157446298,251.92807378475635,1872.140912979581,17.3799991607666
2019-09-03,326.58871439305733,517.3624328639492,1669.2920788426259,389.778987297142,683.095190297031,173.298330180621,1196.0420768173449,553.5007833479864,246.53507980904,1897.0916142807343,18.270000457763672
2019-09-04,327.9104463666454,529.7083349625667,1654.385831806632,383.30504405674225,683.1366202423644,173.369235603623,1184.595485408295,536.6909483563797,250.0246481292229,1875.4457545472198,18.309999465942383
2019-09-05,329.79847722385034,529.3355060795809,1640.9483149210146,377.88611577286514,695.6374718031185,175.03524087638644,1205.9562405266765,540.2309641543467,250.47780526877318,1861.937094452083,17.700000762939453
2019-09-06,334.18821726940405,525.6551138940729,1640.4141781546998,378.36564713445523,703.5281098070486,174.29086474058425,1202.3512984435104,547.266641257182,251.06699630179773,1845.2897465103724,17.270000457763672
2019-09-09,337.39796457872575,526.6567261455742,1653.451344061295,384.0243922795993,697.9629557865748,174.7516606250337,1227.4077661755819,549.0477457084417,252.60786510323234,1819.9668620291802,16.639999389648438
2019-09-11,341.69328392855994,529.7082860651805,1644.1518150478955,382.68158960230704,688.2033719794862,174.00728249478354,1247.2367937210151,552.1648395776373,259.0884496459344,1813.481847113111,15.850000381469727
2019-09-12,338.3419972402603,533.1557700005759,1631.7376097837696,390.5462743693218,680.9771427499949,173.68823861339453,1243.5862402012906,552.3651834163759,261.76224970955576,1788.695620184213,15.369999885559082
2019-09-13,330.12889292636055,528.1824390193922,1624.0845724033684,397.9313284722338,690.27992562916,171.88048032302513,1232.0494922720022,547.0440021410868,265.11590035848997,1782.8708523328032,15.199999809265137
2019-09-16,326.0695495368653,527.0644173602195,1623.8619751961305,398.6506797309326,696.0110843808967,170.7461958329886,1223.0362873406275,542.858204835973,263.2578224383466,1795.6361773345081,15.3100004196167
2019-09-17,329.2792521515209,523.7682440556035,1639.2127473887072,395.05405624414243,693.5607777989896,170.2144831440644,1212.2655747210279,539.2513017834867,259.6322893697929,1781.714291858883,16.309999465942383
2019-09-18,324.88945109450015,518.0961636656313,1640.9481834446967,388.86783020572454,691.8581914651727,171.77413281752675,1197.3039731928832,541.6113996591116,256.4599802260977,1770.4782835981605,16.190000534057617
2019-09-19,323.378981821117,515.7551332650024,1640.6366618722984,379.5165894543142,686.9158880972077,170.10814802251724,1189.9130002555564,538.6723734072475,253.74083186236513,1764.5713872943002,15.970000267028809
2019-09-20,344.6669927399172,563.6710473120655,1772.6991617353092,406.65921126497005,693.5607451444827,176.16952462469612,1276.6643347318318,565.4791456790705,278.84749785801284,1759.2833745272367,17.049999237060547
2019-09-23,341.976487080939,597.5873362774947,1869.3880203672886,431.59583825833585,670.2208145142296,184.67670547361476,1397.936030364481,570.4219587525063,286.4157872416584,1734.1675939117206,17.639999389648438
2019-09-24,332.30018665431334,587.920309391531,1840.243105125948,430.3010510171267,663.3681470169731,182.90435667624394,1373.6006345381593,578.3480393664148,285.64537149361104,1702.7725616354496,18.530000686645508
2019-09-25,331.30893186992824,582.3064168753895,1835.3931437030003,422.91595380338885,665.3200486679606,181.66374440457355,1335.474864989242,576.6560528769686,269.6477642620811,1728.384299996341,17.420000076293945
2019-09-26,327.6271367787064,594.0000648421781,1846.5618147458224,439.89209080596623,661.9977139601846,178.22541953015846,1347.4625835251902,578.3480825353281,262.7592765647649,1740.7764866720229,17.010000228881836
2019-09-27,335.0378732014678,583.9835466293503,1819.5529922465234,433.37019693047773,659.7133903772483,182.90436550588123,1344.4881791006167,585.5619288812624,259.2697107271759,1722.765797162784,16.81999969482422
2019-09-30,353.9185658674351,577.6941981667325,1795.7477940408166,426.9441927771855,671.134290370211,184.88936263364718,1337.548175648105,594.8017698849055,255.46293848053634,1738.2979566873398,16.510000228881836
2019-10-01,349.906404121959,584.682332014033,1797.527445336828,425.0739179929473,670.7606469775567,186.05909289633468,1348.769462589079,597.5849362038297,249.70741356577008,1731.647905755159,18.219999313354492
2019-10-03,335.69870194316,579.4646375734718,1766.7368991048409,416.8256489477711,662.7034963091131,185.84644188267197,1329.8869205982478,585.4283468989939,236.29303110613557,1719.4199471468776,18.049999237060547
2019-10-04,329.18487783380215,577.5077328317094,1759.6174575911796,411.7424225170253,662.4959587858216,187.08708846044007,1328.5350764312293,591.6179488730752,236.11175602566504,1725.0381971381744,17.950000762939453
2019-10-07,327.3439338292964,568.3065495553983,1746.8472175269976,406.1796230444749,666.1506358965884,182.90436004462575,1287.9758142103522,588.144574835985,229.67647203135573,1730.4494221913662,18.43000030517578
2019-10-09,340.6548616626713,572.9887560869607,1746.6248353669223,420.47023827135104,661.0839297560707,178.7925729527488,1291.9417226442215,592.2192088311317,237.4713097355689,1701.946099680947,18.329999923706055
2019-10-10,363.4533248434302,571.1484293621082,1764.245040922619,413.85244258020964,660.0871696532703,175.56690085457183,1290.6798955905215,609.6077461918198,233.8457965892598,1684.6376821932333,17.540000915527344
2019-10-11,363.7837071611835,570.24009237753,1794.8580537505989,415.5308923815789,684.2581001693809,174.53897860142868,1306.9033940455813,608.0938310517881,236.92748412768142,1648.2438232949494,18.280000686645508
2019-10-14,374.7817239366667,568.3298799082893,1807.80627503828,418.5520285694508,661.9975974928145,174.68076050467516,1297.800321567553,607.8043293742732,235.11472519970005,1679.4324333723202,17.959999084472656
2019-10-15,370.0143763027185,570.7059332726899,1848.6083767090593,417.6409441641232,644.5131967401363,176.66578509399667,1302.216670083987,610.0532287991813,235.56791039903277,1691.2057505763182,17.43000030517578
2019-10-16,365.15254274782643,575.3647536685824,1851.0110133238773,421.52524861696406,644.5132045758913,175.53147926830232,1299.51285165584,614.350224276401,237.42601261707244,1698.641585305846,16.950000762939453
2019-10-17,365.8133697074853,572.9653945997602,1875.9286320536312,425.21779119480277,640.0278939443645,174.89344225677027,1296.6284966923597,622.9666568670059,241.0968403357635,1721.6282321030355,16.360000610351562
2019-10-18,364.77493442903875,574.8289149519666,1883.0483460642358,425.55349968303756,642.7274288863458,175.67325571548443,1313.2128105023298,635.835655393317,245.94597639683695,1743.507768848983,16.149999618530273
2019-10-22,374.3096640082371,585.6141990728054,1912.4148849170253,439.9400590233935,574.0358692854535,178.01275149788117,1322.9469913081791,639.8210196591194,249.25422738968993,1783.7183738262768,17.1200008392334
2019-10-23,356.8450168610692,582.2365281210541,1912.0232375835626,440.2277656714065,552.2866776768807,178.6153175333876,1305.9119362134386,634.967289889059,251.79209330912795,1760.3608618275866,16.850000381469727
2019-10-24,355.28744677493484,584.2863969541219,1923.2496284704794,440.2277638087763,549.3849636569544,180.0686316033955,1322.2257685848588,641.8471160772802,251.65613652286785,1773.1592022605405,16.780000686645508
2019-10-25,357.2226711872224,580.8853853837359,1929.0639404905119,451.40129959388133,548.7963569638819,182.3372296951348,1299.4226071436156,641.8693395842341,257.54758517518763,1799.3464195790457,16.239999771118164
2019-10-27,354.4849856121783,578.5793598172293,1921.460109835042,454.13474715092354,548.7962949114259,178.01274771342932,1296.9439245351873,643.4501942145495,258.2727340742796,1798.5018777030496,
2019-10-29,345.1862341191744,585.777229041065,1935.7285289238832,462.2870879511627,549.8477053774536,180.84847610348575,1320.2430043553172,659.0354038930602,258.3180135595262,1859.9163910163045,16.549999237060547
2019-10-30,350.56723092864337,588.269628959077,1950.08554825632,459.4097842018887,564.6925762217521,187.157968917046,1344.7135682939493,661.0615781305346,263.75629981673666,1909.1656303586608,16.850000381469727
2019-10-31,355.7122344331611,588.828803265403,1956.5707775603873,457.2517664343144,584.9201623829996,186.3427082916372,1339.8014458749676,663.3325067228137,288.04727375536754,1930.2426742063024,16.799999237060547
2019-11-01,355.3345796376509,579.4412715374036,1953.932175517184,447.85260839552785,583.7005570444895,186.44899775201384,1334.8892403279297,650.9311456801099,285.5094206905976,1921.8376818630875,16.469999313354492
2019-11-04,360.3379830558111,582.3529266625709,1956.2133605122858,452.9837873758952,616.0816667177445,187.83144951553527,1323.1271382269392,655.0277868325503,289.1349317825781,1883.1470588369152,16.360000610351562
2019-11-05,363.92530769166325,579.9304421776218,1946.2835220468946,454.61423155814015,596.1063163892159,187.1579662037703,1315.5560086398768,654.1149784345749,291.85401201925976,1867.7725964094027,16.34000015258789
2019-11-06,363.8309524241176,586.5459230711768,1953.6634375587753,464.10939164266233,606.8299298571256,187.0161668940547,1322.180870836997,644.0958483615741,289.0896316083001,1867.6040227986346,16.149999618530273
2019-11-07,354.48496990549137,591.5308289185795,1959.0311890290689,463.2461948842194,609.2270013945456,188.78848048197477,1315.8714311992728,651.4654644310114,293.032348734554,1862.2815119133827,15.920000076293945
2019-11-08,354.815369002011,590.2729846512815,1918.9108422310442,475.7145397847078,609.1429067049463,188.18589539564144,1305.1009352490337,649.9736724969666,290.9476976032498,1849.694597490534,15.989999771118164
2019-11-11,353.0217137645926,590.9717903446365,1878.567598589122,478.59178610273193,594.8026705123729,185.98822189664452,1289.5532064606123,643.1161656257182,289.724064326641,1806.9496990932882,16.770000457763672
2019-11-13,352.5024720502158,591.6706353713167,1873.9606438495223,477.1531436152515,588.7469301438554,183.79050725933325,1279.7287879298037,657.2098236579902,288.7723770165841,1844.794829172217,16.670000076293945
2019-11-14,346.5550849396087,594.9317115840498,1870.1143022985848,479.4070373757086,596.9893916309301,181.4155870604243,1267.2006386054647,659.7479525828084,280.5242855595607,1858.4801801892913,16.459999084472656
2019-11-15,376.1977398061016,598.6588889471586,1877.6281612545486,488.85420209754193,599.6388695607433,181.30926575950517,1255.2579249582552,662.0635700076792,293.3948960279043,1868.1950223807273,15.649999618530273
2019-11-18,397.01371903728676,596.0731655153878,1856.4723868079245,483.8189723550842,597.1576563504387,178.82801068590598,1256.2498174927182,661.7072190766786,298.96911860831244,1848.1314668029556,16.06999969482422
2019-11-19,420.70898658264446,594.0000712612668,1842.7860559871367,481.46913834932246,600.5219352404855,178.50897723742975,1242.1889489353216,674.5762480267925,300.73654593777235,1820.1699115846911,15.760000228881836
2019-11-20,427.6004501552888,597.7037212663577,1836.345612400201,477.6327377781723,601.3629813816236,178.15450727628263,1255.8441240751201,700.1807137682292,301.3710700031316,1803.5706449895163,15.40999984741211
2019-11-21,417.7352631816693,599.5906187676582,1842.6965416924193,483.19550112717513,606.7878738165402,178.2253886194407,1277.9713252251981,692.8778670093003,301.6883040696225,1796.4744362401884,15.600000381469727
2019-11-22,405.88763446333405,598.0299196719865,1836.6586088942142,481.2293159860636,598.8398234840772,179.11158262099102,1260.891431500246,698.889294670371,302.5493173173737,1779.9172479693148,15.880000114440918
2019-11-25,430.1493377629268,596.0965289909554,1848.9586046283396,479.5509232211311,593.0786748970414,176.09861566228827,1251.9233573283693,696.7964379518986,305.90295846168164,1761.2902483618977,15.210000038146973
2019-11-26,421.98344720570054,596.213000995193,1861.3028685380457,496.38314819762667,594.8449182220793,177.51650502698533,1243.8114507147607,701.9395355965804,308.1688852779201,1772.2295808664776,15.130000114440918
2019-11-27,412.54307598748215,599.0083309119475,1878.4335544630999,494.7526695750558,586.7705335134103,177.26835822824933,1234.7985387392946,701.5611571283956,313.1992631894835,1750.0968768433859,14.84000015258789
2019-11-28,419.05690061341824,597.7504924820041,1877.0467944206507,498.732937726626,591.5644569517865,175.7796276262546,1220.37748925453,705.4128499201177,318.139030419902,1769.2729284688687,14.619999885559082
2019-11-29,424.48510775769455,596.2828976173189,1864.6574220883383,495.3760795162148,590.6813610156299,175.3897069235467,1216.9524063785116,704.4331049614652,316.19032572875363,1761.332356513207,14.289999961853027
2019-12-02,458.4231928964162,593.510764067455,1844.5304296944407,492.9783485277105,592.1112875210467,175.0352341678305,1210.3729619725887,718.9052350893612,312.11164945317773,1746.7175861441863,15.850000381469727
2019-12-03,439.02320960608915,591.2046402664582,1836.5693329251064,490.3408424289416,588.4946632864052,174.2554182523863,1201.8554653710946,709.799064609307,310.842709253745,1741.9026295528477,16.34000015258789
2019-12-04,438.7872626385432,585.5675866460592,1835.5850965976715,509.6187964851036,597.5782721982938,173.01477743046476,1182.5223121947115,702.4516656991397,310.8426950585868,1758.797981473268,15.869999885559082
2019-12-05,437.6543747275528,586.4294037826509,1831.8282237586045,515.5172905983203,602.1200390839109,175.46057486712434,1183.4236751170974,703.4535881327247,312.33824946611793,1796.6435148974879,15.119999885559082
2019-12-06,427.0812239372576,587.0117927333266,1832.901597972984,511.6808372109306,605.5683934327501,175.21247633460624,1179.8182751582763,698.2214285325554,306.03887466828746,1797.6571854666206,14.720000267028809
2019-12-09,426.32597372575145,582.2830198672588,1817.739017209464,507.65260608600767,607.5448541936557,172.4830851186146,1170.715405820177,702.4071251649631,296.9750966685394,1797.6149354840888,15.359999656677246
2019-12-10,425.75958389228475,584.0534182397568,1826.2820386191954,508.5637751709406,604.306661070674,171.34878360298015,1157.2854941146647,700.7150224336392,292.4432107675209,1740.9310785316206,15.65999984741211
2019-12-11,423.91870337100113,584.2165124108483,1815.9053100602407,513.3113623939194,607.839197250365,169.29286359611544,1161.566714059066,701.115747607188,286.18917955224623,1730.075889006229,14.449999809265137
2019-12-12,419.0097056240306,591.4144267143281,1819.9308033994457,515.1335673557433,606.157187579068,170.28539601920727,1156.2491917210812,700.8264159286773,292.7151316396822,1760.1916766370634,13.770000457763672
2019-12-13,416.0360441743299,592.7654814988791,1810.5382399166645,520.6005296020642,599.5968369750725,171.91591568313305,1178.9172654530273,708.0178801238153,302.2320840167657,1754.9118886510507,14.670000076293945
2019-12-16,406.92605676847984,591.6707686861948,1798.909180861996,519.2577711283249,605.736537927313,172.5539734579144,1187.9300903413996,709.7544444582198,305.67636318207155,1804.4153831036206,14.109999656677246
2019-12-17,416.79121459856543,593.9069044657647,1784.5518252760332,520.7922591883198,615.0303283326663,171.34879478139024,1194.2393082073822,703.1195340018024,304.31679815779796,1832.292305614744,13.430000305175781
2019-12-18,422.0778524600614,605.1811979789044,1759.1917619310927,520.6964654065878,620.1188281843561,175.35423182802745,1195.0956148913303,703.5649282550722,304.1355061170248,1861.3944720410652,12.720000267028809
2019-12-19,431.2349716555267,608.2094117647059,1759.0129619431864,519.0659133372392,618.9833819756819,175.7441865652424,1190.6341399884757,719.1056609955814,298.74257504805604,1889.3139559323472,12.420000076293945
2019-12-20,434.6334849873404,605.4606893266727,1753.198514156824,527.0264726729912,618.1843456981916,173.75915574432477,1196.8531396536575,720.2857211455093,307.7157043083846,1897.9304897689144,12.729999542236328
2019-12-23,433.4534459186596,607.5106592668415,1755.0770197695197,526.4030112427683,620.1188287399051,172.12861966506244,1191.5355483645137,702.4738626190867,307.12655153803723,1893.9176155224563,14.510000228881836
2019-12-24,434.25590532257917,606.1594952815756,1757.5816510993495,521.7034460098837,619.8244009431841,170.28538036753093,1188.831539966252,700.0248722166903,302.9118536150438,1895.2694267000384,13.3100004196167
2019-12-26,430.95176832529205,601.8502054281621,1748.1445342317186,520.2168706821041,617.8059030637321,169.71824213751438,1177.7451949814126,691.5197189547852,302.2320861160655,1882.9785885357514,12.350000381469727
2019-12-27,431.47096282055435,595.8635906384038,1748.323363411666,527.9855916932645,620.2869784877477,169.0447703549139,1173.3740230951837,688.5139853597664,306.6733530403078,1880.7817140409613,11.470000267028809
2019-12-30,438.692841484854,600.4059281123311,1748.1444680960597,529.6160199402099,620.6654693580556,170.78166781875856,1178.1960076352418,689.1596642144276,306.2201891732715,1879.5993745853316,11.449999809265137
2019-12-31,436.6159672165426,597.2378555525037,1741.3010585369989,521.5596106557468,620.4973119154746,169.39922595954062,1180.7195171649746,687.4007381135765,304.860619541199,1855.9455614506044,11.789999961853027
2020-01-01,434.72790583972085,596.3294317486501,1735.3078265289994,520.3128098664197,622.3896774086668,169.15110291258225,1188.741498357107,680.0087898882745,304.49805736441243,1844.8792234947725,
2020-01-02,433.68948483751984,600.056535132723,1746.6682449948014,519.7372966704075,623.062557139031,170.81709609436126,1214.9697556361675,686.1761470483035,308.0328878054769,1841.5427411126095,11.699999809265137
2020-01-03,433.5006412823277,598.6588063613991,1735.3974756913856,518.6822107898075,629.11816929876,170.85252893744607,1212.2205154539754,686.487957480382,306.31082080242334,1877.9093562781413,12.9399995803833
2020-01-06,431.8486037657992,587.850411903554,1725.9152256143461,515.2774432086867,633.9963880928626,168.938442899874,1200.5486085977548,680.3650438391912,300.64597499490856,1880.4017036924106,15.100000381469727
2020-01-07,429.8189100963927,592.3461332836704,1727.3465638988878,513.6949827906577,624.576351708969,168.6548333202311,1207.308413718244,683.3040975466399,296.38596062944805,1870.8556297088255,14.90999984741211
2020-01-08,434.9639283356116,588.0134242921156,1731.8640538371142,505.782343714452,613.1380203550798,167.16610554876365,1179.5478787869222,683.2817936051865,291.4008713541847,1909.1658255303596,16.389999389648438
2020-01-09,448.36922006321123,594.372708599344,1741.9272872380648,525.012383599199,615.240621512479,167.73324705301923,1189.642862668892,690.2059926741842,300.3739846013529,1902.3657780018257,15.640000343322754
2020-01-10,439.87288005740345,599.5440203071881,1751.0517700570147,524.1492335837178,624.8288092157168,169.25741961427994,1204.1087844685235,693.7461870259668,306.31084239333757,1887.2018880957914,14.25
2020-01-13,443.97946166949697,604.0165209733124,1787.146006260109,523.7174628078271,653.9297697628099,170.49805705103773,1207.2184140056308,694.0800969009713,304.0448743445251,1874.4878704140888,14.5
2020-01-14,446.1979370707375,602.1762740209311,1802.4425850292193,516.9079818709492,653.4671563649406,172.8375392323802,1199.647289511554,690.2060574437152,300.64594142420054,1883.6538027663282,14.279999732971191
2020-01-15,445.58427480680353,600.0331903050004,1813.222018582173,514.9897689574212,650.8598090964978,172.27037128792324,1204.2891813611589,685.7086841864183,298.3799893870697,1884.6677150458122,14.460000038146973
2020-01-16,450.2572489746482,601.4541271501188,1838.0006593941218,517.9149964332245,649.7243801151758,172.90841581736342,1201.3596365056897,687.244866778881,296.29528803040097,1899.8733836234512,14.369999885559082
2020-01-17,475.60456934809486,598.6122351185539,1846.2300815827637,515.9967983644115,650.0609687397144,171.63235660857052,1195.095493984487,705.7690846391494,293.2136310601384,1903.717674879219,14.529999732971191
2020-01-20,484.0065308670146,607.9065416196968,1856.964396045184,521.7514531012389,651.322290935207,172.44765200397651,1189.6428190312104,716.4784927540825,291.35556246435186,1894.1290055397965,15.5
2020-01-21,486.17781179938135,582.3530111446122,1856.1594316514306,518.1548039168699,648.0421964251409,171.17155494795975,1184.234667609932,688.3581283514012,287.2768476006926,1847.1180065421472,16.040000915527344
2020-01-22,494.43809513591793,584.6823960803707,1845.8724482115929,513.0715369237059,654.3501687183814,169.8600321664133,1182.5224160603866,688.7588822425179,287.3221550092219,1866.9274432482819,16.610000610351562
2020-01-23,496.56217966612496,580.885439084355,1843.5018483528436,508.56373992477535,660.6582267315861,169.25742538977138,1207.6238146853252,686.6214514994721,294.39192640347363,1877.728960191243,16.709999084472656
2020-01-24,497.83661023942864,584.216469285912,1859.7376596665245,515.4213377597315,661.4992775199742,169.5055583666629,1232.8607088895187,684.1278207028573,296.65785967424205,1855.0376311633627,16.219999313354492
2020-01-27,494.7684964965437,575.364755003102,1850.568810780513,522.7105670288142,660.0694863204792,168.3003804753357,1230.2018180929708,678.8288097703885,291.8540640205103,1857.1542096255603,17.34000015258789
2020-01-28,485.6113767185568,572.0104140338276,1847.2140633689794,518.4904539447406,657.5463258506908,167.23698248173855,1221.2788697212964,672.3942783497732,290.04128831633915,1852.370875819301,17.610000610351562
2020-01-29,473.3389146046724,578.6259916083264,1865.8205376259614,512.9276658012558,666.7980224796606,168.4775974546888,1239.2599949937369,665.4476838598071,289.76937059722405,1851.6508990940788,17.299999237060547
2020-01-30,465.31460582589716,577.2049667543175,1858.8432689859926,512.1124492491086,664.1906358940819,168.01681842474687,1240.9272669729505,658.9018717010598,287.09561315479453,1833.066557595076,17.139999389648438
2020-01-31,471.4508213719926,576.6692934420341,1850.1213321149005,510.9615162994572,660.1957033693199,169.0093016003741,1241.107544003881,647.1238564671794,291.58217625489846,1815.5825633852219,17.59000015258789
2020-02-03,484.6201490886266,558.1037162843933,1963.9956028444715,497.9177370039952,665.242057181126,153.7672989471025,1175.221593502574,623.3897885009395,278.1224371339771,1858.212710903856,17.030000686645508
2020-02-04,493.35244844011146,574.8988218001807,1971.733162559664,512.7838862626307,664.3590556275548,154.26355568522297,1178.2863328507867,637.8840014691701,278.75683381184024,1809.105273070461,15.779999732971191
2020-02-05,507.4185326159881,581.4211681186657,1953.663190820593,518.2986981680313,661.0788106207942,154.19263687867561,1194.2395985624207,646.9234370233874,284.285779532108,1826.0386842874132,14.529999732971191
2020-02-06,521.8623068567795,581.7473209820521,1964.621781487904,524.6286971855985,661.7515769003892,155.89405775015317,1194.239315998595,653.2466113131902,293.2135921372996,1840.8558886361448,14.239999771118164
2020-02-07,518.2750102719123,580.9553132918676,1942.9294558533222,519.5934209063695,655.0651184033688,152.9165699138276,1184.6855366283353,646.7231209827357,294.5731618382788,1821.212783710414,13.989999771118164
2020-02-10,513.2243483662667,579.0684661177814,1958.6287702600725,520.0729601289951,654.3502836926963,151.746813259799,1173.9147004179329,643.6728102657878,292.57915109270243,1834.759793997909,14.600000381469727
2020-02-11,514.1684730401072,584.6822882919848,1949.7721843191882,522.5186846468627,655.2754567937272,153.80273144386646,1170.7602900310687,652.8903691202153,295.29830293725894,1841.3638679623577,14.210000038146973
2020-02-12,511.99711561116266,583.7039763673639,2032.383034897845,528.177421821489,658.7657630394906,152.27850455020598,1171.5713527809678,656.742245701073,299.0144243353265,1850.0001549251233,13.880000114440918
2020-02-13,512.3747557099133,586.9651362483492,2047.5451555938303,526.5468990304774,667.8072555604587,151.32145788702815,1171.5713906442434,658.0336763237365,299.96614983440907,1860.1607962240205,13.670000076293945
2020-02-14,535.7868511180919,581.6076378280069,2055.282828643408,526.21119727217,672.1808196096221,150.93154430613362,1176.1677578362198,668.5870368609382,300.8271736107706,1872.860307229109,13.989999771118164
2020-02-17,536.8724523397985,574.4328679988844,2047.5900300759213,523.0461557620628,667.3447986787821,147.91858901970514,1169.7686647801395,670.6798134931099,291.0836194082406,1877.0936576404354,14.619999885559082
2020-02-18,537.0140430822912,567.6776940789686,2024.2868064298714,522.1351169041318,672.0546604125798,145.04743949045167,1162.5131592683265,657.2097556655767,289.3162263884726,1880.4804803193401,14.819999694824219
2020-02-19,522.6174938317628,573.0353283753209,2064.765041084567,524.1491616124262,676.9327808428955,146.8552031772824,1170.805344248468,670.813509728984,293.6668292175011,1888.1005024315687,14.510000228881836
2020-02-20,521.106995060127,573.0353459305833,2048.439500994535,526.8826504219221,677.984319215839,147.84767453173535,1161.7020090646422,671.5037233050037,298.38000181531754,1874.8924131503295,14.029999732971191
2020-02-24,511.7139150989649,565.9306552798603,2023.437355550721,519.6893686743559,682.6101513124851,147.06789365486296,1146.3797489420217,657.6994528379005,300.2834237833487,1844.8772812601562,17.3799991607666
2020-02-25,507.84338314435865,563.2517621021274,2039.270507269838,516.7640330624404,677.9000234386001,145.6145600309762,1140.746669997598,646.3000526686237,297.42829872424414,1842.9303457583126,17.31999969482422
2020-02-26,509.21226595109965,561.2484476958087,2017.8020708859701,507.70050616958,674.0732409959639,143.1687619025744,1115.825226238016,628.911356956024,299.8301655937063,1832.1349096871127,18.860000610351562
2020-02-27,505.86087248218246,560.2236375387319,2021.3797766224861,501.8979730186792,656.6631140571616,141.18372924570133,1096.852450431694,620.6511494965837,299.1050553487137,1794.9232326807135,19.15999984741211
2020-02-28,498.82785140918156,552.0705862121758,1994.275639940232,486.1207435470694,636.5196404921938,141.71542558628678,1078.3755993896636,604.264254045817,285.19218475779167,1752.2080882726752,23.700000762939453
2020-03-02,506.00255150171955,559.5945969771311,2005.50186560032,499.26043171062923,644.1733144136376,144.23215727153953,1092.7064809495769,609.6077258365907,282.7902453755621,1739.0424461311534,26.34000015258789
2020-03-03,503.5007804733896,552.2336211363472,1958.6734244928582,498.2533960032081,638.3699664380177,139.97857415686886,1069.6779228195194,602.8838272617827,266.8380031235851,1744.1648662664002,26.489999771118164
2020-03-04,502.9815851216897,549.7412525837075,1954.603211228584,496.3351935538423,640.472663771301,138.6315958924486,1070.624445049691,602.8392551960833,265.56903380252464,1773.3330336135693,26.290000915527344
2020-03-05,500.9991457596635,542.7529827364892,2020.440627522733,490.2448728397928,650.6074832384764,135.54771730631794,1070.0835472966346,604.6873667976507,270.4635350908697,1818.4614634392226,24.229999542236328
2020-03-06,494.34369051179857,531.5251523293091,2012.7030313413268,476.48179492779605,625.7539092606012,131.0460380432645,1049.128167716116,573.6057788366949,248.71039445237764,1798.0556621421235,27.549999237060547
2020-03-09,483.3457216250324,521.0429267212518,1940.7825776350098,455.5733764581769,610.4884888671276,126.89877176491795,1023.7110626072583,552.6101407818697,238.15108349143495,1761.0135780696148,34.349998474121094
2020-03-11,480.04156830921403,521.7882894484478,1940.648518630648,452.4562701909025,585.3406740322644,125.30368772551473,1010.3265035142415,524.7569350107589,234.29900894447655,1682.6111958082988,33.2400016784668
2020-03-12,454.552630471569,503.15293289975443,1899.0972502517761,427.7114205143555,563.5150515187185,119.91580495288224,964.4495880124471,490.26895266015714,210.1893026505019,1615.807823280451,42.33000183105469
2020-03-13,480.5607935076869,503.82854699530816,1896.4133469468673,445.7425960583737,560.9917861223903,116.26478694673652,955.7970564040337,507.6354328669012,225.50711517767454,1540.961196063312,59.47999954223633
2020-03-16,465.36183711515207,483.1200340465643,1824.135339393441,406.85103768999426,523.2700714165596,112.08210472911618,939.1678990996322,480.78419157795764,209.73611410773495,1559.7996883515607,59.869998931884766
2020-03-17,454.0806008450141,470.5412286826058,1867.7881487305553,391.74517252981417,497.911805603444,110.45155507247983,905.8193989662268,472.0119237181846,208.3765372226536,1465.6067447455282,63.439998626708984
2020-03-18,452.0037483664445,462.62118826098185,1846.1408715966286,360.1427913704658,486.1367836379627,109.63629222148691,878.5545735983591,461.28032501489446,202.25847542990286,1450.8317409149295,64.58000183105469
2020-03-19,426.37323213036666,428.5885197213787,1698.7214315434778,354.48408167198204,469.31544240392265,115.94577066508508,796.7603765922097,430.5995508438921,199.17679967550816,1437.4666269722372,73.33999633789062
2020-03-20,445.584305767237,426.09599465138217,1859.6481959418945,345.0848679583254,519.3169525834973,125.12643935278756,791.1722868156072,460.8349919401429,195.50595279331966,1594.010549885193,72.97000122070312
2020-03-23,420.75621748119903,390.75887231703,1775.6963981784374,300.87028782309727,471.7966001124309,114.84692433082279,730.0183113285403,423.02950129195114,180.82261326415568,1492.5196747637954,73.37000274658203
2020-03-24,413.3455266335378,377.3647485366708,1852.5366016389771,292.5260217676275,505.607513341951,116.05212394315485,690.706702654042,431.9353918898189,173.97944599769318,1509.5764647953495,86.63999938964844
2020-03-25,413.72316136764215,404.12966132480113,1913.3650153436838,320.4838680036359,534.0776751888671,107.75760578005708,708.2998486854187,512.778550360912,176.97051733081906,1543.6914590118408,84.5999984741211
2020-03-26,465.83382031420086,436.8579226365537,2012.702634836841,349.4966991532631,547.4085086308779,113.00368070076722,769.8077183852777,497.34916518213845,182.18217046715404,1562.496929346754,79.41000366210938
2020-03-27,448.2276513976329,460.59464364275357,2028.4912334985488,344.8450320661035,567.6361764431037,117.68265893985641,813.4024710251624,493.0742985498193,192.06170773208402,1577.8061218345351,73.02999877929688
2020-03-30,424.1547416190052,413.23765785731933,1979.6050127650328,320.24410782223737,558.0480631150446,116.90282578389456,744.8573104089069,478.6022562103133,176.74391269000623,1624.713612476828,73.36000061035156
2020-03-31,421.9834299453657,406.9948379925167,2069.0591343964134,321.15528399981986,556.7865575372662,123.24776639525659,752.1688109370168,503.0934193486525,179.91623518052654,1582.070147347379,71.88999938964844
2020-04-01,415.3752015024665,402.4524718496196,2079.7033649988043,310.5091872476832,536.1803102637381,122.46795251332514,742.4810949741525,500.77794227385374,176.29071706164888,1564.8001536817906,64.41000366210938
2020-04-03,407.8228922833487,393.2047205521955,2016.370704085946,296.84199474350277,509.6867214617925,129.55726600493227,723.0142333923146,505.1640794985781,170.58056263164207,1483.990582092841,60.59000015258789
2020-04-07,458.5648071732706,422.6950609884716,2200.5556588521827,316.1199482251767,541.8574969511077,131.64862167558485,743.0293932634365,540.5871191109118,169.76480035378538,1523.0944182844535,55.29999923706055
2020-04-08,463.6153432551894,440.2588866608284,2338.582231121223,338.3231790589047,551.4456612406818,130.44343426201596,760.394219817014,547.2666119015739,176.20010273025977,1540.2799880552966,53.72999954223633
2020-04-09,464.74819971262696,433.68993715538386,2236.337387369586,330.8901265709161,549.0486807939698,132.03848392241056,762.5419763407161,548.9587723530421,172.21202134133654,1517.0817707011477,52.2400016784668
2020-04-13,491.74759164614073,441.0508543473895,2167.4576337529506,331.6574329431638,548.1234406992095,132.32210146105575,797.3172551723782,541.0325221376103,171.03374065312985,1524.0754168674284,52.4900016784668
2020-04-15,505.9553419030874,433.50359349524865,2251.1859822308343,337.5079450122009,549.4691545480491,137.35552423961815,846.8524592101481,550.3836477833194,173.97947558588402,1545.3968921123296,51.459999084472656
2020-04-16,484.2897514559671,414.9614335184059,2259.728698761848,333.5755961452616,533.9934156266671,135.54773697098562,840.6376872588652,528.7646148704049,172.1213726223019,1505.226916530731,49.7400016784668
2020-04-17,483.8177040543485,428.61180788575837,2235.2634280305238,369.73377989247865,543.3294552994532,135.6894739821489,859.0991475491006,547.7119694676354,179.46304570009298,1579.4690328769298,46.099998474121094
2020-04-20,479.28631767699295,447.68968838432136,2164.7738735734956,363.4036655215302,555.9453430305707,134.66156136258832,861.8409826820406,559.7348298724658,178.87391021262323,1560.7488813717412,44.040000915527344
2020-04-21,475.604614381821,435.13412899890693,2127.203268623177,332.0410714737743,543.7498410261695,130.65612083671286,828.5736325468627,557.5083250081677,170.58052654007602,1530.5571265241565,45.959999084472656
2020-04-22,488.11308510617755,434.6682409215296,2146.8385190774006,324.1764131241478,542.488310271803,130.12444318881782,809.2897475896267,616.6880417343276,171.75884324468655,1526.6338195542085,45.43000030517578
2020-04-23,478.9086622189755,446.5482554024853,2158.512040689051,340.28932968148405,574.9954641735591,130.44340236782344,794.6668452243946,617.1111476530162,172.12137266104008,1620.449541107913,42.81999969482422
2020-04-24,471.0732591345321,446.50168917234726,2091.421998404975,329.2116921693728,567.7203216088942,129.5926997638918,794.2098103543359,665.6926093550011,166.77374174200278,1579.4693596647924,39.95000076293945
2020-04-27,474.8966084741046,446.03583856390827,2083.729432053914,338.46704872257243,572.7667898574003,129.23823979553677,799.6019775288752,656.8089776563307,166.32056519602526,1599.1274707590553,40.16999816894531
2020-04-28,469.6100179913411,439.69977589963486,2092.0037429094014,348.01008732738666,569.4024379327346,128.17485122185602,793.0217681827619,648.1034431126441,167.99738571479924,1593.1576642399032,41.90999984741211
2020-04-29,470.5067749163655,462.4814046121069,2050.0054950072863,361.1018402729208,573.6077516589464,129.66360459407437,807.0504960416476,647.3019715047586,173.84349965657947,1631.1531219647657,35.349998474121094
2020-04-30,487.07463079185885,474.73416066697814,2032.3829602078588,376.8790910627228,605.5683716588051,131.08147530988154,837.8959290654897,665.6926795202014,177.55966387842625,1733.0281812786452,34.25
2020-05-04,509.778658347304,447.2470777187162,1932.1951615221274,344.31752807698535,589.7562363827487,128.84831229647702,804.2630025722804,652.3559877170559,166.3205529781555,1676.7386921893083,43.91999816894531
2020-05-05,522.7119020451277,439.79300721740964,1897.3080102162357,333.7674703561651,576.6355593648868,125.79991889969394,794.9408729161526,658.5901284085901,164.28120959756376,1686.1202736951882,43.869998931884766
2020-05-06,520.5879052803261,442.58826751352296,1854.3703002594557,331.41764490151724,573.1451721883653,121.51088749260028,775.017218066669,661.2397961970813,157.07549789188764,1666.2484485118362,43.630001068115234
2020-05-07,514.8292252275542,439.46683431837005,1795.3312587620935,328.8760404980257,567.1736399581171,117.5763401045535,764.0955729571099,674.0195767371007,156.39570623063,1649.8310705623155,41.720001220703125
2020-05-08,515.2540154671158,439.7696615007863,1876.733764434817,338.08339788684987,572.6827071905893,116.37111829865052,762.998868735316,703.5203455803562,157.52868377851152,1654.1380071464064,39.93000030517578
2020-05-11,517.8029478223705,444.45180345293176,1893.3273517699708,329.49943540119364,587.5275403438013,115.91034337566123,756.2814617816354,719.1502462326481,153.0874238170318,1664.2870657264177,38.4900016784668
2020-05-12,532.4354726491785,423.67342893329084,1813.982094607069,311.1326152506269,581.1773564504479,117.61174203408481,748.7414615388246,698.3772514173569,152.72487021800595,1668.636703628184,38.810001373291016
2020-05-13,537.8636503388221,447.2470641738611,1856.1595780560058,334.15104367820135,588.6630414165714,123.07053308973747,796.9059920003543,686.4096865474885,161.83399779997566,1700.6187412316651,39.04999923706055
2020-05-14,531.0193986511283,424.41886005424936,1812.8192840263437,320.819546732862,564.9868943201093,119.27776290208679,803.8974547606941,672.789324791763,155.67060741519924,1640.1507498024264,38.84000015258789
2020-05-15,525.7328490369698,415.7534682323334,1822.748769196328,317.0310613042179,559.1414525725928,117.32818036966313,808.832783164917,659.3039301915819,152.49826355615994,1635.2895586630975,38.459999084472656
2020-05-18,527.7152895571725,413.7035672135185,1831.8730289622326,307.3921412175624,563.9775257855467,118.60426573982153,795.1236994712413,666.181474909855,150.82146481186086,1665.6088924147987,41.25
2020-05-19,569.724761210984,404.0597706398577,1811.2538302215328,298.76023268765056,567.551966656923,121.68812083977008,762.0392672038919,657.0564195102567,143.0719373896235,1677.1225188056428,40.91999816894531
2020-05-20,577.749196249803,402.52240028040137,1798.0147608906298,295.6431149886192,566.0381664128967,125.48090619089041,768.6196596796641,650.381159852501,140.71535051150767,1674.0946781962332,39.45000076293945
2020-05-21,570.6689311477376,411.8400179452096,1792.1109538180876,300.0070102226646,571.46303167509,135.01602945480454,772.275388765306,656.9440077710722,141.5310780478073,1704.0306243720079,35.810001373291016
2020-05-22,563.9662499448174,405.45742634117755,1784.64142809603,295.11564481360847,585.2565401219556,136.04398995103895,755.3675608587542,655.393088211482,141.03257997546373,1733.0280979537613,34.36000061035156
2020-05-26,544.1887249925284,406.13294580294524,1806.9601369893282,285.7164380841608,588.28449719359,138.20621620132133,770.1731555098492,651.6621989470918,138.85728481779051,1726.2052495134778,33.209999084472656
2020-05-27,533.8987584427513,423.8598192403738,1793.6313713391705,308.78285294258956,596.484812249405,137.4618276724467,783.4253487848395,653.5950802585778,145.74573993582283,1714.2649082162516,32.02000045776367
2020-05-28,536.2116244196969,442.58824640782035,1802.4876593558292,316.26384196460555,597.1576401535042,136.75290664011362,833.5090613783821,665.1701253155293,147.19594932619094,1717.676220669598,31.270000457763672
2020-05-29,532.4354894706644,444.9176892853015,1849.8978011621348,320.6277060481585,597.4431465895127,140.36846737115866,856.8143345901109,661.6863216286777,146.74277854128215,1707.9963646757335,30.56999969482422
2020-06-01,530.2170400022663,463.5529778530729,1916.9881908098084,333.7674464293939,602.4304583583724,145.50822894185995,890.3100653791043,691.5116310071569,155.3533641656965,1756.908541657117,32.16999816894531
2020-06-02,540.2710592246623,468.2117348593789,1900.8863551056486,335.68566140676404,606.6929157167108,143.1332924092014,870.9803395076891,692.2534575560194,155.2627512893753,1774.818787528131,30.920000076293945
2020-06-03,536.4948311640869,487.42943756036345,1922.3548314859777,357.7450137305581,606.9061522562504,142.4243713242157,889.1219203975081,701.243705152625,163.05757551266373,1765.2805344909555,30.399999618530273
2020-06-04,552.6379272244342,484.0284990052905,1907.5058973232233,348.1539520328777,604.8174515852697,143.55867227810478,884.6894489713113,714.5043536279225,161.01822031305497,1796.287814773662,30.270000457763672
2020-06-05,556.9804234416818,485.6357524661723,1903.5697773661207,345.2766907053815,606.7356235946554,143.20419190469383,877.2865035225431,727.3155677405333,172.03074514675026,1794.5770070725391,29.690000534057617
2020-06-08,560.4733125754792,496.93344756617995,1900.4391023065664,358.46432157419815,618.7560359307533,144.37392416968675,909.3657032252034,727.4954324920736,179.00985225195788,1792.0108847182523,30.149999618530273
2020-06-09,558.5380455288723,478.34476502515497,1918.5982503545927,354.244256947859,621.99563357861,146.1817021565297,886.7456690840635,711.5826468763553,173.11839554802384,1792.4385090661528,30.34000015258789
2020-06-10,543.7638877061614,465.8124776723893,1905.3589820732418,342.25550579147483,613.3426483993511,144.01948944136535,876.9209844099361,710.0317972109347,171.30566078321243,1823.6596875926202,30.209999084472656
2020-06-11,541.6870598407203,460.47815598594246,1912.6940480926562,339.7138991777386,608.185072606345,142.67250595763366,870.0664503568601,704.8172743086072,172.57457100741954,1800.5645538944307,30.420000076293945
2020-06-12,530.547332660084,459.66286943509465,1895.518838306553,331.9930947886784,592.6265345060069,138.38345677792645,849.8685125255744,716.0777164159133,163.14822004068895,1752.8348173969925,32.880001068115234
2020-06-15,532.1994800214176,453.7694112492837,1906.8797429646872,328.2525723571211,600.5122640371706,137.49729544045718,849.457217747176,731.3388178242635,161.1995309371927,1761.2174459576229,33.779998779296875
2020-06-16,527.9984741128611,463.0638194681307,1896.4135392893131,333.6715481159009,606.9913413119477,135.3705251132575,845.1159645961006,741.0483050918923,162.19654835919115,1774.0056117244808,35.310001373291016
2020-06-17,533.85151507061,465.3699012714585,1877.627874650867,336.64476522929283,605.5421251792208,131.15237206698194,822.3133076267802,735.159560417052,159.70400248307976,1761.0891438440908,34.02000045776367
2020-06-18,540.8374036262396,477.48291203671164,1864.9706473069634,340.19340727039065,610.9129576764952,132.92468546569222,822.5418859832137,748.4426971382073,163.73738806194402,1761.3883594994413,33.41999816894531
2020-06-19,545.8407284532865,485.9152704902647,1891.3433584883826,350.5037755663153,606.9060606338522,133.24370118092733,837.073395090964,804.0927203501327,167.6347965027198,1787.7342021902564,31.90999984741211
2020-06-22,555.0922711859278,487.28964329238073,1908.365411821042,359.9029483070154,604.1779844610654,132.924714580002,837.1647830818849,811.0152901303186,173.79820346656606,1755.4434929470149,30.979999542236328
2020-06-23,551.8825688419491,486.84709309175526,1956.1896880804632,362.82823755028664,617.6477659685293,132.92467396102268,886.5172585802778,792.8323423074329,175.0218023934899,1748.38691292086,31.149999618530273
2020-06-24,549.4281186886076,492.6706191240731,1960.6023661913232,364.4587171518517,619.6085752135434,138.02900025006082,904.7046258475165,796.8554906405585,176.6532744957671,1765.7079858625095,30.530000686645508
2020-06-25,532.1523135059468,488.7106072723648,1972.31068978619,341.05661917826757,601.5351881333584,144.26757601081985,881.7648429733533,786.2020448440715,169.31161334956198,1762.072591784482,31.290000915527344
2020-06-26,534.7010506343563,495.23297939739126,1963.3495543253005,343.8379999176524,640.7510011910102,148.45029062991594,892.0922169040854,787.5505795010465,170.94309744208087,1823.6600886527071,30.06999969482422
2020-06-29,537.1084745872519,504.36430093123505,1977.7148773435713,331.4656258681587,634.8687685391511,143.9131152402156,873.8136228115382,782.0440358258111,165.95799411469332,1819.89624884091,30.450000762939453
2020-06-30,544.7079355376321,502.4775321701483,1981.362372340891,339.9536605141665,629.9666664813226,141.36096331441308,870.2035085576005,782.6059869061835,165.7767157461272,1806.4666978514458,29.6299991607666
2020-07-01,542.8198428852093,510.60709104052734,1974.0222355437095,350.79149556675685,632.8226171237593,144.51567475217718,860.0131586463073,786.2020588284339,168.04267473690834,1808.220426986421,29.15999984741211
2020-07-02,535.2675006796098,517.7118375859235,1961.2780191285055,355.7308904579162,652.5582854664767,146.57161636044793,868.8784299600651,797.7964291606368,170.39926685405067,1851.887019015841,28.1200008392334
2020-07-03,550.7969341323181,510.5139259089309,1970.6000192059842,352.1342495188912,651.3222496948442,147.81226008668065,873.1737992439694,809.2606454481156,169.35692632658993,1886.1023418921202,26.780000686645508
2020-07-06,556.3194865285196,521.7417720208723,1963.3945586098982,352.80557469403294,660.6999422243128,150.8289444877225,876.9209179258751,838.5979258395846,172.0760651050716,1941.6158591082508,26.18000030517578
2020-07-07,549.9945864462195,517.9214296107266,1959.341413959792,362.5405179800114,679.4126080233551,149.74598600253603,879.114341978496,841.463976689244,171.48691912529603,1969.6720657764129,25.649999618530273
2020-07-08,541.8757639933824,524.0710917307265,1976.0034251497727,363.49958775008986,669.1397645634188,147.8415126073863,881.3992636029226,828.1943991602055,178.96453411736326,1945.4650166024567,26.360000610351562
2020-07-09,538.3357555549254,526.3072403625031,1999.3750613275706,360.6222886345652,673.4876152978444,147.13197561489287,870.0664016244349,828.2170013060332,182.18218234857815,1919.889990002235,27.65999984741211
2020-07-10,546.5959781213764,521.7882157906254,2010.227730567036,353.1413524605296,673.4024072228784,146.75855589531298,870.0665225892603,850.6038314724391,183.54176024636234,1924.4660562705249,25.479999542236328
2020-07-13,556.0363763113762,518.5270247173596,2048.955554496951,351.99038696305655,686.5736127836284,148.43900901131155,863.4860317414494,879.0835514065949,181.09453753015615,1920.2743064304059,25.90999984741211
2020-07-14,563.399859111483,497.98167053833555,2044.4069396333948,338.0354592471359,687.4689204303594,148.9991439284752,854.4837423125255,876.3755662555917,174.29668959542224,1915.1851031557253,27.270000457763672
2020-07-15,555.989187523266,502.68705992705804,2063.3658051162924,342.207561558672,723.3172236279495,149.37257185325456,845.3901328729044,893.1204354338983,172.16667798746283,1933.1478852474534,26.639999389648438
2020-07-16,534.5123450740323,496.39767622101897,2063.6359718581493,334.3429690704939,814.5789885034153,148.51367127183926,844.4762755032062,843.5627139468717,169.44755765056274,2000.0663943966572,26.600000381469727
2020-07-17,541.7814799669527,514.3341747326389,2107.497065826201,341.4402972470866,784.2294717842034,145.93701135666782,849.9141599769724,866.581298459645,171.7588314297007,1923.6815992821405,25.5
2020-07-20,549.9001318970768,537.1157956611263,2110.468934891313,351.3669581373476,805.6276694715315,145.89965916873956,851.6964058934889,871.9974193757844,175.1577629599315,1909.1085375160994,25.1200008392334
2020-07-21,551.127399621871,539.468430751152,2116.503332235157,364.3627570601269,809.6343910427079,145.040764301371,861.2011804036453,892.3079949125722,177.83157361918413,1919.181044963241,24.709999084472656
2020-07-22,543.2918558869756,533.2024202132012,2098.4906414389106,373.57018286122906,800.5124798572022,147.80415297646684,860.0131441979222,907.2023737684211,178.33008082707724,1912.623122450519,25.799999237060547
2020-07-23,543.5278158539771,532.9229581409967,2041.885281917696,379.468643089938,780.7340995364518,150.49288556246242,857.225595438793,938.6609588483409,180.4600639103396,1878.2876300360651,24.940000534057617
2020-07-24,535.6451278577256,523.1393333029866,1999.4204939546107,372.80288448465046,789.2166407991177,150.6422211188027,835.793772882278,976.2579590026274,177.9222005961134,1854.3270535074705,25.299999237060547
2020-07-27,532.1994782629048,513.8682490141649,2013.7854408769492,370.0215142937,812.2772716127954,149.74597497573924,836.2507959455853,992.4160717579479,175.11244160642897,1898.9058663003746,25.719999313354492
2020-07-28,542.1118324227832,509.86171780613665,2021.8457412382963,347.914196940043,824.851806119034,148.36431325103314,838.0787788478807,990.2496888244225,172.66521704812297,1988.9216610631563,25.219999313354492
2020-07-29,537.297226445351,507.1129631284812,2037.4269672019725,343.0227970542696,818.4153594040835,148.02822966382334,859.8759425500243,985.1945694094204,176.9705051872302,2007.7826406746285,24.5
2020-07-30,547.9648334071566,504.8534268418584,2024.2954890340188,340.0975205668244,829.1996167764545,148.1775947219747,852.4274550423974,965.7416994124951,175.3843380536198,2021.4989861657573,25.139999389648438
2020-07-31,527.9985516616431,492.76378674190425,2009.733019146378,338.5629904658084,840.9644191611527,147.09463720204022,843.4709901054637,960.9122737981927,176.60794180814207,2001.609569722836,25.3700008392334
2020-08-03,525.355210252433,478.4378906614677,2010.7279302373472,335.0621963483048,823.0189690237522,144.89137368303585,840.591992852776,928.4154946857375,176.3813696019642,1975.076544380552,25.690000534057617
2020-08-04,522.3815158966229,494.3245062096364,2006.9743924165657,338.7547806227723,827.5372571462865,146.23574392754134,849.959901371678,978.063309181602,175.65626258849628,1945.757024248175,25.190000534057617
2020-08-05,529.1312718522645,491.8786143035649,1998.8339956615182,345.27666757069863,819.2252724065713,145.33948413941613,861.5296476252363,991.152334357933,178.42069968626416,1971.7764415264023,23.93000030517578
2020-08-06,532.1683646896295,491.5058905057279,2016.109537388992,348.87332950818,830.6915121282592,146.08638441443014,860.7920894580044,978.3792977984335,176.29070714559634,1988.4935273278613,23.709999084472656
2020-08-07,533.7790180073202,487.87197379408576,2021.3560203499026,344.94100259110735,826.471569587553,147.13196710158263,854.4770157691773,973.9109808198931,174.11542342444415,1995.7801116685248,23.309999465942383
2020-08-10,535.2948812157231,495.69882716533493,2014.0743078515093,350.02422349298587,815.6872378870407,149.11116816956095,894.2576613728419,977.1606844285126,177.19710690057073,1993.2084019002928,23.020000457763672
2020-08-11,531.0314410121757,498.95998745479085,2019.728155009563,358.99182080483564,820.1204295788674,155.1234083267358,903.200176567172,974.9040336698868,178.37539362925392,1982.0634061039977,22.510000228881836
2020-08-12,531.7420269296065,496.6306954576805,1998.0654786789398,353.6687841243044,817.3923342591754,153.03220427391895,881.3508365688339,968.1337186534236,185.12793361098375,1968.6898089114422,21.920000076293945
2020-08-13,519.4728722774847,499.12314217204755,2005.2561866024405,357.12159218427325,825.6617240082926,152.50937279408723,916.060969415733,965.3805171577782,187.89239564352778,1971.7764735478129,21.190000534057617
2020-08-14,514.3094345906374,496.5840733030116,2004.3511141927704,356.594037634596,820.972961284278,151.87453382557626,937.587611626862,973.549934599968,184.90134389163885,1955.7444533898167,22.969999313354492
2020-08-17,504.5036025111154,487.77890025729624,1993.1807592336133,351.36697651584336,829.0291200424026,148.99914001262738,928.368472560434,950.0800072856482,180.0522133059538,1946.0573356709467,22.8799991607666
2020-08-18,501.2823496168255,494.6039867688533,2005.0747223611515,354.86764264563095,826.2584787879165,149.2978850997635,929.2904205942359,963.3044077157676,177.42370507944815,1962.3454343256071,21.309999465942383
2020-08-19,511.51447609396877,498.4010140515983,2009.3262689001408,360.4784484517529,828.2618010796157,150.6422367233129,944.9168982077007,972.1959605908819,181.54773708951214,1958.5736867058783,20.43000030517578
2020-08-20,505.5457066797852,498.0049219798645,1987.8897384855934,354.53200451718715,823.1042207137014,147.2813733454444,926.5247244024408,958.6104445458395,177.96754611146773,1951.6725608447966,21.079999923706055
2020-08-21,501.94553893832534,507.25269694417335,1997.748661836357,357.74498634787506,821.356444022367,148.7751010337552,931.1343053362584,957.7529046597705,182.63537253519405,1946.9142350503232,20.6200008392334
2020-08-24,504.40881391321955,523.1625396447868,2000.4167958443209,365.60961493594914,811.5951976401286,148.62571416746994,923.2057822785816,949.854317250222,183.8136592650625,1937.4412776819038,20.06999969482422
2020-08-25,507.48796558161604,525.0494013572187,1987.9798328279066,373.85789510155524,808.7393864114385,148.10291081924103,921.8229876445683,952.9234928104662,188.93472642914705,1928.911423863589,19.809999465942383
2020-08-26,500.61911431516387,527.2624209508879,1977.2163470868045,375.6322532283093,813.5133339478789,146.79588713283502,910.8522069882623,969.4651474842515,190.6568333110195,1937.3987074831466,19.59000015258789
2020-08-27,491.2396540480382,526.4004552606473,1979.0253389014824,381.1950442640186,819.22523701272,148.5510171351065,903.4767367586677,970.3905879404774,196.23106003196244,1960.9314403266897,19.469999313354492
2020-08-28,501.7086978767007,524.1177175118818,1973.9605223860117,395.05403722229664,812.0215142318126,146.60917111250654,926.2481681145446,962.6725488024437,204.75103391816384,1954.5873456330023,18.899999618530273
2020-08-31,494.8398737873547,535.2057802530813,1960.4837818901362,404.7409293538185,810.3163591706738,148.6257068248524,917.6742606469161,981.2228519777866,209.87207224003572,1951.372386976022,23.8700008392334
2020-09-01,526.2469482589318,532.7829954385977,1967.1765170481342,383.3050449202675,797.1023274080193,143.6590684793555,890.5700761476184,957.9334441866578,198.40638189756953,1952.9156184348524,23.239999771118164
2020-09-02,529.6103282821005,530.6400112496484,1976.312177119121,377.88616196574895,789.7707905221844,144.14453688442364,884.8541133475534,964.9743291453718,198.4970132287527,1944.9855116439287,22.5
2020-09-03,523.8310296583044,533.877951575512,1948.6799383547334,376.49540806020553,809.3787281650184,144.33125522453568,895.1795964586591,965.3129161947521,197.81722552684164,1992.3508668664383,21.110000610351562
2020-09-04,509.7143583155337,524.304029279035,1936.4244170810568,364.4107621649971,792.4135457935314,141.90396921994386,881.489193608179,946.4466666938623,192.42429286678865,1992.5654672037376,22.649999618530273
2020-09-07,500.24016441008,521.5553070027138,1966.362863893809,361.4374831444903,790.7511629324314,142.2773754579553,876.510819310275,950.4185474757394,190.0223509872066,2009.0685090336908,23.25
2020-09-08,489.67640529309995,521.2292728790193,1963.9659084792677,365.7055109664409,811.5952128631155,142.31470899903638,862.9125177198033,957.3015291324416,188.98002384872794,2049.3178293754727,23.06999969482422
2020-09-09,480.01265286282165,517.1294698441241,1939.4089617591374,357.16956516576437,806.4800461255389,139.1031967543211,855.5373037211381,978.42436533271,182.5447431657943,2022.3564742763153,23.270000457763672
2020-09-10,481.29167483710665,514.7301381364395,1938.8660200988318,359.6631886891832,803.0700092502301,138.69245529984153,850.9276955923399,1058.3800235694275,182.59003707159712,2013.3543547655677,22.229999542236328
2020-09-11,476.0334402179093,514.7301748953192,1961.840145809363,358.3683939229209,813.4281971859399,139.28990277064526,849.590806288565,1055.1754392235675,184.76536662001774,2042.9317131779167,21.350000381469727
2020-09-14,471.1068163993707,509.6753002806365,1962.4734620649954,358.5602256383451,844.885980871222,138.8044429063542,851.2504281720933,1065.1729199258552,186.89536054533383,2148.1645579804117,21.739999771118164
2020-09-15,462.0115756388024,501.3593280856497,1932.8965681259176,357.0256309882176,847.4008702906807,137.57212475321688,843.7367832061293,1049.7142296990357,182.18218613512357,2175.8122909924314,21.190000534057617
2020-09-16,464.90123744495037,510.60704968456383,1952.7500935638732,361.29372273312777,857.3327679066014,137.0493355621172,851.8495134435925,1069.392939817957,181.32115513568502,2149.7507654801398,20.600000381469727
2020-09-17,456.99022328894733,509.6752965099899,1940.1776448955345,356.54616081423876,870.4187751264412,135.55560842392052,846.2720110977402,1053.3026639496802,179.46304847423428,2139.5916881769745,20.68000030517578
2020-09-18,471.48582044397216,508.83670286508107,1924.349160645268,359.3274598682309,868.5432362481778,134.32329432766832,842.7225863315009,1046.8707395543606,178.73793867918147,2143.5777695284337,20.770000457763672
2020-09-21,469.92256828980214,499.12310632138906,1898.526053486899,352.37400822474325,878.943937164553,134.88345209776517,833.2268307745546,1054.340524274349,175.38434347254392,2147.4357793020663,22.989999771118164
2020-09-22,453.3426273072022,492.97345806947664,1858.502396506144,341.58406763836155,871.6975907924453,132.0079967715983,818.6146053476112,1027.7111483287306,170.6711934588765,2190.385980147287,23.280000686645508
2020-09-23,442.4472396896709,491.50594391211547,1863.250862797504,342.49530713571863,884.058987642977,132.60549671993633,805.4772685724275,1027.5983602691515,171.26029904166916,2160.2526594732817,22.479999542236328
2020-09-24,410.7085101259166,487.77883235792,1882.2449244477782,332.7603848703904,860.1886452460848,128.27368367370985,792.7547619086714,1004.6926843399245,164.7797293347889,2100.3700631724664,23.81999969482422
2020-09-25,421.5565725253505,490.08496791766635,1909.3797552405304,336.1651828170583,865.2184731991076,127.86291119126585,825.4827270971227,998.7349303522368,165.64078423142308,2091.7975988286735,23.510000228881836
2020-09-28,424.1146037729433,493.3694368669961,1892.5113407351737,349.0651196197917,866.2841078509341,130.55162476269913,845.8571537315307,1010.1089538946569,170.53518739603808,2095.2263063706687,21.100000381469727
2020-09-29,421.17757367300914,498.4475700684675,1871.6173086155154,348.87332119126,876.3864017785245,130.51427801441463,841.5701582591552,1021.8436888287242,171.2603370073089,2152.707871314026,20.200000762939453
2020-09-30,417.245731196519,506.3675174863672,1896.7168744876972,342.87889347519985,872.9337049668505,128.535100890771,833.8721846213335,1023.1976621884529,169.31160249129226,2147.520889779566,20.219999313354492
2020-10-01,411.75074663344736,517.129521354669,1907.480413883825,356.01860646759053,875.1076730243029,130.40222841237576,842.2616651198074,1021.7534063617467,173.29966809153234,2177.526389914291,19.530000686645508
2020-10-05,414.4982044930694,527.3789030377089,1920.5051821736274,367.0003229728012,899.3191700634624,129.05791175157876,837.605997420569,1015.1412378353376,175.65625735783323,2338.7837126018267,20.020000457763672
2020-10-06,407.3925645389413,534.8329437703007,1935.6100815925183,366.18505376268183,903.6670777494525,128.16166638508662,833.9183872084984,1008.2582772733267,174.11542097013822,2345.5563627715733,19.889999389648438
2020-10-07,409.0505101087139,542.6831457559576,1944.6547088149443,368.6307899758197,913.8970857638473,127.63886380539793,825.1139949574335,1042.154366526615,175.06709176528778,2374.7040824967694,20.34000015258789
2020-10-08,412.6033625603425,560.4565074085144,1958.2222785207437,373.76198268655327,958.2279427964896,127.26542083713348,824.1920458869662,1023.6492546738874,177.4690270577229,2473.2926429404633,20.860000610351562
2020-10-09,412.1296889906446,576.2964191753151,1959.9860975496033,386.9975798382409,949.106050953421,126.14514634794891,843.5063036394187,1016.8790372265936,180.1881749193525,2426.013786458482,21.010000228881836
2020-10-12,407.9610282225175,578.9753174994802,1942.4840877784045,393.2317530859349,971.8681977015069,130.85035006547534,853.4628990651361,1018.1200919736274,186.66875138029835,2446.716900224989,22.100000381469727
2020-10-13,405.0239630759711,569.5179706427515,1947.5944396035106,384.59983156607353,994.0763479941307,130.58897116469166,844.1977337496103,1031.660751903399,181.27582035485065,2447.488484775687,21.649999618530273
2020-10-14,397.44460439454093,565.7210584958747,1958.2223387974952,392.5124087567147,993.0961357243851,127.71354703971495,845.3961913849598,1039.8976215416956,182.09155038916933,2446.817520356493,20.959999084472656
2020-10-15,393.6549000915655,566.978791242383,1971.5181354053225,393.1358065162321,1011.0838296185921,125.32359397091818,847.2399796897412,1033.5787209899615,183.54174839369304,2434.548968629276,22.280000686645508
2020-10-16,385.886020561535,560.6894658056045,1964.4632092431175,384.88758087446166,968.4153261026231,124.57670443730663,832.9503265561849,1007.6263990747995,178.33007118795612,2386.2498350684095,22.420000076293945
2020-10-19,383.3753215441367,575.3646842197186,1976.3122157526864,401.62392465048373,971.0157787720392,126.14514829205275,835.2551312725636,1005.9112981674255,185.44516966281478,2388.272571696471,22.31999969482422
2020-10-20,391.4757965303113,571.8240642283002,1997.5674624520477,399.8495688616532,975.8750733983517,125.6970233358165,862.4516581993944,989.7984063552932,185.2185481129865,2376.1331550317245,22.790000915527344
2020-10-21,398.107797362994,582.8188687791578,1986.9401736794014,410.97515119017106,984.1017288071033,126.14514921555784,858.3030597333759,989.3470196032074,187.8923922587163,2366.749243094682,23.549999237060547
2020-10-22,409.6190140224735,582.3529667944613,1978.3470475044412,402.48705963000157,987.2137493731875,126.29450154873479,865.6782689091813,962.4919944695694,185.44517183225707,2313.0678500114473,23.520000457763672
2020-10-23,414.59297151368946,581.6307929468126,1979.8392858971752,403.30232178049624,978.000236800094,127.7135400832014,874.4364477636329,963.6203515996452,186.35152357467555,2326.28462736434,22.780000686645508
2020-10-26,416.34573037960934,578.6258929585825,1964.5537518388714,402.00753198390356,973.3470681820671,128.16165822237582,884.3471028453445,948.7034169019341,184.90132946953173,2333.129209286543,23.40999984741211
2020-10-27,415.82464722160745,575.8306846817148,1979.929966285555,395.5336199975577,956.1997508535874,126.44386794572429,909.0082810027604,929.7017897460652,179.05518913572118,2340.1885648616803,23.170000076293945
2020-10-28,462.3431481410317,573.9670876390384,1988.1496510350494,393.13586206050724,951.9346709266639,125.84637163551596,916.982891416582,928.7314851710537,176.74393139641919,2286.6378442493988,23.469999313354492
2020-10-29,433.067806216487,561.131990801828,1966.3467401861135,386.42213591998626,932.3314626144114,123.94190398140293,883.9321261953668,921.645358569465,172.84649542266666,2285.8196875845633,24.360000610351562
2020-10-30,430.9834284464382,558.732727611852,1929.9330378374939,386.2302993309022,933.7101697856597,124.57671169144102,872.8691631489748,932.0714297828963,174.02478430482168,2302.4793094178826,26.299999237060547
2020-11-02,435.8153328354398,570.7059890442584,1900.4833956986206,405.5082157199174,930.56511288124,124.8754768349436,864.7103677469788,914.875118139784,178.78325443074988,2294.3006583268098,25.920000076293945
2020-11-03,436.4784743118444,582.7023204120117,1904.261275400482,428.6226060794733,930.0911496372978,127.52683504583557,878.4930029012257,861.6165021715815,186.53280118101316,2294.429223972873,25.329999923706055
2020-11-04,431.59926563403434,589.2480168254118,1898.0708698720605,423.9230422140408,961.6282509960791,128.31103721151865,893.3861241921229,870.6433759833506,189.43322628592523,2343.374172424832,24.239999771118164
2020-11-05,437.61538718739905,594.4659969919073,1922.650226111822,427.9992325194478,967.6600780210633,130.70100844383458,901.9849384216053,885.063843200435,200.30977540932147,2333.1720819186035,23.200000762939453
2020-11-06,436.1468927863007,610.3059328513875,1933.5291088111726,426.7043967893098,966.0229002463029,132.3441071580456,909.2210270258527,920.7425971059893,201.0802118995668,2335.9698645772232,20.969999313354492
2020-11-09,449.789801606494,627.054293280216,1946.0005402172126,445.59871584483466,987.4785326817189,132.41875570763494,915.8934010704558,933.8316740433519,201.8052991772291,2362.4442972401707,21.049999237060547
2020-11-10,449.22135737575326,649.9059073656576,1951.9631715827757,467.1305402160259,959.7758088100804,134.09921085396047,974.4407836716861,943.3098869382017,212.99906432076887,2335.884047483179,21.850000381469727
2020-11-11,456.0427857953136,659.1303837292211,1946.8655055776426,470.48737767030303,970.5467337822264,138.8418019231191,998.7806234962784,945.5666166597341,216.94183198115758,2318.364072217216,22.3799991607666
2020-11-12,457.795551883507,646.9010059383767,2006.4021177786622,463.7736815899854,984.03201458444,140.97035847314675,1011.0445343918417,906.502703689629,211.50355803784012,2335.754957054083,22.030000686645508
2020-11-13,452.8689399487863,637.6997780505568,2019.5109438841703,467.17851996991544,976.2768668169616,141.00770937504433,1003.8082770645774,919.2306494130244,209.05634115663713,2294.343314326126,29.530000686645508
2020-11-14,461.3957511390496,640.5649008404727,2000.0294918355119,469.8160565583266,982.0069937727832,141.90394706535312,1003.4795804039118,909.5944198559474,211.09566462609467,2315.092016240263,
2020-11-17,468.92780539033726,658.1055426974898,2021.2864243140166,472.83721927388365,986.6170713226549,141.45580632260885,1030.7795874355465,941.0531655438715,218.98118875147085,2320.257191276193,20.40999984741211
2020-11-18,459.5009203832068,661.0871246448245,1975.4501326106868,478.5918209332866,976.0184356421144,140.74632943622686,1084.7219137284046,905.6226031588405,229.3139108324808,2293.7402982870026,19.799999237060547
2020-11-19,456.13757548410643,651.9790360753676,1954.8762833395153,473.17287492694885,960.5082088719068,143.2482917602601,1106.10152106551,907.4053210540029,228.22625289843015,2304.0290718364786,19.979999542236328
2020-11-20,460.4009846595414,656.1487934843398,1949.9605419697339,463.67778033586876,955.5966907311198,143.39766182522723,1091.0654043715035,895.3770527052618,222.42541273786705,2303.8997920778124,19.809999465942383
2020-11-23,461.15891588294625,663.2535113941707,1948.1398659622732,463.58190107663614,986.4447330138761,143.77108964006771,1078.7073874137282,889.1485449890283,223.10519754563808,2350.3906420273356,20.860000610351562
2020-11-24,455.94807815439,673.2000665182222,1967.2573658072545,460.36891934718676,995.1475868529994,146.72120240418124,1075.0893070921402,890.953946718642,222.0628380508448,2361.5834731674927,22.0
2020-11-25,452.77420165271934,682.2381368168991,1976.360624783247,469.91200091927163,985.3244487195828,147.84149534014134,1078.660524310631,899.5068761620935,226.5041166580236,2352.930346157085,23.5
2020-11-26,444.9579274340621,667.1435824592155,1968.1678813065366,457.6834008605298,965.032060624021,146.27306824235737,1066.58451477399,886.8917730806558,223.1958396440192,2351.209282493494,23.1299991607666
2020-11-27,447.8002391750512,673.6659683958317,1973.1745191319042,459.9372583490195,965.9367096502131,146.19840410702938,1071.1425584057881,882.8748813272135,223.19584529255894,2339.8013925388123,21.280000686645508
2020-12-01,457.1323346037534,675.0635368162108,1965.436415335151,468.52122465762403,982.5240328246149,146.64650760015735,1071.3302366629468,887.456025013745,225.64308248970352,2355.4702518616264,21.239999771118164
2020-12-02,462.24839089416565,667.0503663358236,1957.1518490115943,467.08258121855107,988.7279479050462,148.43898219840088,1063.8593394080397,885.5378055525415,227.36519365329045,2371.6567046663813,20.549999237060547
2020-12-03,463.43274183491695,667.1435985499762,1963.0697233043816,465.1643838809175,988.3401963593363,147.2813369410923,1068.9338996351341,894.1585153494483,234.75218147707943,2388.1866135317773,19.90999984741211
2020-12-04,471.62791224830465,652.9107739090895,1998.5730254949483,483.38731959190267,979.7236439641604,148.88710033997026,1092.0050994488092,888.6971991448669,239.6012992805234,2358.0105050608636,19.040000915527344
2020-12-07,483.66020699162135,642.8944006689825,2057.0173354676817,494.51288673032496,993.5104294590518,152.17329911075228,1101.3087592625816,886.891820126114,246.03660905386351,2362.4452637458076,18.31999969482422
2020-12-08,489.1079343807054,647.0173765462821,2073.9493493678033,491.06016398936544,1005.573701427874,152.88280766356192,1111.2703411872458,909.120487964561,248.07597225288637,2415.4360828907415,18.799999237060547
2020-12-09,480.2495174885598,656.9174709203267,2090.153693993014,493.9374534032678,1016.3446451619873,155.1981204562528,1113.6196493718908,917.9442894095523,249.1636104209801,2445.094989271727,19.6299991607666
2020-12-10,482.00222621206774,653.1670162548138,2146.504199496287,493.3620259706338,1009.5806433431113,159.56722748675287,1121.84255736669,915.5521050393417,245.62872910556263,2434.1609405370345,19.389999389648438
2020-12-11,481.765364332694,649.9058485960943,2171.174794715233,495.75975843099445,1009.8390266167494,162.77873772148268,1143.5041739953958,919.8399265746882,250.3872071567162,2417.286833886007,19.290000915527344
2020-12-14,485.08138259866723,646.6448456330785,2177.00094520695,506.2140108352889,1010.3990600945316,163.2642083925583,1187.7671182424901,909.4589616611561,250.29659755665338,2414.1015121325513,19.639999389648438
2020-12-15,480.15471956106575,649.8826151632962,2152.0116951612767,502.8091137077742,1002.730129455689,161.62112817095075,1176.5839381425526,898.039915449366,248.39317626547628,2406.094579848288,19.829999923706055
2020-12-16,491.52385926930543,660.062204002033,2143.7729281302068,500.3634524659301,1007.2109115376816,160.98628473650103,1201.0176739909818,900.40957493361,248.0306545668686,2427.70421133273,19.399999618530273
2020-12-17,495.02932972034654,673.1999681912783,2132.0300676893653,495.37613169602696,1007.2109021915287,160.65018814888379,1206.6562552441644,904.9456238899453,246.67105018510773,2456.8906106062614,21.6200008392334
2020-12-18,487.8288757877428,670.7308250997335,2133.7591617057046,497.05456143206186,1029.7006343182745,161.28503693169873,1222.6322348482033,904.9004961820984,246.48979536299697,2495.029666712633,19.489999771118164
2020-12-21,484.3233979398175,663.3466246802224,2139.3124433639155,493.6497485592464,1042.410445635424,160.35146039738075,1257.8732949969508,912.6183705411303,243.8159431162881,2485.1296743302546,23.68000030517578
2020-12-22,478.44940589946236,645.1539833124564,2124.109344232758,481.2772757595114,1054.559927318439,154.04045474577086,1191.6200744815517,884.13862467934,234.48027914827713,2482.675179628832,24.479999542236328
2020-12-23,482.712784411887,643.3601945252781,2164.1652381263393,484.82598026962245,1084.7184721056449,155.53418504691388,1194.7213777600375,880.7760293674728,239.19342114402426,2513.1111076325474,22.079999923706055
2020-12-24,495.50305881674325,654.0989385535729,2193.9333536999816,494.8485901697854,1077.0064303379504,157.32664071134087,1203.8369092399164,902.1471750538747,243.68000658651886,2515.1338800203707,20.950000762939453
2020-12-28,499.2927520443998,662.0188152963,2200.6699542081697,499.88387401640983,1075.3693459932929,156.99056298007105,1213.2345555354113,910.8130563627905,250.16065441572258,2539.5417635820504,21.020000457763672
2020-12-29,497.3505290183273,668.4247835544119,2187.561020154119,509.0912689559453,1080.9271822212474,159.45521167972097,1217.040734402037,908.2403499939302,253.69549433299352,2541.5216353331343,21.209999084472656
2020-12-30,495.8820156627742,670.824066950373,2198.166730045015,511.20130508458925,1079.9362088880785,159.45521394231827,1218.262472108268,905.9384324891365,252.60787844972373,2537.819391590143,21.59000015258789
2020-12-31,491.192246363129,672.7341219785199,2200.305646666921,516.476393864247,1084.3309082075723,157.81213083327245,1225.451449035122,908.0598221912284,251.29359941415575,2501.057229752041,21.510000228881836
2021-01-01,489.25001110871534,672.2683283636043,2188.4712372582994,515.0376757581087,1090.4487871704575,159.97801618220277,1221.6453028295073,901.3347986266252,253.78614255073438,2531.1901256216383,
2021-01-04,493.13448187174697,669.9389275157519,2212.1408008738154,513.1194614786899,1111.5596876212885,161.3223599334888,1242.8841518555444,902.1923588792536,257.3210401638089,2626.5405346980588,21.030000686645508
2021-01-05,489.7237596920977,666.5612238531063,2236.6740244941043,517.8671138494541,1119.3146475877952,159.26848505479006,1233.909283623067,895.2868807865033,256.00677559814665,2681.2111870870212,21.010000228881836
2021-01-06,503.7930005884534,670.8705931849613,2230.347366865695,528.0814655831948,1121.8999025322664,157.96151618633198,1249.8853356580576,887.3431733969305,262.07947103975795,2680.564627339718,21.6299991607666
2021-01-07,525.2995611256854,667.4230735980611,2214.598100045808,531.7260717234732,1118.1513174784952,155.0487490801294,1265.673622520285,877.8649187321673,264.4814216474617,2652.4548233256423,21.0
2021-01-08,520.8466302313046,671.8024011097472,2184.8299352024715,524.7246173575334,1134.6524703484326,153.8537697362706,1299.6458146772477,874.8859848548774,264.11886794671705,2693.0488580094852,20.850000381469727
2021-01-11,525.2047669890425,682.4711697734068,2223.0183640946443,523.6696724080649,1191.997051488517,153.92845016614518,1301.5252256924355,875.0665066757083,261.2184653947773,2780.865584960239,22.75
2021-01-12,539.0845186089471,693.0931909419772,2214.962335617503,528.1294116539622,1187.3870506780231,154.52590135490064,1284.5155728271263,884.6350813991116,266.33949250813544,2763.6460598148933,23.260000228881836
2021-01-13,570.0653555129238,697.379376386846,2183.0092162863457,538.056131614829,1200.1400876037974,159.08179236043472,1290.2953033842134,891.3826993524976,279.1647533497221,2735.235241372653,24.049999237060547
2021-01-14,554.0538537356717,693.2330066489362,2190.292041670276,535.610418251796,1192.5571629309559,161.69579921320437,1305.9893462329137,887.7493749036234,280.2976821638686,2817.6413724222707,23.700000762939453
2021-01-15,578.5447584549839,685.6157887609149,2191.202525256196,528.4651739917847,1175.7113385699836,163.18953604824767,1301.1024860101195,890.8636390967538,281.7932512633978,2824.1112135321864,24.68000030517578
2021-01-18,571.2969802890028,700.1513111208578,2161.615807021529,525.9713936413124,1154.643319873238,165.803557190015,1272.2986423599743,901.3348178565226,279.75389764473476,2809.231328480403,25.40999984741211
2021-01-19,566.0387463932827,704.2511540690322,2168.535169042822,525.3480169354823,1146.8885655169383,165.57947140571451,1298.7529868396464,916.6804669801634,274.1796788806815,2828.4243088054377,24.399999618530273
2021-01-20,570.8232698936204,699.2894379153008,2161.115965260834,531.9178309295118,1161.8814805840243,163.56296076808513,1309.1374539324454,928.866877855919,276.17371270788016,2870.6476143956615,23.190000534057617
2021-01-21,572.2918315945343,696.1912788146382,2184.7392736967176,538.0561143542824,1172.7817160773957,163.93638133753066,1311.909866838056,956.8501859101181,276.58154210290587,2854.431348081658,22.780000686645508
2021-01-22,554.7644490260777,683.8686987100398,2204.857337209022,530.8629170997804,1168.4299930363886,160.38878412856906,1292.17460589732,954.7514084138397,270.1009169041989,2868.102489833695,
2021-01-25,556.9435333327002,689.9717673229738,2214.2796445764307,520.1209216327012,1161.4507810538796,158.70835218102644,1312.28572345556,918.4633177239738,261.03716268545986,2880.8696719465147,23.809999465942383
2021-01-27,551.1642425612439,685.7322574652719,2207.588520500492,517.1477488323302,1143.915701597975,158.82041047045746,1308.8085860916456,868.8380990078514,258.1820822530594,2852.1023049644546,24.75
2021-01-28,545.5744447856841,652.8410221795793,2195.34449451213,508.1800778323068,1117.1174817647845,157.58805281933553,1282.8709961202505,868.0707040284875,256.8225320843371,2824.9736482714634,25.299999237060547
2021-01-29,548.0849916426871,656.3118016621228,2114.0967167335034,522.6625295921092,1112.5508031568647,155.94495245527017,1286.5363039153046,863.4670185270817,263.43909048933256,2774.8150034584505,25.989999771118164
2021-02-01,550.5484046137518,690.6705837659835,2080.140160447049,584.5246004103781,1101.176466884617,162.77877263496438,1373.9342066406891,859.8111004411335,284.5124268887054,2730.0896422661626,25.93000030517578
2021-02-02,573.8076431704858,735.3953419095049,2071.036537578086,598.479552159034,1115.3508503757043,166.92386088706314,1497.0432462320969,875.6082351731134,305.81230557568534,2780.9820744557087,23.610000610351562
2021-02-03,589.7717544404824,736.8861126405844,2054.650287554203,601.8363702660362,1123.6232045430509,165.80356251876972,1464.1514515150357,881.0243335187519,308.0782583316196,2791.333221488159,24.200000762939453
2021-02-04,590.2454956364385,739.8212303398263,2056.4707592255604,605.8166637871558,1114.4893764883388,172.82406889657946,1456.6331982724075,875.6081993096957,324.4837184727254,2792.9288406332607,23.93000030517578
2021-02-05,574.0445244818288,753.9141221565797,2080.1399923860354,609.317441295194,1110.4823914938265,178.3882050087993,1453.814029803026,877.7070019033696,370.1198878309798,2765.3261227769435,23.940000534057617
2021-02-08,571.912870386865,760.1569718191174,2083.508422044189,608.0225917791083,1128.7933529624725,177.7906930097986,1475.4284763803628,888.6971388465231,369.62138286167783,2782.7073341843807,24.350000381469727
2021-02-09,575.7973494656521,758.4565068510009,2052.5564595769506,616.8943940447033,1147.7501042069305,178.64957955937103,1479.6575488698181,897.9948961529354,365.7239175960434,2799.786405962383,24.469999313354492
2021-02-10,575.7973354849188,752.3301185888382,2040.0847823779286,612.0987575785106,1123.924766232091,172.59998741408484,1469.7901538305284,895.8058015904561,360.6482273892608,2777.0136095650437,24.959999084472656
2021-02-11,571.8181139186394,744.3870161478222,2064.6640331556564,607.6869699268365,1116.7297270881256,171.2556341459263,1465.9370522170295,931.6652040177879,359.7872044560064,2776.928267599993,24.219999313354492
2021-02-12,566.4177434021245,741.9177679192464,2068.533265255399,623.3202998776966,1140.6411619904115,168.60428926051785,1450.9947716016957,937.8936480254456,361.9624873265371,2799.52748410672,23.06999969482422
2021-02-15,571.2969390531044,757.0589315094622,2058.974914238881,649.1201356713515,1144.6479675405958,165.0566828876889,1450.9946963540224,930.3561823841347,371.11689969165064,2768.0423524896455,
2021-02-16,569.9706521273284,764.5130379556755,2029.2065459158157,651.6138864761717,1137.1944110642016,165.65417146306058,1479.1875700282374,938.5256299749142,376.82708363909694,2732.3749597743044,22.1200008392334
2021-02-17,567.3178532372525,755.5680457969456,2004.1717458300025,637.754723596953,1115.4370435224996,163.11485957923853,1472.6092520050524,945.9953555067547,376.01137989854897,2702.3574769525526,
2021-02-18,566.5598689103999,748.1837499704787,1974.130436042084,625.7180735551965,1125.3465038369814,164.75792442130071,1457.7609900149653,951.6145681859424,387.65835202815066,2672.2096876641276,22.09000015258789
2021-02-19,564.6650387028031,728.7331249694511,1997.2989152639204,609.5092552791426,1119.7454951301386,163.48830032551942,1453.8139544291344,950.0574695218014,376.14730515761215,2662.936676901493,22.8700008392334
2021-02-22,554.1486809869639,733.2523399717498,2007.3122203212483,603.5628076271427,1127.543847285139,162.2359189757715,1420.8753555447347,943.2647459186029,363.4580278702664,2670.570568892352,25.81999969482422
2021-02-23,546.6639560605963,725.7048983861081,1995.7967126856597,597.568296764674,1112.4213189416287,161.12627644748522,1407.765694654219,926.5649977273687,362.2797586940143,2611.9153242768703,25.639999389648438
2021-02-24,543.9164208404493,751.9108046768805,1992.2918283457914,618.6206473058942,1100.013281724026,160.55235663684053,1439.7176902083152,932.139029538801,372.0686026893029,2590.6515997125284,25.229999542236328
2021-02-25,553.7222827029236,762.3000718238334,1989.1057798229226,621.8816177005032,1119.960972603115,161.62372848560557,1447.7994863605447,971.2932834620615,376.056657888352,2613.5541455299563,24.170000076293945
2021-02-26,555.1434419103222,740.2405035257096,1986.7386102929042,589.8476694219534,1098.031560981931,159.17486120735873,1403.5367001750028,963.123891576847,363.4580288452325,2563.9116563447387,29.649999618530273
2021-03-01,529.7050580957989,732.6232822419679,1960.884493823358,586.8263996813332,1106.8203856747455,158.98353050229608,1396.4884047498063,953.2395150981274,360.46696872253716,2557.5722789261185,28.139999389648438
2021-03-02,515.3989595323388,739.5882318050076,1988.1042576194423,591.2862883246794,1128.7932855994275,161.31761255187553,1399.9187219721164,961.3635697154016,362.14375320462744,2609.3269170643844,25.6299991607666
2021-03-03,521.7940322862268,743.5482966812122,2007.3126052359064,607.8307713807001,1160.6751264405077,162.2359140457144,1419.04293500443,1001.9395335212855,370.6184102992803,2642.9675604469694,23.610000610351562
2021-03-04,517.2937923090011,731.9012638353034,2005.9469698123087,605.0973952215884,1175.194332673044,161.7002524808171,1404.33553745119,988.4216276043541,365.72393708928246,2658.0199630833813,24.579999923706055
2021-03-05,510.1881160455869,720.0678026577812,2011.8185113592417,589.5599431224794,1154.6434577003683,160.70539494264392,1388.2185487018996,998.3513582522689,358.01976988640047,2642.2776652670846,26.40999984741211
2021-03-08,507.298480673246,724.4470883639638,2017.4171934182364,590.8067563977,1159.8996302572925,161.31759553114463,1433.1391704729049,1007.3556183257853,356.56947308339085,2616.2280159561988,25.649999618530273
2021-03-09,504.0298796364309,729.432024021368,2007.312389006798,602.6515655734177,1163.6477782378126,160.51408520727452,1439.9996361748092,999.1861993021838,357.9290866164198,2645.469164158386,24.68000030517578
2021-03-10,502.60867609332337,733.7648063462282,2036.352465499052,604.7136601289973,1183.9403089878242,160.09318796872793,1442.301878863351,999.7730267712369,356.2069965461691,2668.155461410439,22.5
2021-03-12,504.740426191473,745.4117937253521,2039.083279804492,611.9069564644086,1199.1922891383267,159.1748461641017,1470.7296902090902,995.846415828836,356.3882742168456,2688.685347801896,22.670000076293945
2021-03-15,500.05067140433937,721.3722581601378,2018.6462103346607,587.7855104787126,1189.0240475959667,157.6443590513674,1436.0523839170128,969.8939539882846,349.86229425575544,2673.1585926371235,22.93000030517578
2021-03-16,505.68780046461984,717.645247386773,2046.002098621474,582.1748417389566,1211.5137138587202,159.8636174121362,1406.825842379491,959.5582754400099,351.5391133280401,2709.387225449249,21.229999542236328
2021-03-17,503.0824831411755,716.9929416198833,2059.202181178154,578.9618166191433,1206.3438542042177,163.68991154143941,1403.0197516011312,949.177286837256,344.1068002195137,2721.4637434363112,20.420000076293945
2021-03-18,504.21934401567825,709.0964102160403,2048.187226030414,576.8039106568629,1200.9585220891945,167.6693233576109,1381.170308797425,940.9628627496759,339.89210818435544,2714.0880224400876,20.950000762939453
2021-03-19,506.6352913506847,704.0414404652653,2116.781657315713,564.8150835809497,1167.741026522775,173.06438389532923,1336.2028038676488,945.9501672736187,337.9887819321032,2673.158518840698,21.8700008392334
2021-03-22,505.9247280586308,696.4475821404212,2145.230015862086,562.8489399180978,1185.6637695004824,173.25571800925047,1332.0208162674837,936.088313055874,337.8981317374449,2708.0500786626917,21.229999542236328
2021-03-23,504.4561622236744,702.2943397175386,2160.2049586251746,565.150713972866,1191.9107691234879,174.55666563993816,1331.1749852991477,952.2013071535108,342.56601624784713,2733.5395578340426,22.139999389648438
2021-03-24,505.40367519269444,701.8285019700834,2140.1317736604947,556.8066126931541,1180.8813722284217,170.5007448895768,1322.2471469302502,938.6835805295864,334.4991622304421,2719.134611643029,22.690000534057617
2021-03-25,496.1188771045005,696.7504090066333,2113.8230944442935,555.3199416932971,1165.4142899503865,165.25873290572557,1305.3313085918146,927.0613710266658,327.0668981107431,2700.631942315349,23.309999465942383
2021-03-26,497.30318036418964,698.3576571635782,2116.5536308901997,560.5950344462785,1169.033215628549,164.11080633172296,1323.1869487172012,908.8723362515558,328.109214309087,2689.547489004796,22.920000076293945
2021-03-30,500.14541574755117,727.9645966039669,2190.2916564209877,568.8432861583041,1206.3440607988207,164.53172187699596,1342.1701011977377,924.7596332154852,330.19390285254525,2750.3166688550155,20.649999618530273
2021-03-31,498.2505917738626,721.1859305763878,2219.969893299305,565.5344175034764,1196.0037115869577,167.82234912489022,1345.365247025171,925.210945158364,333.411509595552,2764.592502547157,20.829999923706055
2021-04-01,496.35575478749723,698.5441198547899,2227.434442276655,571.7206364089392,1199.1056777574358,168.81718001522145,1360.636628989606,916.2291839450849,337.08234508964426,2773.2192251678516,20.68000030517578
2021-04-05,501.187556587952,691.8353885681857,2200.487832555809,567.7883274070022,1227.88564811075,168.35803191021654,1352.3194929882181,913.9725410564147,334.6351723218312,2814.622668965383,23.309999465942383
2021-04-06,509.57233069146065,681.4228366536412,2194.84387570776,554.840396686435,1228.747342967001,164.4934450785155,1330.9869463831124,904.9230424620014,323.5772956175346,2824.97453861594,22.239999771118164
2021-04-07,518.1464772782791,678.6508583140842,2216.691917115717,556.2790734532954,1236.4592852394153,164.6847590247519,1331.8326916290412,923.8569132620463,329.1968931047109,2827.1736918038127,21.299999237060547
2021-04-08,519.7097165077244,680.6075798822934,2220.333437207158,561.8897599218,1250.8924593912707,165.37349127512854,1348.3726037000781,912.6183880971798,329.28754423496474,2876.72922333794,20.59000015258789
2021-04-09,520.8466467590391,667.5163092761001,2260.388533633822,555.3200109177684,1253.7358884927696,165.25871486259157,1331.6448221573487,905.5548598128081,330.3751720828308,2893.4200964931333,20.969999313354492
2021-04-12,510.5197401630575,651.7695030321798,2265.168062955359,529.37628025704,1273.1666212515227,161.47066167751757,1309.9830628591021,885.2669734194948,311.79434874041795,2879.403022361947,23.299999237060547
2021-04-13,511.6092586843121,655.2403088967475,2281.2350963262406,540.7416230458899,1236.7178256509376,160.4758092212242,1298.7532082446562,875.8790770428972,310.2082301612474,2772.3560975851465,23.0
2021-04-15,517.4359562338573,669.3331740651886,2273.1338895557437,553.1620112505448,1177.3915511559262,161.0497618203388,1307.3050113013326,885.0864478844724,315.01203576046936,2792.411124320326,21.549999237060547
2021-04-16,515.5411288441426,673.1999896868467,2256.701696653812,554.1211058801416,1181.226062947407,160.1314480970825,1309.3724864048365,880.0764962565872,313.1539755049519,2800.8216827812294,21.09000015258789
2021-04-19,506.8721088346921,660.4814717592332,2239.177607761559,539.3029366800793,1188.8519706818274,157.72086053918824,1265.1096074350855,864.9564895083129,300.96316606963427,2750.7911923595366,23.110000610351562
2021-04-20,508.7669490896121,664.5346431878645,2235.8093372118306,549.2295776689571,1188.248651092987,158.4095796528967,1258.766117547246,866.129945192319,308.07825370819756,2782.146321965287,22.75
2021-04-22,505.3561947358795,664.72096824602,2175.72648621417,556.8544871951352,1176.013007638109,157.87394316295476,1258.8131944415275,864.0763909126439,306.0388557828436,2715.425304500609,23.610000610351562
2021-04-23,504.4561378546001,668.3548475577336,2139.31244858527,556.7585878374535,1161.8814469660617,158.40957822506235,1263.653114600819,866.084783440233,308.07825476918185,2690.410156642572,23.049999237060547
2021-04-26,500.71386817507346,665.7459499907978,2157.3373651780375,580.7362006434557,1164.380367507534,158.21830081757744,1260.4107313160173,885.5377655993291,314.9214618023735,2719.7382039838667,23.559999465942383
2021-04-27,510.23552307025096,671.8023882068552,2172.494476463129,577.3314058832747,1165.8453077203837,158.37131240507023,1304.8143380079546,901.4250736005504,321.71924309046227,2705.160716389788,23.6299991607666
2021-04-28,519.1887210518012,689.04005522921,2225.794980009088,597.3286366741015,1171.446157764896,158.02695979029545,1315.621873354892,906.2996013229371,330.19390952173904,2718.013088769156,23.110000610351562
2021-04-29,521.083494170879,700.5240267723495,2229.3914472196752,602.7474642205282,1179.6320114831685,158.83048798257397,1305.848282405984,922.7737059327087,335.3149714834763,2723.490552768404,23.420000076293945
2021-04-30,518.2411852835082,677.2998795534614,2223.8833000354293,591.1424150756256,1183.8541954072941,157.41477510181664,1282.7771723362043,918.9372550182458,328.5623790519747,2701.667233603313,23.770000457763672
2021-05-03,532.9262697453748,662.438265593792,2198.4847241778707,574.3581457373658,1172.7385531266991,154.46849140130257,1269.9024106320721,893.2106078294329,319.49860385999483,2635.2047975682726,24.540000915527344
2021-05-04,536.1949086642288,662.9505112515973,2201.3983830268758,583.133926643283,1167.5256039533779,154.85112526093232,1269.526611146595,888.1555786981006,328.9250023859748,2665.3956643154665,23.690000534057617
2021-05-05,535.2474197271725,656.7078321353601,2215.7816686489637,580.0648102215338,1158.0039521560068,154.5832840520117,1265.6264655344808,874.9311830141904,323.98523003727064,2673.5035432666605,
2021-05-06,534.726508572297,657.2669102027188,2199.8962890569137,585.8673906557684,1175.9266619728828,157.60605555511864,1274.8361715151755,873.351467984722,325.7073185242703,2703.349340291839,22.610000610351562
2021-05-07,542.7795040132763,663.8590943683245,2206.67785941562,589.6558484415726,1183.1218412109477,157.98868427080978,1277.98431233819,882.6717141211767,328.10918725194085,2725.646554328508,22.040000915527344
2021-05-10,546.6640282226757,666.2118108456489,2227.570676756349,591.7658826763466,1165.7589437563593,158.75396565138877,1314.5880369261388,878.6772726130321,332.6411086528679,2729.3991418750993,21.149999618530273
2021-05-11,544.6270463739676,663.5096466065934,2208.499121150702,587.8335717555993,1155.50522191954,158.02697442254558,1315.574904311761,874.9537063750458,332.09730236804967,2698.25985592109,
2021-05-12,539.2266251340183,656.2418371551098,2174.816214556524,581.8391780558255,1146.0264282686512,157.0703960943987,1339.1628081123135,872.4036791691951,338.5325919340973,2691.272945509579,20.90999984741211
2021-05-14,539.4161927497266,651.7228530109861,2168.8078568830483,577.3313679962519,1143.3123140362059,163.15422418581633,1338.1293886021144,876.5108642766377,337.6261708564378,2672.726908249209,21.149999618530273
2021-05-17,534.3000362933622,672.0818727050178,2180.278212433423,598.9591624284947,1150.2921171674845,166.06224808598063,1354.199211179748,886.1922131252846,349.13725793897476,2652.6290382727884,20.43000030517578
2021-05-18,523.8310869722051,690.7871170805363,2192.4313071526462,609.5092674248765,1158.606745447997,164.22562362283887,1336.3436000551912,903.8623926091062,355.7991030478327,2694.7226491249216,19.610000610351562
2021-05-19,512.1303557787726,688.9700911258076,2166.622732562374,608.070548032164,1169.6795440720994,161.77678559911055,1348.560469622587,910.1134700489604,353.0346172469254,2689.5475313754764,19.56999969482422
2021-05-20,503.0824341896201,682.9369917808087,2150.2368223005283,607.0156191122103,1162.484381215919,160.16969932689932,1340.9955522173748,907.6085298258828,351.4937972043004,2664.3603850643035,
2021-05-21,505.2615219535872,699.7087212899272,2154.0148597140073,617.6135793729188,1169.7227178934802,160.5905986051164,1338.880926898248,907.0217278069957,366.5397093217611,2663.8425649498754,19.649999618530273
2021-05-24,504.9772557352631,708.3508101809515,2148.370607136598,626.725129290155,1174.461943366911,162.2741807629443,1370.175232832258,907.1120455871035,379.95411262533776,2678.333791534409,19.889999389648438
2021-05-25,502.8929164872463,705.2294532162696,2157.337399116217,625.3344644969762,1178.7702287213629,163.30727814566853,1373.8872031893907,901.3347663974367,376.60051095757547,2711.5885700674185,
2021-05-26,502.89296056702614,692.767098727487,2157.7019055008936,629.7942609859152,1206.3439694601002,162.58028084998548,1387.6546911924872,893.4362569865272,379.5462203696114,2743.443081185318,21.299999237060547
2021-05-27,499.29272042113723,693.698820067959,2142.0436561949114,629.6504018541588,1220.3459077434843,163.8812425724524,1395.548712587694,899.5294239766795,388.92726789153824,2789.167759579833,21.31999969482422
2021-05-28,500.71384705699404,704.8801081042284,2139.3131295754024,633.0072778054033,1218.4074998023486,163.38380588889083,1409.31627926798,950.0800090423911,393.0512643368663,2772.0484983674514,19.90999984741211
2021-05-31,507.81961729413575,707.9083068412123,2134.761050387356,637.8026321508983,1220.6680058856502,166.75097332617355,1387.0907312558397,989.2115769657272,386.11746811475876,2748.0812088490416,
2021-06-01,510.0933819257378,711.4023760066137,2151.146988740835,637.7068390739963,1220.232475755332,167.89887563712747,1402.596897577244,993.860450495012,394.5921382759125,2747.7345713920113,17.959999084472656
2021-06-02,506.49311838859336,703.575581938167,2160.841986651404,622.7927199479441,1212.3501055873878,162.58029218749618,1385.775178374439,997.2456250100269,396.9487159009735,2738.632128240077,17.649999618530273
2021-06-03,505.3562783367158,710.4472978705807,2158.4752527486835,626.916914356518,1218.4906181150707,161.27933535020617,1423.7415939053476,1015.5249829566307,404.2725449742927,2734.3855066677797,17.209999084472656
2021-06-04,507.63004766746667,708.4440918339504,2157.519313226875,628.1158496593986,1216.6613544393222,160.4758063399529,1454.0488864175693,1000.38234182816,404.2268212608921,2736.379179711541,16.3799991607666
2021-06-07,512.5567320607787,705.3459706378511,2142.9540605898305,623.4162521307455,1212.3938101616714,162.5420142151847,1474.958810086402,1011.9142309078353,400.1104175694343,2765.5035872962007,15.9399995803833
2021-06-08,519.1886372920669,699.4292332375256,2150.2366524729096,621.4979607759825,1238.3051031560915,163.95776210409815,1487.6454403352645,1005.2116608783687,395.6281784678205,2800.6524483029743,15.600000381469727
2021-06-09,522.5046851000242,699.7552536082195,2159.2943831537495,619.1961232230994,1241.1356454442755,164.34041213498296,1461.332225516961,1002.4359284900111,395.4452183161297,2791.1179699095774,15.739999771118164
2021-06-10,519.0464773906027,693.6988593363984,2184.7847339391483,616.1270660488759,1244.619773572991,166.4542880114318,1441.5971102822614,1006.4980988117626,396.35994848620174,2794.5852050996004,15.199999809265137
2021-06-11,520.8466094648987,697.2163290397356,2174.4064205132854,618.1890776509646,1264.3038560059608,165.70626642019633,1435.1599159450725,1009.1011338517071,398.3724366673243,2868.2637548720177,15.0
2021-06-14,512.4146008774323,692.3012472963337,2177.8072380033145,610.0846839414522,1286.4263613244386,164.13147565788321,1427.9705239757932,1022.8018743951756,395.5824739018937,2868.003473953107,15.3100004196167
2021-06-15,515.0673586031548,696.9599512718084,2196.0535250734706,619.7716623952482,1285.5553392447312,164.09211100586631,1431.91753456454,1030.3428892787051,395.90259639194994,2858.7290139704332,15.15999984741211
2021-06-16,515.2094615716107,696.0282312475173,2217.9224266227293,622.6490055573584,1297.2698523733502,164.84015305423554,1424.6814240002398,1017.7291568032897,395.85686672355354,2855.8688870863793,15.319999694824219
2021-06-17,512.7935707232988,688.9236364568519,2224.3869674983794,611.4753517551233,1308.7667383776072,163.7771653725626,1409.5040891572373,1012.2715613635339,389.6366170757428,2891.7109961422934,16.049999237060547
2021-06-18,513.409374884732,694.1647583728865,2289.306061074149,610.5642438130606,1320.2202871980096,162.5567145579304,1401.140237680134,1012.2715036865906,387.76134676758494,2910.7381946684745,16.6200008392334
2021-06-21,513.4093776825403,695.0033017551335,2318.9229657149617,607.2074818733305,1311.5104415545813,162.20239505689088,1380.8882304049685,1017.9329709190221,385.1085829607002,2848.3269861198405,16.459999084472656
2021-06-22,520.1360372346733,702.5505750994012,2323.4612663971257,617.7574769283761,1325.141222942779,162.39923417655115,1414.156200137783,1024.0474616919707,389.17922127096506,2883.9094808610066,15.109999656677246
2021-06-23,510.85127700890774,697.7987976322688,2305.1686594893295,609.029739371974,1328.2329974366169,162.08427180911744,1416.2235784306606,1019.3370730246654,388.53887920088465,2885.5996382580515,15.539999961853027
2021-06-24,507.29853202577493,705.089682030104,2296.7334938087174,610.2765094855781,1366.3382162960427,161.13942703578527,1422.0500379281498,1003.0319792586279,386.7094044902972,2932.407665621721,15.640000343322754
2021-06-25,507.72487941240286,709.0729369927518,2283.116682233866,623.4161941222675,1374.3944544623128,161.88742448390704,1437.1803736811514,975.3587813357442,394.25607700507544,2946.8394240778416,15.270000457763672
2021-06-28,508.7670079982946,709.5388723967646,2260.2392125655915,626.2935664363887,1376.267350793857,162.12365123374792,1435.9115382028713,963.129909816626,396.22275433362654,2939.7752998610995,13.770000457763672
2021-06-29,504.26672230655237,705.6848435152247,2290.0390154351567,622.2173979665881,1370.605944791992,161.65120890517827,1437.6501010806985,955.2039275943256,392.3808574148079,2917.9317727636685,13.399999618530273
2021-06-30,502.51395121314795,706.0592041820919,2296.9162094731064,614.5924238028518,1385.7172510180376,160.94256054359553,1431.635805476316,961.3860917576565,388.6761093385087,2931.5403966902977,13.140000343322754
2021-07-01,503.082459539102,702.783893139398,2277.6605310324608,611.3315413774307,1373.3931306494867,160.47011317953536,1412.4644807549691,961.6126545352091,387.5784054538985,2914.2043531921013,13.279999732971191
2021-07-02,504.9772536927803,696.8181995606326,2285.638114653202,615.119868854639,1366.9477617714929,160.39140155001365,1410.256120481374,966.0286658416347,389.1334667139619,2894.8749474834935,13.020000457763672
2021-07-05,500.7138359267495,703.9536838673887,2304.6182976574223,621.9775656105579,1380.491472279574,160.7063517855465,1422.8017029859486,975.3814069298204,397.457668806859,2924.6060420136537,
2021-07-06,499.9559231704772,720.5640536285356,2290.451611207349,628.2117703152138,1382.0158438042245,160.47012148606845,1427.500772233581,973.2752927037599,399.28718447061107,2884.7331013836533,12.359999656677246
2021-07-07,502.7034634945971,723.0672742086946,2283.8961726198904,627.9719509159753,1367.9061058203963,161.57245429101948,1428.158356949266,963.6961219133111,397.00028744406666,2845.4667764595783,12.59000015258789
2021-07-08,504.78778680277816,719.4878176227463,2264.5946315596802,627.2526313387323,1372.6526922653372,161.02131651139925,1432.1993890546191,958.8046409163389,398.2809305547424,2858.7288592275495,14.010000228881836
2021-07-09,509.2406716703924,709.3344565644245,2259.780468729693,614.9282093518616,1367.3397273251671,159.32841065904657,1412.323396074634,947.3684433649398,391.0544168928028,2844.8599591707584,14.0
2021-07-12,510.61447577831683,702.7838615001891,2255.5630302917048,623.6559261240858,1374.3944833697385,159.4858759723706,1424.6813679748666,951.8070347554016,393.56997847527344,2804.9869544453836,13.609999656677246
2021-07-13,507.34585414444393,704.7022536501623,2251.574311345782,639.0975293174877,1355.581708354052,159.21030993149353,1423.7417172476983,952.5090925159022,394.98783662184604,2785.9177257097294,12.989999771118164
2021-07-14,503.4613807352816,705.2871250803108,2238.5538446752757,640.680005255078,1378.5751598006777,161.5330903039604,1456.5393042893245,954.2300635744198,395.4451917789159,2792.8512223587863,12.960000038146973
2021-07-15,504.50355919072234,714.3643181950996,2223.5620007962766,642.2146218942291,1390.812418891996,164.1708510363546,1527.115646519079,948.8630578642602,396.0398268669029,2807.503464302064,12.949999809265137
2021-07-16,514.8304571281759,715.8616218663434,2228.146213719504,640.4402421625099,1371.4768864021955,165.07636037139565,1525.0481532408926,957.8081403899708,395.62817666696947,2797.0790558997232,12.369999885559082
2021-07-19,516.0621271197509,696.6310338952321,2216.226546676762,630.0339919307744,1352.5332765373414,164.95825740702793,1540.648184475474,961.9976083202988,392.8381935032809,2779.661695228817,13.199999809265137
2021-07-20,508.5774870636375,680.3246750522425,2255.654998571192,624.6151011610847,1356.7138802520703,164.8007811194503,1524.907263324598,954.7509997157346,390.59708429152414,2792.8652736430404,14.09000015258789
2021-07-22,519.1886410534117,687.1092660782373,2299.6675794500343,633.2949333587133,1387.3284840624563,163.9739988308965,1547.9314835507837,961.9523350417173,390.3226582758298,2801.508764665431,13.210000038146973
2021-07-23,531.1736276177422,681.9389401209187,2193.073440967377,650.127193798135,1392.2495302773834,168.18655554411333,1546.8036841138012,966.7306870173245,393.2955843528593,2815.929897607345,12.119999885559082
2021-07-26,524.7310976043565,675.645741081775,2163.961238114295,659.6222013340341,1403.7029180573702,169.56449059340127,1529.2770082707214,960.6389323639107,391.32882561716195,2800.900993440184,12.539999961853027
2021-07-27,517.1043614820309,678.4064103071216,2163.4567448525454,657.5601748700745,1401.6561643095713,167.71411017911274,1521.4769684269586,943.7450933231961,396.31421728358856,2788.5217708519735,13.529999732971191
2021-07-28,540.6950995090676,673.1658182413217,2171.70904873767,658.9029751710174,1400.1752945157943,165.3519305004968,1521.8764768886033,932.1050093559254,393.7986812031227,2783.7003430905816,15.979999542236328
2021-07-29,546.3798344965356,669.0717431809376,2174.4140872279304,666.122783203125,1410.9754663584183,165.50941043138877,1527.6262561220367,939.5329082786225,405.781895385375,2801.943593815388,13.6899995803833
2021-07-30,538.6108847596049,669.9140292656406,2160.7976880873966,661.4575842465346,1413.9367380735853,163.06849542566854,1544.305883500638,936.6115854453042,406.5136750135399,2800.2494279850853,13.319999694824219
2021-08-02,539.9845949396597,671.4346657200673,2157.909185884155,661.8422851225671,1423.8222255873973,163.38345916558654,1537.7482168029928,941.7974744869755,399.4701090548665,2801.4655856823283,13.09000015258789
2021-08-03,551.4010600017303,673.7273580288141,2194.2201016351596,665.5456484110892,1444.6387082912352,166.06060368378436,1557.4213285475553,947.0513322851771,409.715241251747,2858.0183382323976,13.90999984741211
2021-08-04,556.0434436521499,689.9166447776518,2195.824888138593,690.0743911961503,1463.146744783546,166.2180938789626,1562.7438543909984,957.4684320780918,427.5986207081888,2871.2225143143883,14.0600004196167
2021-08-05,586.4558765143946,705.1467232671466,2192.3862001986304,689.2086745426882,1451.0400976473882,170.66681017504877,1551.8616438577008,975.9474827845528,423.07058511627656,2879.735582529227,13.420000076293945
2021-08-06,584.5136056604532,701.8481632288552,2182.9877317920404,679.1085866702688,1446.380412367593,170.07627152998805,1557.7065386738177,972.392083052254,408.8919993647804,2887.5547184279994,13.15999984741211
2021-08-09,580.4870182148153,705.2871403721247,2196.054063966175,679.3970928024713,1452.3030494440573,170.98179978727154,1543.4505898148523,946.5078930939915,404.1353177330876,2898.8469919313166,13.109999656677246
2021-08-10,594.9825530217928,711.0891146362193,2195.137219472249,681.3208577350105,1463.2339196881055,168.85583824397807,1530.0498575480822,957.0156171230963,399.19568172390404,2910.0534750469133,13.069999694824219
2021-08-11,596.1669676033675,710.6680212967121,2196.0539247001643,680.2147643128654,1466.7175832036262,165.82436718896733,1518.6451123962663,960.1859355324891,395.9940551134782,2918.8272868947324,13.329999923706055
2021-08-12,595.8827003500415,705.4041231454273,2213.0172996126794,676.1747114919038,1477.605069335375,168.65896781361658,1546.3017027510166,962.994047792915,393.75296613100426,2925.7760160270755,12.819999694824219
2021-08-13,605.2147199396057,716.3528700761359,2209.487006900315,682.8600003465434,1500.25023470125,167.1629368419656,1593.6317033263667,973.7282353115995,395.39946873441653,3023.0706256820945,13.15999984741211
2021-08-16,610.1413837412454,718.2244760710362,2234.4275849826727,680.4552425044824,1498.0291547007535,167.9109417787558,1593.8693357419647,997.7780819018561,397.0002715945892,3035.536563448586,13.65999984741211
2021-08-17,604.4568690382999,713.0776000960025,2280.8240094533026,676.1266530039627,1523.2437495245933,166.5330292655165,1582.41676201373,989.7161436724384,389.5451352600746,3093.2619550301024,13.609999656677246
2021-08-18,600.6672377054481,732.4252734894459,2292.3319389315047,674.1546625137918,1528.9920938969278,166.53301801522025,1578.710512978482,990.4408829212671,388.1730027408294,3122.9710539890493,13.40999984741211
2021-08-20,599.7197567851422,711.112484091962,2411.533543193245,658.331295908859,1519.8470681780625,165.90311031848736,1542.5000256994167,983.7376470917055,381.7697623865227,3105.596660619908,14.140000343322754
2021-08-23,597.3511523174774,717.3589554598426,2450.8233609202557,663.6699549141991,1526.9454677131089,165.50942177464665,1538.698524978254,984.6435509846982,377.7906045506143,3190.7292145872248,14.4399995803833
2021-08-24,594.9352590695719,732.0276728473287,2437.207254342421,670.6918719138004,1530.298665061431,162.9897611588283,1533.3287751880684,992.7961409161452,383.05042792206353,3185.821151311202,14.510000228881836
2021-08-25,589.6297227494076,732.1679061275219,2444.955271973817,673.7700066449852,1521.5019722788666,163.69844472230676,1545.3513883219048,1005.4778714076189,385.3830123356692,3212.229938599867,13.970000267028809
2021-08-26,579.3501242885195,735.0689507245156,2473.7009998175936,674.8280532023797,1520.7180143906892,162.8716875120036,1523.4445221552032,1016.7553848783828,380.3518532923651,3203.4127144407685,14.199999809265137
2021-08-27,573.5708364319478,729.2904239546797,2466.5490843507037,673.7699674905975,1504.7792899357576,162.87167382283207,1584.0326301871237,1015.7817181947378,379.02552025699,3239.811381469187,13.760000228881836
2021-08-30,592.1403498308214,734.6009882849862,2480.9906212010574,687.7657793812447,1496.8969690174113,163.93463714793995,1601.3774414262127,1030.7732288164937,387.2124917774755,3249.2366854199036,13.6899995803833
2021-08-31,632.974376511243,740.8473771547274,2510.0575685640406,692.4790967904086,1493.7178535768544,166.6117550405965,1592.8713341492767,1034.3512267943545,390.5970789222341,3304.6158580161027,14.770000457763672
2021-09-01,637.9009228865848,747.702184301824,2544.4882096216547,706.8116139838213,1488.9275478953632,167.16293264375184,1632.7881270118999,1038.4956282529236,395.67389139874035,3315.5614573561893,15.630000114440918
2021-09-02,638.3273310559034,744.8948462205987,2576.5807700986857,700.3186177584294,1475.6889113283519,166.53302539329775,1625.1848863599346,1045.2440116453542,396.5429426529436,3352.437520105116,14.390000343322754
2021-09-03,634.3955125661003,747.7022399965548,2575.434998649448,703.9257510351847,1485.835450675509,166.33617934330618,1619.767712574896,1084.7384068201698,397.27470961796934,3350.4828077907487,14.649999618530273
2021-09-06,630.7479296587297,739.724444603404,2590.334767481657,700.2705178919373,1508.5243941333167,166.29681150626882,1630.8873576740957,1123.2365131929273,396.86306664679256,3368.4655743015705,15.279999732971191
2021-09-07,644.7223155734473,740.2157696718924,2575.3887803425378,694.9319731764313,1511.0501627608223,168.7771115773067,1620.432953657413,1113.272195169168,394.89638423296043,3361.819155284344,15.229999542236328
2021-09-08,647.8489814170468,739.5140156486024,2576.5807489327076,695.2205622735098,1481.3936622056285,167.71410130647382,1610.643820295918,1111.460771899485,398.28094811606775,3314.084807552508,15.0600004196167
2021-09-09,652.0175857606828,739.0225510973258,2589.0968827002084,696.326730138113,1476.2112878647204,168.42277518388516,1597.2432093557652,1104.145971203985,396.8173418081734,3308.6117777077047,14.40999984741211
2021-09-13,660.354860447562,741.1516010354179,2587.9966438317465,690.555379711491,1481.9597033775865,169.40699335836646,1592.5386976635045,1101.949327153265,396.81732683650046,3346.573861504816,14.779999732971191
2021-09-14,662.9129642504721,732.027475160657,2571.0790781240266,686.8037951624129,1477.12592169284,171.06051952328042,1614.54066323609,1084.2854942866497,399.5158735808269,3384.8835815661164,14.029999732971191
2021-09-15,696.309641179077,727.4889784667846,2553.6578761555324,688.7276781861788,1493.8048030758805,171.02116557229968,1639.0609122493202,1085.078152851648,407.062512801603,3457.419856737662,13.880000114440918
2021-09-16,698.2518925822944,731.9340258288291,2564.93576658699,701.6173127829654,1497.4194473085083,183.97371757815284,1642.7673571396151,1103.647571826163,426.36366155076513,3458.9403729078654,14.529999732971191
2021-09-17,696.1202138713616,743.4911057217695,2551.82378037756,706.4268238622698,1496.3306044764647,186.84770786057976,1655.3126068271065,1112.2983612101125,431.66920812179234,3427.0157522153695,15.649999618530273
2021-09-20,695.1254131026108,740.0753203546,2575.663799709753,692.9600653662858,1487.3594588182361,188.46185193671064,1648.9449861714284,1095.3140549772365,414.83787091465945,3362.7319291879166,17.809999465942383
2021-09-21,701.8047915299649,733.9694000920663,2621.7855319964838,687.2848031587205,1503.9517705576725,190.90275592435293,1644.9058564027825,1094.521410709491,403.7237050043555,3363.2096613345666,18.0
2021-09-22,693.5621263277425,725.3131787966195,2603.996705089743,687.7657864853312,1514.5340753328271,193.5405059437902,1644.1930334803994,1106.0253328041451,405.05006343256156,3385.187953993705,16.860000610351562
2021-09-23,701.1889196944147,735.5367495397094,2583.6412126587056,692.5753669259936,1519.8470970516926,193.38302508510975,1686.9611199456563,1130.9360171926044,412.6881918856447,3369.681235538016,16.940000534057617
2021-09-24,713.4107307707692,752.3577876180659,2549.072959797082,697.0000804094428,1557.2989006716446,192.1232025345025,1720.225144241387,1134.7631343059459,413.37426107405764,3426.494411341155,17.329999923706055
2021-09-27,706.4389555563596,765.2484217091811,2535.319214205083,703.8777397051249,1540.7504791781873,190.4303412927185,1694.3265793688959,1145.8370159244848,412.1393578960577,3391.399111754299,18.139999389648438
2021-09-28,701.5163410798086,763.6106695972712,2525.6451637627124,707.3887218995771,1489.3631404087905,190.23348653066995,1671.8021993839222,1161.6890123387186,416.9417780856612,3344.489268897925,18.56999969482422
2021-09-29,677.5791818844202,751.7260847567792,2516.475983329204,684.8319112266702,1481.8727405310417,190.07599651893244,1655.5976929916746,1163.9992386829224,422.88762936709935,3306.266801239433,19.43000030517578
2021-09-30,685.1078433616747,751.6091426009663,2480.577916584812,686.7076989002342,1483.2660547022504,189.2885973473177,1648.232079347175,1147.965922997723,425.26597956466856,3305.3980719774313,19.139999389648438
2021-10-01,663.4387818845371,743.4910586790553,2486.721454877842,668.3832299132855,1462.3192838563787,186.61147696614174,1627.561090007521,1150.320936930379,416.71307735787383,3309.7411246713523,19.079999923706055
2021-10-04,662.3288088559877,749.2695449489665,2497.724799832768,676.5595229519627,1470.2015147989575,187.67444376129035,1638.4429990126325,1166.1957202690803,424.8085951356085,3286.8517441179865,17.530000686645508
2021-10-05,678.9787087540223,747.4682484812844,2489.426623670192,672.3751379660749,1483.2226102398492,186.9657907359382,1653.696991994571,1183.0216242133338,429.0164401544858,3335.801926439112,17.1299991607666
2021-10-06,683.3221543899477,761.2010472242603,2506.893629475423,678.1466681443754,1488.492021865943,186.13904508167212,1649.800403302305,1186.62241515062,430.8459746100699,3350.9606587155918,17.59000015258789
2021-10-07,677.7721792751863,761.5987386153337,2479.6155989759154,678.0985609750206,1484.3112472506546,184.9973239124191,1643.527770328981,1177.0204479976474,424.4426953653202,3387.055493405651,17.329999923706055
2021-10-08,675.2143967180673,758.9316971425425,2456.050201009896,682.9561883173127,1508.0889867346034,184.87922871762098,1654.6474514844913,1215.8128063604343,424.442706911845,3466.0202061548184,16.399999618530273
2021-10-11,671.836071773018,769.6933846455007,2444.083752756285,691.998180261745,1506.7822670405744,188.57993111238127,1660.2073733447767,1231.9367793726578,434.45921820423183,3264.1343817040797,16.40999984741211
2021-10-12,674.1044294610559,768.079155828651,2464.7609987237042,685.8418637274239,1471.072583282753,191.33582249501308,1639.9638087367525,1215.1788796176056,443.1035470167468,3220.2655276267183,16.399999618530273
2021-10-13,672.5600159333675,771.0970987638464,2469.849987709411,688.6315193866254,1492.5420290685638,197.5561926521574,1676.411637945189,1231.7102112927382,444.70433623117833,3192.857991053429,16.219999313354492
2021-10-14,669.8574418793204,790.7488128094394,2454.399508060635,702.0020655848522,1553.4665576738048,206.17813037151106,1727.7331904559037,1230.7817769408248,451.79367929366146,3194.2411894028182,16.290000915527344
2021-10-18,677.530905580665,807.125286978139,2456.3710870149,720.3745098476543,1566.8793476841583,208.89459594414822,1720.7002759951517,1243.2597273294034,458.2883810858803,3179.183842238578,17.31999969482422
2021-10-19,674.683578361132,791.8951842055869,2505.0600242932765,726.2422076981952,1597.7992148215726,206.72930581202263,1791.5051172259816,1246.1356302424738,461.2155449007726,3211.7347004520134,17.540000915527344
2021-10-20,689.0651679896392,794.8429502889365,2369.3543300944098,728.5988049955231,1609.5572816820163,195.66648638712743,1775.966006583684,1242.2405578545067,464.2342195457429,3159.426208492171,18.860000610351562
2021-10-21,687.5691343763043,786.9822662811649,2296.91639684673,730.9074303505043,1579.9440255087377,195.5483609157645,1735.906602403455,1235.5600608138357,463.31948514702015,3139.7992665819975,18.799999237060547
2021-10-22,680.7643092272144,799.1710165314034,2290.727118072295,736.6787950414567,1535.6988064564907,193.54050265600935,1740.6585674118273,1206.9809106504802,465.3319402764947,3099.8935052260636,18.040000915527344
2021-10-25,679.5095525189389,790.7488240142435,2258.909457673494,833.9761479949875,1506.564796489911,186.3359013118691,1722.8862265199737,1213.819979870448,471.5064566355026,3058.942308854021,18.760000228881836
2021-10-26,685.156072363008,783.1922930858217,2277.7270467983776,809.6398334199239,1517.1487911115623,188.18627333269242,1722.0307741844579,1208.7924943194173,474.0220431018292,3071.5193896414444,17.729999542236328
2021-10-27,689.7891533538267,779.0747474620774,2265.088211937894,816.6617499619902,1523.7827607577628,189.99723858082325,1724.0266033993767,1212.3706072222662,481.93453036245717,3056.0707678303984,17.030000686645508
2021-10-28,681.4882617469725,772.0328702050767,2228.923024362674,800.2610978529883,1515.522964410046,185.78471584012243,1769.6457854270013,1194.7749750089235,476.1716819222038,3061.9447318095554,18.43000030517578
2021-10-29,676.6138985431535,749.5737978809885,2216.0075875744797,777.9448095460341,1504.8467856229756,179.7217993361874,1734.3861043409086,1175.8427530223264,468.94517504243936,3012.334545192476,19.639999389648438
2021-11-01,697.6555435904286,753.7848588180418,2224.2182233118274,778.8586077680014,1500.102016130917,179.17063507818324,1715.473024422154,1157.6581394917466,472.87860252065997,3034.9637499899923,18.100000381469727
2021-11-02,697.9451232320783,758.931781707664,2239.994332957805,779.1471690607887,1499.4429230262488,180.5092349916385,1733.9584268492165,1154.0348738636576,480.2422874529996,3058.115477593055,17.790000915527344
2021-11-03,707.0180861291557,753.2701884011461,2245.529858082858,775.2995927236186,1509.1084388738689,178.61946114752834,1820.0171983794078,1141.353269066621,496.06742616576594,3063.5987185482923,17.059999465942383
2021-11-04,680.2817471932542,747.6320064902674,2241.839677653977,758.9470787485428,1508.7129805889124,178.97379503947474,1825.576879631333,1134.514118637374,490.21301368467573,3057.811138748893,16.40999984741211
2021-11-08,690.0304709309331,750.8370703527786,2259.368036962324,762.7947877081309,1529.80173828125,181.65092656091036,1856.9877400332578,1141.3532756603024,488.8866906211392,3088.055655210638,16.93000030517578
2021-11-09,691.5264668080184,746.1113342173927,2256.784588357693,758.5622358759049,1537.710059014078,181.8083971196507,1866.681820966781,1145.38413396809,486.64552042460116,3076.7417393701817,16.610000610351562
2021-11-10,712.3267583780491,734.1330701015211,2232.613347921181,754.4260375443878,1538.5443663569954,183.34382065558341,1857.0827250682898,1158.5641535733516,483.4439228470967,3063.4248618840948,16.68000030517578
2021-11-11,712.9059089085434,727.5356907580181,2220.5740317221494,747.4041410230534,1528.7031604047386,182.2808238926723,1883.4562651829576,1164.2254244154967,478.27552314056294,3055.0261139031104,17.290000915527344
2021-11-12,719.0832556472501,729.4774774090271,2226.709349145272,750.1936983916725,1566.5748914793885,184.20992444047866,1867.5371181079117,1177.0204805624614,469.2653087264636,3076.0017364113014,16.350000381469727
2021-11-15,720.0485133298781,735.4665635341739,2241.839084973322,754.6666436733875,1581.6444339073435,188.18626589870001,1876.5659891886226,1178.583081524526,471.9180929806941,3106.8561869215628,15.84000015258789
2021-11-16,716.2358998148444,728.6118351487053,2246.1290107154628,746.2018093862573,1589.508788323187,188.69808435233244,1881.7455179926944,1166.2637612012684,464.1427058657012,3112.03505658905,15.680000305175781
2021-11-17,706.8733221900633,722.4355782478812,2223.4342224184347,742.5464897457188,1583.4018234229952,193.10745892352983,1880.7477690966198,1131.819326460902,462.3132529890859,3100.9814771812103,15.40999984741211
2021-11-18,698.2829188236999,722.2016373907531,2220.0206676833723,738.2660719906005,1572.3742410091222,191.3358360755786,1857.0827455254184,1127.3126501781812,463.0450248980462,3064.425783307155,16.149999618530273
2021-11-22,729.6523461160489,726.5062782081744,2223.2955599902784,741.1036996290563,1568.8154560408393,189.56421702673038,1805.7609461945228,1109.1961291306902,462.86209561777235,3060.1611031208754,18.079999923706055
2021-11-23,734.5266172466092,714.8556604723817,2214.1622163670077,729.0797841012621,1535.293531113381,183.2257157534474,1801.5792911801914,1087.5692534410966,453.16574420474143,3029.6981444091452,20.020000457763672
2021-11-24,754.6030228607224,718.8562137965511,2219.697422097063,742.835146711187,1529.362512840415,183.22570772802808,1808.0419756989431,1091.4868494573443,457.3736292848453,3040.229629838049,18.020000457763672
2021-11-25,741.7657868585246,717.4290913331872,2202.168866154651,726.1940387768095,1516.7972152757627,182.83201791308832,1774.2553621570405,1133.2006528139436,453.2115010394632,3014.0742457032907,18.06999969482422
2021-11-26,736.4570598363473,704.9829786803473,2181.8722775827873,713.7854214854136,1509.8992483843338,181.13910784159535,1750.4002883650653,1122.1493269988055,446.30514521322806,3037.5752247190135,21.389999389648438
2021-11-29,728.7353582900415,705.4274241669192,2160.88438294382,700.0300910361755,1504.319656915026,176.09980942592364,1701.2645154078418,1132.2949564813318,437.02052236565754,3071.823617064497,23.81999969482422
2021-11-30,724.1023164095336,715.4171255354036,2178.18194989089,704.4068021346626,1520.0482960069558,177.32028146424997,1709.6758110036778,1121.3793456985663,436.56309333018453,3101.7643830180255,21.969999313354492
2021-12-01,711.7476870654548,705.1468331680238,2174.2609337481804,704.8396289134694,1530.59258798338,175.82422889511213,1705.0186097763421,1120.5189065172979,436.56312621872877,3124.6113337667334,21.170000076293945
2021-12-02,710.1067878971227,715.3236594994439,2203.091149075338,699.4048418388916,1538.1494190898488,178.06828188664724,1705.0186342124643,1130.5737867535804,437.3863653112203,3175.092756819471,22.969999313354492
2021-12-03,709.0933618918122,718.6689337496501,2204.8440410611165,701.7133990362358,1569.9141753027272,178.10765532995123,1753.299049594169,1131.6154976946157,440.4507665965415,3190.7160465699467,18.829999923706055
2021-12-06,696.7868620012971,710.6445792398034,2180.903561443795,699.1162650367804,1523.6069679725288,174.9580873235326,1730.679530048648,1098.3259382907745,436.33441999875384,3183.7959681863304,20.479999542236328
2021-12-07,681.1503752771606,716.8207703399455,2160.330800307847,712.7273809719758,1515.654868474255,174.76124385749264,1720.2250734638444,1088.8146726752468,438.8042698440122,3131.574394610258,20.079999923706055
2021-12-08,693.9877729982151,727.6059305314374,2162.913077443011,729.8974045444193,1546.3213109323074,177.6746023644445,1749.6874067692652,1101.4058665244686,450.4215532191186,3173.743712566218,18.459999084472656
2021-12-09,698.7655891901643,727.4421004421224,2166.7424504311375,733.9374689569537,1554.7564760644466,186.17844576444784,1790.697329795599,1120.926625884508,451.4277712337614,3163.5604352688256,17.43000030517578
2021-12-10,693.8913170935298,714.9493174309073,2165.265940907881,730.8592951207969,1549.7920020405534,188.1468633567823,1797.064912455173,1116.8954302844725,453.66888566180825,3169.87082834413,16.93000030517578
2021-12-13,693.4086671709972,719.4644399316592,2169.878707242946,740.3822749580407,1556.4699276693766,187.98940633947024,1802.1969496291267,1120.5640791956964,457.7852274732947,3187.2775734207476,16.860000610351562
2021-12-14,681.7295280693617,709.3344350495244,2144.923314001436,735.2360148279045,1549.1327782768003,186.69021078676872,1781.0506022907632,1089.7204159270498,448.5463421556833,3163.777833920644,17.329999923706055
2021-12-15,670.7261274578186,712.7735072392076,2144.785129532136,730.5707109222462,1535.908667518198,182.8319846816125,1804.5730714572126,1089.2674997267343,449.14092688081263,3153.3334364504094,17.709999084472656
2021-12-16,665.9001067782272,709.8023359689812,2145.246289531218,729.0317339540828,1561.9618457823942,178.06829252188194,1813.364325386462,1094.0231302341062,448.7292334393856,3140.670456533941,17.219999313354492
2021-12-17,661.8462095454526,704.6554599209462,2130.1621690337374,713.7373237235854,1618.549554473689,175.46991261309196,1781.7158957150389,1090.6262198818429,440.359299271,3178.0085695838147,16.90999984741211
2021-12-20,638.1502137960158,682.1963888799697,2098.241428466206,692.7677214067882,1607.69786318161,170.2731412403354,1738.9004556509735,1049.7957435304404,424.4427282496702,3138.5370197477364,20.139999389648438
2021-12-21,647.5610439426292,678.8040647198691,2124.3961711894704,701.18438846579,1615.0350018230363,169.6432288894266,1760.3318213486068,1062.5452825090044,419.1828866111858,3169.173995034654,18.969999313354492
2021-12-22,662.1357147339357,681.2604819395565,2137.9579487583514,706.9558866841286,1607.2583855937914,168.65896601328555,1786.325434154046,1074.275907104783,418.31391562078755,3165.344610059244,17.540000915527344
2021-12-23,665.0313668997468,682.1027513772324,2126.5178970318975,711.3325602742,1635.771845585297,172.00539237268066,1794.2136958022952,1077.944705915956,425.3574696895943,3194.6765887554534,16.579999923706055
2021-12-24,659.095290678634,679.3890452649334,2133.898807404988,705.945882176033,1648.2054986567352,173.58015855145786,1795.0691616052961,1083.3796623765666,424.07683815050154,3224.7039606129447,16.649999618530273
2021-12-27,654.7517770920314,680.3247065996217,2129.378649552307,710.6111343010613,1647.1069488401015,172.00538820999964,1782.6188059340675,1077.0388360812635,421.2411114261733,3220.352103865812,17.280000686645508
2021-12-28,659.7227562006937,686.3605791914649,2138.880479120769,714.1702247147841,1665.911166433166,173.69827653843848,1814.3148167974919,1089.1996512774408,423.4364927709809,3242.111177959152,17.1200008392334
2021-12-29,659.7227024007373,683.6000037447715,2142.0638569909866,716.5749141891056,1664.0658546078334,173.46206036943826,1814.2670796010682,1095.6085205634522,422.7504237952607,3237.715248491065,16.860000610351562
2021-12-30,661.9426729739707,686.3372923809242,2149.5826451044118,712.294402660625,1678.124963441618,171.57233964826378,1807.376697033212,1089.245070757408,416.11851967398894,3255.1658567333443,16.790000915527344
2021-12-31,669.9539446175205,694.7361375138294,2186.8083194384603,717.8254531683938,1668.0637408590383,172.28098501621568,1812.5090649472822,1079.710904759357,422.06436665478475,3272.573794030178,16.770000457763672
2022-01-03,668.5061071532501,712.6097466433577,2193.8658187106234,736.8231643060474,1681.8592826976471,173.10775200411322,1841.3536088563867,1090.6036067166367,431.76070225175397,3333.4993781616295,16.809999465942383
2022-01-04,678.7856594251467,717.242013200678,2221.635352622563,748.3660921719735,1675.3569088558613,174.5644131026343,1846.6283673367811,1114.6309956772857,443.37801184272155,3384.981133665279,16.68000030517578
2022-01-05,678.3030157470704,735.5368326901471,2232.613997388813,765.5361514118554,1672.061949815919,174.40692155418895,1854.2315461364833,1121.8776545605729,452.79985705576144,3368.3138605317376,17.3799991607666
2022-01-06,695.4355109984419,727.4655635961949,2225.23300964332,762.313825666238,1606.2478877431283,173.5407965491586,1856.1323147043065,1111.4606489189575,452.2510509133829,3337.8509209336266,18.420000076293945
2022-01-07,690.2717857675685,733.0803641242641,2234.366531637317,771.7404922956018,1613.2773992100788,173.73765122686788,1838.9774346876936,1113.294777565113,459.1573742053209,3363.874716003597,18.09000015258789
2022-01-10,686.6038378709388,735.536779049019,2237.2265481535815,781.8404952152263,1643.065121465988,176.92658210275536,1862.7376379984264,1112.819487274749,461.90162099966733,3462.3132338266632,18.389999389648438
2022-01-11,684.8664710152868,733.9927604780729,2231.045537244075,783.6681851748152,1643.1530566094832,176.57224419163154,1872.289195997869,1120.9492358826358,464.50863578819735,3416.1833476251104,18.25
2022-01-12,707.2112491552201,737.7125276138084,2228.923353104157,794.008733093517,1659.848025074008,176.09979425471536,1885.5947337250811,1143.595131948247,469.72268424064487,3419.6655251847706,17.93000030517578
2022-01-13,710.0585715894093,727.5824837410013,2234.3666658335314,796.4615841535064,1680.4971934061439,177.79270855985848,1928.3627972704487,1150.8645340891296,469.12807431519354,3414.442932824278,17.520000457763672
2022-01-14,705.4738403796649,724.6347611521733,2233.5357666487807,790.6901778058308,1698.5105900038816,177.0053100287112,1948.2737018499008,1162.7761757448827,466.84124368553586,3461.443297528625,17.100000381469727
2022-01-17,709.1898644526916,728.0504036864833,2208.811089064635,797.3273290028282,1716.8751010955164,177.63520656428395,1969.1823568511973,1161.7344520199854,474.6623680645578,3518.8867142278687,17.549999237060547
2022-01-18,705.2807086862331,725.664137379117,2222.1882824344107,804.1568325489204,1709.0547258227377,178.97376846306472,1975.4550649377595,1160.5343313379433,473.3359521308501,3517.755818179657,17.8799991607666
2022-01-19,690.1269209442521,720.4469774121077,2185.193466557672,789.7282466575213,1683.5728166181689,175.11559332985286,1926.4620935411704,1151.3173615953267,473.51891495637545,3498.0413840088618,18.450000762939453
2022-01-20,694.6151533425236,715.183167778,2145.4767603811974,781.9848032086095,1623.8217266018507,174.9187332871304,1934.065181769306,1136.801286170844,474.8910462350493,3417.826647940425,18.450000762939453
2022-01-21,689.1617612046589,715.7915772190535,2153.595783317832,780.4457502732224,1588.6739615819963,173.61953437139798,1895.859150939852,1133.3139167394952,464.23418956375343,3358.1464350043802,19.610000610351562
2022-01-24,682.4051945967743,711.7909698146024,2163.3748167460417,785.5920930641793,1554.0976288940496,171.45419223425753,1861.8346645373056,1134.4461715764583,463.59385446379423,3356.4896498685425,23.899999618530273
2022-01-25,695.3873495699885,699.5085871279545,2152.996415661132,773.6643220820446,1528.923023226851,169.05266968629255,1835.508555416323,1081.8623458947789,473.38169601825234,3321.3958985887766,24.139999389648438
2022-01-27,691.0920930540827,694.8295408179733,2145.5233937674066,770.9709577814772,1502.29859365424,169.68258850412488,1826.66986536012,1067.1198169153088,485.59354654725604,3255.1313224875653,23.8700008392334
2022-01-28,727.7702388718916,695.6249726359689,2139.1576563755766,775.1552513002487,1517.9835147744618,172.63529303763193,1851.3802787182537,1076.087568078922,490.6704823088764,3251.992773976616,21.31999969482422
2022-01-31,709.4311047145871,697.8943576936214,2132.8379023904786,768.2776334895249,1537.2706230423364,173.81639484401165,1828.5708589026485,1089.9016105598887,494.78679301613647,3276.580900802944,22.110000610351562
2022-02-01,709.4311511523578,709.8023096975201,2140.35710088012,781.8886501819028,1564.0705138670576,180.1548860897589,1900.7061274485488,1096.333045361315,497.5768426109337,3320.174379099175,22.06999969482422
2022-02-02,706.294205662847,718.2245100884196,2152.3502043716894,787.5159229828877,1575.3180537987653,183.69815391609362,1908.4043112671757,1090.1733881906252,497.8511537035552,3369.000771700149,19.979999542236328
2022-02-03,703.6398812569597,720.5405698688631,2151.3813139975136,787.2273311988753,1563.191948829261,185.1941624362773,1886.5452362781612,1087.6596951339798,498.2627714076758,3385.1310537087656,19.600000381469727
2022-02-04,698.0898821899468,717.218590284089,2133.668085060555,781.070967803566,1541.180689045186,187.79256350541536,1860.6943021987827,1063.655064440526,499.8178553946893,3334.7360179114785,19.780000686645508
2022-02-07,695.0494733984303,710.7381333465257,2137.3121808433843,774.3377348134306,1521.8935649371356,184.83984846407847,1850.9051442418308,1067.4368843783152,502.19624013136206,3340.9264679175108,21.079999923706055
2022-02-08,689.8373562219462,691.7649108616467,2092.3833950526905,765.3919059113421,1515.7428102343724,182.91074541515704,1802.8624415248269,1068.8863882514995,491.8138553567655,3312.9386135210448,20.940000534057617
2022-02-09,700.8407456470843,701.7076735253208,2103.777001244082,773.6162169682755,1531.5591574092173,183.46191175286648,1805.66624546055,1081.2055520274612,490.76187272051794,3293.974593822682,19.68000030517578
2022-02-10,701.6612614878674,718.4584429859755,2108.066947561438,777.9929564623666,1558.7107891978585,183.77687674501678,1816.2154311772588,1085.055306543387,497.5767767456132,3304.306207839928,18.93000030517578
2022-02-11,700.1651564338888,713.5455573389709,2102.5316351323763,767.0271084448705,1534.1510632840202,183.69812357914313,1795.3066213155478,1079.9829770138074,491.8596207003723,3271.7850066553174,19.530000686645508
2022-02-14,679.5096196519571,701.5908131967175,2063.091762468393,744.4704426306672,1510.0751620435087,182.22432189577324,1755.3424162506528,1066.5988789592388,471.6436605802897,3307.314253104599,23.540000915527344
2022-02-15,688.2930036134928,713.4988275713342,2125.73435743088,748.3660929705321,1534.8541304534688,180.20855825834957,1788.6539828411198,1097.8278430466569,481.93457742879133,3343.715782791456,23.139999389648438
2022-02-16,702.8677521987897,718.1076055341441,2125.3652196667686,747.9332359386085,1542.4985706502596,181.17611087246988,1793.6910260679604,1101.9492706042658,482.9865660053206,3360.3700030533696,21.020000457763672
2022-02-17,702.1921044513272,712.1418342780244,2133.8985531212556,738.0255927938574,1536.8313062358195,180.89390021216605,1791.409985962122,1111.8681080705421,475.66859225767956,3343.7168630000237,22.3700008392334
2022-02-18,694.5185717719728,709.8022660676812,2147.552797780108,727.973628112869,1513.5458959572875,180.16824717571552,1801.9595317234694,1112.5475227496659,476.49185011832066,3327.1069146820982,23.209999084472656
2022-02-21,691.6229418290986,716.2125160226459,2125.64214964408,733.8412256724185,1526.5506699725988,178.4346860088846,1790.4595836412877,1103.9875007758346,473.38172606728205,3337.438812898183,23.760000228881836
2022-02-22,678.0617451454684,712.1886713970088,2103.453977670858,730.8112582203097,1538.5887302005694,174.8869652254956,1762.9930811488805,1085.146105195485,462.2217538249075,3198.022804045737,27.81999969482422
2022-02-23,684.2873958966022,713.873080486644,2097.872662877861,727.5889301023119,1544.9593610599445,175.37074401574475,1760.141811055843,1089.9696221846223,462.2675425760223,3158.787148610905,26.65999984741211
2022-02-24,664.5970616370249,690.1271759497945,2068.3965458271337,699.4049068862624,1506.9119549303691,171.9842651736251,1710.7211334982517,1059.7827129241718,446.35093543284336,3037.5505321408286,33.970001220703125
2022-02-25,670.9674846884714,685.8928037417243,2025.9584368206404,711.1401615558102,1518.5107832731924,174.56445936458186,1709.485380340754,1045.3118571320392,449.96413113557287,3077.78841497173,31.979999542236328
2022-02-28,665.9965907442075,673.0957535053741,2011.1052718160538,716.3825484983767,1518.4228051512885,174.52413618462094,1731.8674619944236,1072.2151647642706,443.92680616738363,3107.2145759792743,29.790000915527344
2022-03-02,660.2053160195356,654.3095923595013,1987.9486536013794,697.3367259843092,1506.4287620851394,174.6450671649544,1736.3344521415972,1087.4560239699686,438.8956833101287,3114.3643111770593,30.84000015258789
2022-03-03,656.1514170560589,651.315070688594,2000.080652659017,694.4510417005139,1523.563157969651,177.54774545797346,1723.5989977217992,1093.728935330815,442.1888123555731,3120.1629680415476,29.229999542236328
2022-03-04,644.7136271316783,648.5076310694807,1917.0492746170337,679.6375607441131,1525.4086079224644,183.35314821377685,1667.0502593652234,1070.8339584078715,430.7544449425451,3104.991744753714,29.93000030517578
2022-03-07,655.7170218394705,623.4048545200336,1826.8221842843884,641.594126527396,1538.5885677889987,183.03061399137795,1584.127629644795,1047.1915918601796,415.2495052870526,3093.4827107743718,30.280000686645508
2022-03-08,662.9561567229067,624.176827823131,1806.3872141713298,643.950738808451,1581.6442820745556,184.19974120325904,1583.3672616916642,1017.2536381523959,404.4097453139011,3146.6680335114793,30.059999465942383
2022-03-09,673.718277782956,643.2203323186494,1851.6392696187959,648.8084327366437,1609.41099446192,186.5783365104748,1615.4909720327216,1072.05665089973,415.56966573918965,3185.903826231776,28.59000015258789
2022-03-10,682.8877492841108,667.6915283883826,1950.3080253443052,674.2989997486787,1620.9661453613448,187.4652874177732,1670.8042845960429,1089.267532756051,436.0142585909613,3212.060163122713,27.469999313354492
2022-03-11,677.9652576715043,659.2458364766177,1946.8019537959337,658.6199574253732,1609.2354285026502,191.17427359369893,1649.3726887045002,1091.9850941858494,434.3220125977183,3173.566366707418,25.8700008392334
2022-03-14,680.3299995221115,678.4531075865442,1932.7789999825723,671.8461094770455,1665.1203351700804,193.06906707488895,1667.0025866956044,1098.0541754406872,444.56715254291663,3180.97673295109,26.209999084472656
2022-03-15,684.8182525593359,678.219198184067,1919.6786662839345,681.1285590962989,1659.27699787109,194.6413656631645,1677.4570088014978,1099.6620420875429,448.6835005272817,3190.262377370944,27.540000915527344
2022-03-16,690.6095057712513,680.7926191358266,1918.9407325526897,684.3028664465384,1664.1974441872826,195.9314502671168,1682.8268642913881,1090.5810688907009,452.15954626404897,3198.1093357897653,26.729999542236328
2022-03-17,702.6264475480507,697.075562498746,1952.7987279140002,697.3848922345072,1689.9872589454178,197.86660885750834,1715.0928344171612,1131.1173411560007,460.57526508004037,3234.730284352452,24.1200008392334
2022-03-21,699.1516224582317,698.8769203085982,1947.4475945865643,695.3649057315828,1658.002713659227,199.76139171057582,1715.4730608488833,1125.0482148088292,459.2031378987074,3238.173151385832,24.709999084472656
2022-03-22,695.918247937576,700.9122383788925,1894.7232488895797,693.5372087115915,1660.7267148165508,202.18030013074568,1688.8618628973006,1148.1243719419283,453.5316952675379,3235.600717681555,25.15999984741211
2022-03-23,694.808143518234,710.6445141395786,1860.4038850316479,699.1162381654207,1669.5137026271,204.55887826971855,1702.6901162030724,1161.6664689349448,459.5690201040249,3251.992627455648,24.979999542236328
2022-03-24,684.1908020520889,687.6473023703385,1837.1550830970928,685.5533724675483,1664.7688324815458,206.81654045540617,1691.4279231535586,1170.4078760728964,452.6169009096352,3276.7550474937625,25.530000686645508
2022-03-25,689.596019527179,679.3888861163086,1823.916035126248,679.2047225589896,1664.2415698272353,206.21180450092265,1689.717242332494,1184.8331776508987,451.2448061069364,3295.3256641850585,24.270000457763672
2022-03-28,711.3615510232017,672.8383238063171,1827.4219107941271,686.226719584466,1652.7306737771728,208.02599270887956,1667.953042530388,1191.0608703717303,456.09298904295355,3237.3452058404378,24.209999084472656
2022-03-29,736.4570820466257,683.2491930331133,1840.3841930644403,689.6415577029583,1660.1996084457126,207.62283423882658,1667.0976498955524,1194.7974641560254,458.6542731539036,3245.1922553919017,22.610000610351562
2022-03-30,743.1171787759815,693.7768236906089,1862.664136488644,703.8777808406234,1686.208968967295,206.73589773439286,1688.9094448672274,1217.4433519238278,457.7395096003556,3259.1422326604416,21.299999237060547
2022-03-31,732.5962323373379,694.6892501793495,1894.9537708833109,711.7174057001984,1680.9366885358509,205.08299184798207,1692.9960273028178,1209.1550162306944,455.1324691123894,3273.6593387691028,20.940000534057617
2022-04-01,739.9800908466606,706.5270513810643,1924.3379603908181,710.1782027568194,1678.5642235880214,205.88928713001454,1705.0185970894743,1207.094137293246,466.29241985292714,3280.9399276687727,20.860000610351562
2022-04-04,748.0396907382448,805.7684143080922,1967.329064027283,721.2401723640381,1663.3629969051792,207.94536873581413,1739.0904400431261,1211.555489970758,471.0033903856303,3295.761598160607,18.829999923706055
2022-04-05,746.8813649943571,779.8467649375319,1990.9007919452536,726.6749564603239,1660.3752240705198,211.13024628404852,1753.4891936810789,1209.2456310104756,472.3754874696574,3344.239456565145,18.6299991607666
2022-04-06,753.5413642660012,743.8653746340015,1996.8050398389762,716.5268281981272,1632.1691571431443,212.3396880102015,1765.8443806480084,1193.2123818265243,471.2778029798829,3321.308203208905,19.280000686645508
2022-04-07,750.7904758499493,721.1956605372436,2006.5844605533246,728.9354490279135,1606.379636923527,211.41247602194014,1763.8009431294372,1180.304256772375,475.57711279119303,3265.6822417718217,19.489999771118164
2022-04-08,741.6209566722174,713.8964227995248,2023.6518941209981,727.2040455555474,1615.0347888286492,216.7743402452451,1747.6915884395937,1188.9096265891387,475.21117603315696,3230.370027745647,20.09000015258789
2022-04-11,738.5805525938877,706.5270778408221,2024.2053347187393,736.2941407922153,1593.9463082740529,220.24146609129272,1738.9956262820294,1195.0466201854251,477.4980706774985,3236.778473211479,19.149999618530273
2022-04-12,733.513229973118,705.0532609826203,1997.3588644486824,739.6127592847214,1544.3002774245751,216.6131317873587,1693.1386000280224,1178.7641486995603,472.64992326429416,3260.014157655668,18.670000076293945
2022-04-13,730.1832377268371,702.9242433781278,1997.3589908165504,743.1236661071316,1544.3001583273306,218.18538159443972,1684.9177119357635,1174.2349955581562,476.491838434493,3234.5988474920932,18.399999618530273
2022-04-18,714.4019720127641,669.8672285581865,2013.8727769023644,733.8412627362319,1449.8408809660887,219.71738941664793,1663.1534074318893,1159.3793533809223,471.09483054388494,3147.5401125729736,20.479999542236328
2022-04-19,713.2920314153474,650.1687231151512,2035.9682772736987,748.2698866683684,1438.110326839995,219.71736790467094,1673.4177826477883,1208.3849780863475,476.5375616935719,3107.04063053991,20.809999465942383
2022-04-20,718.6006281416369,636.29545322895,2000.726199322018,740.670792170988,1402.6552210404843,214.03293875590498,1627.466134294488,1238.2775602010167,469.9056780943888,3111.922800837386,20.270000457763672
2022-04-21,718.0214722768064,645.6066618250044,2033.1086282933215,735.0917638654281,1429.8067037193202,213.2266355111114,1640.2013649365304,1263.1880996959114,473.83907808185285,3177.184205558116,18.670000076293945
2022-04-22,715.1258894006007,643.524508237747,2019.5004920232318,729.9454654330449,1415.3080493150037,212.05750914085087,1631.2675358714414,1269.075915209395,469.72271945878424,3153.6428279236234,18.760000228881836
2022-04-25,717.1528095490077,641.3253688772705,1994.5910014931424,733.167867799067,1382.0059741881291,208.8323031102524,1591.921078947347,1249.3287095526507,456.6418338987888,3124.8711043857725,21.760000228881836
2022-04-26,732.4997610885636,646.6126204361926,1990.8548052693895,739.2759915463416,1398.8767875849937,210.20301073425622,1618.6273301843023,1265.9055943331985,464.600142549331,3128.2711832624163,21.260000228881836
2022-04-27,735.0574870455849,645.2323404272349,1985.7344413196465,721.432614479441,1381.961856821622,208.42914047896247,1607.697643991439,1280.8518611647926,459.9348678754136,3111.313181115752,21.3700008392334
2022-04-28,728.0596781768223,645.2323296688057,2075.776891731748,723.2602965546723,1407.4878820528004,212.62192167547732,1645.1434030980759,1291.269050141953,466.52109050280944,3142.657035068176,20.610000610351562
2022-04-29,734.5267286907191,657.2807713665148,2112.6803063946413,731.0036202312174,1403.5337684574995,212.0574950162911,1652.7465652121757,1293.6015662528664,468.80796064849517,3159.0929573513504,19.649999618530273
2022-05-02,717.1046169997137,658.0761502267766,2077.622560016672,715.468727187589,1364.3881007348616,213.26696505137113,1602.3278725603122,1270.6612443033114,452.7998886574553,3093.4389119139187,21.059999465942383
2022-05-04,713.6297734739236,656.7426721358721,2076.561389730826,718.5468459256073,1379.5454100276122,214.51672694674448,1598.4787598756634,1263.6410258882418,454.12625342075836,3091.2587764725636,22.389999389648438
2022-05-05,707.5972352058784,643.3607691923194,2031.4475889658502,714.6992358629452,1396.592226787759,213.83137548657163,1588.3094548776332,1236.4659436174286,451.8851670583089,3080.4036727134103,21.8799991607666
2022-05-06,698.7173494282994,624.6448062814701,2001.9716775512509,695.4610449320581,1372.3839773751754,215.5649160336017,1552.004189793027,1204.3087009820067,444.6586259742756,3029.398024101116,21.809999465942383
2022-05-09,695.4356310717757,620.6676291047224,1973.7412225289304,692.5753030449099,1394.3075653232786,214.5973773569641,1549.010432364634,1176.2732081933118,442.4632309305549,3013.2679710271254,22.520000457763672
2022-05-10,703.1572800821932,633.0670142369999,2027.7112170130201,692.5752949281784,1378.7986761047448,215.12146378107974,1548.7728522328302,1144.3423749690376,441.41126656518384,3020.9404358390634,22.520000457763672
2022-05-11,709.4311512268587,634.0028031547836,2020.1462013315515,692.3829504934768,1361.927588201104,211.41244713194274,1529.1945380919512,1125.478478168712,438.1639324546815,3006.685551881528,24.190000534057617
2022-05-12,697.65549999315,628.0261632360961,1997.2204294691244,683.6295425564442,1342.201139918884,206.7358830872491,1477.8253243098532,1102.787203178042,432.6754334647198,3007.7749608828694,25.31999969482422
2022-05-13,688.1964692326734,623.8607721581939,2046.254964318595,675.6457637644213,1343.7387794348365,210.32393762723868,1496.7859792622828,1122.3306194635952,436.3344505610766,2999.2302268913486,24.270000457763672
2022-05-16,673.718212522262,621.0207502699137,2049.898643918432,664.6317546746774,1328.449456127453,209.59827918653576,1489.7530014588467,1123.6892942266647,422.15584847586496,2990.599115503573,24.709999084472656
2022-05-17,685.3008185988165,623.3874853125446,2100.6862228563473,684.8799969740317,1340.0044954869074,214.0732582327937,1528.1490440266246,1150.366239393939,429.6110262963001,3022.858978236571,24.84000015258789
2022-05-18,701.8542007575712,631.1028928608465,2123.7504975188517,689.6895606969994,1361.7078467912104,215.92776720771263,1542.5001111635534,1163.9991359295223,428.6505496756105,3047.2717235989503,23.059999465942383
2022-05-19,668.8922280724242,613.6367067414336,2106.9601114235707,672.0865990916174,1304.593165199384,225.15988747281762,1485.238336664089,1137.956250241304,411.6362331965782,2968.802249571082,25.149999618530273
2022-05-20,667.4444067700665,626.7954317079133,2166.188853239672,684.7838394429415,1288.820483325111,227.65945640647539,1533.423809056585,1197.6961004424857,424.44272717067,2889.371437825948,24.559999465942383
2022-05-23,669.7609127674109,629.5171940370686,2203.091621261757,698.2987332656113,1307.4928382619098,226.12747488133505,1577.6650228523135,1201.8403770570499,431.2118093744921,2911.1692180116047,23.979999542236328
2022-05-24,665.2727028368208,627.1741487470705,2195.7108243415714,690.0262231964891,1291.2811433666081,221.7331133082493,1571.677357098281,1194.7973375363194,427.0039847772349,2898.9199406322628,25.989999771118164
2022-05-25,665.9000892471689,632.3572280918651,2149.5360441516586,693.3929150641945,1267.5124463343247,220.846210519746,1558.3719088008318,1203.2670225299603,431.48468563956214,2890.3576316315725,25.639999389648438
2022-05-26,671.305272824895,648.9477954459832,2118.215285524726,705.0800600280971,1256.528650069207,221.56416891010562,1510.091448812382,1193.3934954511844,436.7336436826211,2845.2847498563847,25.280000686645508
2022-05-27,675.6486590369751,660.1658621498103,2154.103091129157,712.967791399704,1289.0404341053775,223.58778318265777,1526.3432620439069,1179.9191164627784,441.28586018700094,2878.1133830004437,22.719999313354492
2022-05-30,679.2682607795963,672.3780146327596,2181.872195220209,723.3083478478726,1344.397951444672,223.83558602533859,1581.181396767137,1211.1025664956994,443.05101746267394,2972.64878630767,21.479999542236328
2022-05-31,682.0191214601576,664.9466218858126,2184.54775194411,727.8774004231318,1347.9796856356543,226.72640659123277,1591.3507386997012,1213.2765527152142,442.58648881837377,2969.8404511946146,20.75
2022-06-01,681.6329934346647,662.887564224445,2226.893505204606,726.8192773943211,1345.0936959690998,226.39603544320983,1578.6154622198308,1202.587575606305,438.4987973480269,2973.8774984812158,21.34000015258789
2022-06-02,672.7048364844492,656.9945819675592,2128.317351291562,723.11595898177,1344.2943706627866,226.6851259439993,1567.6380990316845,1237.5755649319342,438.82396099779396,3012.499765488059,21.0
2022-06-03,676.4208734256513,663.0295511428869,2144.9237381349485,728.1659775781285,1380.835483354974,227.71758467425326,1590.6853317349626,1276.0283243723425,441.7504108539824,3052.262281379866,20.31999969482422
2022-06-06,665.8034533557311,656.521131240136,2123.7045584032867,722.3463694328473,1364.496369880414,227.80019452013295,1579.8508686356665,1274.5111629536582,432.55304056011636,3030.9327068602524,20.68000030517578
2022-06-07,663.3422590756732,650.5097803969437,2084.864597189544,714.6511041074131,1349.6224971381034,227.13945149850113,1557.1364389646,1264.139152836091,432.8782110846822,3000.9564672739875,21.06999969482422
2022-06-08,663.8731077288397,653.6811733997421,2047.1311404179544,712.7754684354117,1349.9332266440192,226.64384438903687,1528.0539648666515,1259.564728048269,441.79679674597133,2996.656124636133,20.690000534057617
2022-06-09,655.7653562084009,654.1781503456399,2037.352458629099,706.1381547120357,1347.0472249005495,224.41374015658437,1520.640872594208,1269.5288357275542,437.47687439087713,3016.888302906763,19.84000015258789
2022-06-10,652.9180365156914,647.5040710182226,2037.8133116544122,700.5590982551531,1326.62310514879,223.83556939019513,1515.4136465924623,1263.5957731905057,431.20595510609974,2978.2663601980794,19.760000228881836
2022-06-13,649.9257561882464,629.5408827433928,2045.332641755261,675.5494929860281,1281.912503994141,222.26622930546105,1488.2798914554241,1210.5590824670344,421.82283525019136,2890.4893497484964,22.799999237060547
2022-06-14,665.4175284532536,627.6474977818931,2042.5185210263603,668.1909056064163,1286.6191002718645,220.90340014110433,1477.207520698724,1210.1286894158018,417.3635366773815,2843.0027588907465,22.639999389648438
2022-06-15,661.1705386395236,622.8194309622124,2009.3163133909054,669.8260509877281,1284.3992668383937,220.77951161409447,1489.2777065817206,1194.4805402025763,423.1234831307332,2838.7008420388174,22.3700008392334
2022-06-16,660.1087752521555,625.0678127660508,2014.062805111816,673.3852198415971,1282.0457799508679,221.27510157661789,1496.8808893789958,1204.3314838613276,425.26024538178035,2848.2252927417594,28.1299991607666
2022-06-17,638.7293554388093,614.8673382245379,2010.7122119955238,666.2670527820757,1240.487542584052,218.1777171885997,1454.0653401067104,1188.8415454022556,415.78418530109855,2737.5391085211395,23.690000534057617
2022-06-20,624.9268049816776,627.174138793338,2050.267431945925,661.601837081696,1263.0427639663321,219.82965627786217,1423.5575492241646,1185.3314250139977,411.97520254407925,2755.0941146293767,23.639999389648438
2022-06-21,635.2546165746231,640.9010392530179,2077.351171875,681.0323245215084,1292.9237183901334,223.71167626793147,1440.0468616585001,1174.5973137201734,422.65898767237655,2841.9931353001757,22.40999984741211
2022-06-22,627.7259099736181,632.8305277490141,2070.742984376333,672.2790520134938,1296.1205167768,223.25741391534424,1416.9998713825078,1158.6999555030718,419.1751233400902,2853.2281861623023,21.790000915527344
2022-06-23,641.4801758340067,638.0609712468488,2100.9455459305236,679.1085309188036,1294.699912173582,220.7382030297425,1436.7679135093917,1143.6178348788872,424.0524831934855,2912.433820057707,21.709999084472656
2022-06-24,652.194041813093,644.5220962821917,2158.1370451866132,688.0062067307631,1303.1358968889983,221.64677983019354,1437.0058156213584,1137.2768791745684,427.67568162206436,2936.1334582739805,21.270000457763672
2022-06-27,663.1009295423448,651.3144484447005,2170.2832987136817,701.0882122028712,1317.787869343207,223.5464661840021,1468.083716414562,1152.6534598644344,431.85629038223016,2951.8452300646477,21.1200008392334
2022-06-28,661.074075743431,639.48097284931,2162.977012973852,689.9781218607387,1321.561651135481,224.86802481621402,1480.2489123035543,1147.67133814574,432.69239291929085,2922.9665748470584,21.68000030517578
2022-06-29,665.1278723063184,639.3626491851958,2140.546761833503,679.7819176908649,1311.5717770934775,227.13941063627712,1476.9224200157141,1176.2279518820312,429.85889229141424,2925.600053064694,22.09000015258789
2022-06-30,667.5408806109858,640.9010694373609,2093.173859070033,684.7838679221638,1316.0116836459267,226.8916110278901,1489.1826579540361,1184.7881319891096,435.9904287315172,2906.2016781293732,22.270000457763672
2022-07-01,661.9426891082027,643.7410224780701,2134.125138391097,679.830043672348,1318.6756427483724,235.39904914547196,1497.8313824781992,1173.9631898181497,435.52593315014667,2925.6001418403152,22.43000030517578
2022-07-04,661.6531470831749,643.8357257901995,2213.5144511606013,693.633418985248,1325.1138318789901,242.2544617674865,1508.7133384337264,1106.025565464495,440.49618522424714,2912.3899190179127,22.25
2022-07-05,665.3209665475324,652.9000364945077,2244.879663833151,704.2624731033,1340.8313086434368,242.0066997861258,1518.027170687275,1116.3973279805082,445.93095742851125,2872.0564215860604,20.989999771118164
2022-07-06,670.7744165697795,650.0837914761512,2335.2520235331563,704.0220218253087,1331.9956869281368,239.52882702764057,1511.612180352324,1106.0026688439268,446.8600147059179,2868.984831198368,20.790000915527344
2022-07-07,672.2704704834849,661.7279682683665,2355.6343751823315,715.6611249157681,1344.3831420553722,242.13062483250513,1534.0889534084818,1102.0624779330788,453.59543867067123,2913.6623972444418,20.270000457763672
2022-07-08,672.3669792057284,667.4080259025676,2330.3192399417867,728.6469539079985,1347.0471411605954,243.20433670362848,1617.5817928627803,1095.155633472675,455.12833214576847,2901.022644904037,19.200000762939453
2022-07-11,657.3096504664239,667.3606535366644,2350.0501249914473,742.1617844896639,1331.9068766093092,245.2692559169339,1605.0840682421313,1100.046939975301,456.4289596669393,2830.801346623151,19.219999313354492
2022-07-12,643.7002041570134,665.1595990343833,2318.034188171651,738.2179148531969,1304.1125702899615,243.94773045707524,1589.9252935699683,1104.983845261713,456.4753730076686,2752.8554340083,18.639999389648438
2022-07-13,646.6923260929609,659.9291881427924,2344.7917226993836,735.6207307906395,1296.4758799465965,243.49343293204035,1599.7617843333824,1102.4022679488555,457.4973325339497,2729.8578501002676,18.760000228881836
2022-07-14,629.5115311558193,649.728748870004,2348.0956221051606,730.5706878184897,1290.215406752036,244.7736570597548,1584.6503992098937,1102.3796184650857,454.1992749781504,2690.4197342968428,18.690000534057617
2022-07-15,634.6272112485979,646.0603692493304,2395.562136339821,730.0898014659325,1284.0439058847987,242.83267214820577,1604.1335502920153,1093.796752824721,450.01868920290036,2665.688935952516,18.34000015258789
2022-07-18,646.6922461094402,646.628426654129,2424.50715479749,743.7008857282622,1326.3125236399783,244.7324149671778,1648.5647098280717,1098.3260107043704,456.6147472480962,2707.977235850919,18.18000030517578
2022-07-19,653.4488023993918,643.0547152126437,2396.585741377214,752.2137163149513,1320.3185695057068,244.1542288911835,1648.8972773091123,1108.2902834767385,463.1643551697625,2709.736941355733,17.670000076293945
2022-07-20,656.3444761661204,648.9950749004665,2436.606372196859,759.4761215508933,1354.9061235932559,247.37550179604554,1660.2072011538164,1151.543703777921,474.3591139762054,2791.5850009840688,17.270000457763672
2022-07-21,656.2962062962591,648.2377243196178,2447.68205933035,758.8990481398317,1363.4750207876066,249.60557832547528,1702.740586465624,1132.2949020971544,476.9603917266901,2802.189982174116,17.209999084472656
2022-07-22,658.1784423922688,661.2545370708034,2460.0605866356937,773.2794996963647,1367.5155470877928,249.8533471496641,1712.9439606690337,1139.6774905895736,483.27769264870454,2813.631475385451,16.959999084472656
2022-07-25,662.6666172741332,664.8518972587639,2470.1121865027353,786.6501061139277,1347.224909731089,250.2250891173317,1718.6712413444068,1117.5522733397709,482.16287346167064,2804.3464181965073,17.90999984741211
2022-07-26,661.5082732732828,663.6212944051289,2443.1215914391,772.2214097355484,1329.020809215027,250.88578604342695,1714.0989806388293,1106.8862563190191,483.8351111742268,2788.9010938413444,18.270000457763672
2022-07-27,660.1570354734954,665.5146550866178,2411.0120851479155,773.1833860702128,1308.019636802142,251.9182720932452,1751.3986636710017,1099.2317688342157,492.3356899534286,2811.078941286618,18.639999389648438
2022-07-28,655.7653802156542,674.0347148899765,2443.1216822137303,784.4377641441448,1353.7070916560501,252.08349448590755,1748.029592622311,1117.7788361232904,499.34981855668167,2872.597142884527,18.1299991607666
2022-07-29,656.9718690546599,680.9454961932345,2461.7356182986064,792.0368323370208,1381.457133330871,252.66163584966696,1763.9121437762135,1140.039571763476,498.88525216814304,2919.5053390848148,18.649999618530273
2022-08-01,676.5189283288264,685.6078100048894,2455.22095319731,793.5758368835868,1388.8273994069982,255.0569134199065,1749.8104438056353,1172.038463313215,497.0272454076405,2928.0419799310016,17.6299991607666
2022-08-02,678.9426551439072,683.7855061039321,2456.244957308131,790.6901076995281,1373.7314920454614,261.54072247929173,1743.8425255014815,1181.119198519279,506.2246004960406,2915.632893070421,18.760000228881836
2022-08-03,675.5977930612612,679.5964256924633,2479.419427322071,796.4616081239511,1394.1554711718493,256.79143405649836,1736.4787693283106,1182.11564904104,507.61809716837826,2947.4045082271623,19.170000076293945
2022-08-04,677.197532906723,684.779552911016,2460.293239027102,798.3373147962578,1424.214210429917,256.3371563082533,1746.8745635315472,1185.6259288355277,505.38845486111114,2981.6393778391775,21.059999465942383
2022-08-05,688.3468698112746,680.1644645453026,2473.508898351791,808.8701791135837,1443.6168753071975,257.53481171702884,1739.3664124118422,1167.9846710602349,504.3665604850358,2972.0465119063037,19.389999389648438
2022-08-08,688.2014049873479,693.2049454902074,2473.8349508660503,815.0789944859878,1440.331231614356,259.3105996891377,1763.4788959215232,1170.1361123075012,486.8079911951748,2973.718580659818,20.18000030517578
2022-08-10,696.1028385849025,696.5182853005304,2491.239063299507,825.4332074397091,1439.6210168307325,259.43452603910265,1797.120803053735,1173.0120563323646,486.34348087745,2979.0872677998295,20.770000457763672
2022-08-11,697.4601529818234,705.748465966316,2482.909325463082,838.496916436078,1448.6341758452916,258.8976003684307,1808.4791165530096,1182.070349687536,488.66606994309046,3017.547059589707,19.59000015258789
2022-08-12,690.770625810294,704.9437383632303,2444.1451625929203,848.8995342963262,1433.2274398690179,255.55247308622108,1799.0457513950373,1196.314571208688,494.05434264419563,3009.0100251572753,18.520000457763672
2022-08-16,694.1638748492326,714.0318751491698,2464.853843722323,855.9152333962162,1428.787474466892,257.2870089516655,1794.2331695451574,1203.5387175050762,495.9588451685862,3005.3575317636055,18.360000610351562
2022-08-17,702.5500827586528,716.0435846954439,2507.3409296886975,856.8829132175096,1431.4514427285992,258.7324709010254,1797.457632354973,1212.4160085847718,492.8931036739318,3008.085646866667,17.790000915527344
2022-08-18,713.5539510564984,716.5879503313682,2526.885943852163,858.9634262899489,1419.1969856808453,261.00388284225824,1827.4899339436877,1212.7820913718717,496.8413943563711,2985.2475323475046,18.440000534057617
2022-08-19,715.1050877394601,715.6885618964038,2511.947836813186,858.2376975110907,1425.1467585821308,261.12774877710746,1869.3136786715766,1209.464997552082,495.773040812657,3011.2103481950435,18.56999969482422
2022-08-22,712.0027604873383,704.4941629518266,2482.0257884835946,839.3678107269875,1419.9073173622771,261.8297997613308,1871.2387610640724,1195.651309470641,482.9989993783973,2978.2953698990436,19.299999237060547
2022-08-23,719.9526155963331,698.6247184668651,2447.4957544605686,839.9484930837893,1380.3914715875098,261.0037924023014,1840.388325302539,1205.6027266806439,486.8079809982914,2941.155248644901,19.59000015258789
2022-08-24,731.1988584499926,698.4116474192263,2429.1607306985293,847.0608858274338,1372.8435075266768,263.85345172472415,1826.9604774832865,1213.2365143204822,485.8789547532378,2911.3205094918117,19.34000015258789
2022-08-25,731.0534253464849,703.7604928802608,2446.2859066842084,852.9637834319626,1375.2411633369209,261.3342532343233,1846.2120059488718,1210.0102083418858,490.8027782555925,2885.0498583635745,20.219999313354492
2022-08-26,718.8861388850705,701.3936868205767,2433.5354222805295,849.1414112105084,1371.9112502041487,260.5082627799378,1840.4364435807283,1204.148643044039,491.9176343481351,2866.435827997161,19.56999969482422
2022-08-29,702.7924435873202,684.4481835108402,2427.206564249908,833.1746285152892,1304.068208908207,260.13657696446035,1819.2598594403983,1206.4205794013706,480.3048254229665,2765.842442693576,21.209999084472656
2022-08-30,707.8338107916627,705.251420744394,2482.211391344048,861.9632113565701,1328.532319714009,265.46405479077004,1855.8375995611182,1201.9902529871206,494.7046745749081,2839.5938614918264,19.81999969482422
2022-09-01,723.2489388285817,705.014718429371,2471.042674863146,857.0763710637874,1303.668532666685,265.87698036201425,1858.244004391328,1183.6780172121637,502.50851463100315,2807.4711070631924,20.989999771118164
2022-09-02,718.3045621606768,705.5118367937589,2441.259594259226,852.8186382751104,1312.459816939898,267.81800529258237,1885.4847308972608,1170.2278880627014,499.67494020526334,2783.708184014529,20.139999389648438
2022-09-05,719.3224804091459,709.5351933667826,2440.701469240513,857.2700353230359,1302.691911850084,272.2369131163737,1898.912705771752,1173.0224725362493,502.41549985626574,2770.462992067452,20.290000915527344
2022-09-06,741.6695093615302,713.1562565405578,2438.467974227799,861.1890392092437,1305.3558130293177,272.5672643466169,1910.800315494752,1184.1552111927028,504.1807752561006,2764.214549676102,20.0
2022-09-07,738.6639937346312,705.2751193650466,2416.9688347199835,854.1250483069637,1301.5815476612688,271.1631802716919,1887.939269933854,1179.1114147484413,499.30338569661285,2782.7403998797736,20.18000030517578
2022-09-08,752.3340483173587,710.0085227511238,2416.130699054169,871.6884168302877,1315.2123898661405,273.06291527126564,1903.003638677073,1180.519984126391,507.5251632256435,2801.7498066300514,19.3700008392334
2022-09-09,751.1705930282332,714.2685009714878,2463.597282642268,882.4780547426784,1349.755574320764,275.2929861390914,1913.014395748022,1185.9727033347192,517.4657855661197,2845.754362458832,18.510000228881836
2022-09-12,747.8743741448371,711.9018134782359,2424.507201410725,879.5266638893588,1372.7548731045804,274.54960570456757,1893.3778403715555,1186.8816091364133,518.9521094794106,2877.7021469434826,18.3799991607666
2022-09-13,764.8406081220737,717.5346008263482,2428.230204420808,884.4135446950547,1379.0594304149024,276.6971276543581,1920.3298151263225,1194.9243089400052,520.2528211805555,2872.1128147669933,17.940000534057617
2022-09-14,764.355874341511,728.4214270878097,2425.437865287615,892.445227477455,1331.0632685678052,280.0009152997951,1899.1052254947508,1185.9726599528265,534.0488328095158,2764.698333727928,18.56999969482422
2022-09-15,766.537281097308,729.3916322975399,2418.737075392725,906.3798333664477,1309.9732552773253,278.3903582477678,1910.4152918903305,1183.0417041001508,537.4398006593908,2761.4863014530865,19.219999313354492
2022-09-16,763.9680649104346,716.9666119495581,2386.2083212293255,887.9454552145844,1265.395822315344,276.3667183709045,1883.6559930628089,1160.0721402601105,533.2590770784519,2723.2910281150525,20.239999771118164
2022-09-19,762.029057334917,716.6352116395905,2408.685242651691,883.0103024654416,1248.5240318620802,278.2664471600607,1859.6398235111203,1146.3040180403946,533.6307837600242,2677.2179062249493,21.209999084472656
2022-09-20,772.6451168061222,721.3685602028132,2439.8639675924364,892.6871605533197,1255.2284946157747,280.49656090051,1882.597187635893,1153.119972213298,536.9287536952673,2710.61720102937,19.940000534057617
2022-09-21,772.693576765711,720.1852431794865,2463.364517568242,887.3648310528203,1233.2503054303857,285.121892834061,1873.4526255970197,1150.9843653188254,536.3248944309445,2676.6896666312164,20.290000915527344
2022-09-22,770.5606401431068,714.812861621089,2514.0880610995746,882.2362213875515,1228.9435493746757,288.0541255192385,1834.2759870902694,1137.3523524884633,533.2591325992832,2666.612800197156,20.139999389648438
2022-09-23,763.9680475981654,698.1749828076821,2535.0296830818893,875.6559480442714,1238.5784272088517,288.7148328987913,1824.5058165096025,1134.1488981287762,527.6850102482754,2660.056419935131,20.809999465942383
2022-09-26,747.6319147351792,679.9278112565614,2539.9152541019766,849.528508368895,1242.7075831808704,285.7413423569742,1806.5539881090533,1098.6378053004141,510.0335088407735,2663.0047675160854,22.899999618530273
2022-09-27,741.6694604334732,681.6081733278456,2525.722144026248,846.577050634224,1248.9677795003172,280.4552211049659,1794.233051406507,1102.3638454814661,511.79869721719484,2662.2567443196413,22.290000915527344
2022-09-28,747.4865214065508,667.6919614261478,2521.0685443686107,835.3518987142597,1248.3906912173352,275.29299525331317,1786.5323522749327,1080.5528678614462,501.486528839793,2684.214650414333,22.360000610351562
2022-09-29,745.5474515298739,663.7158347077755,2538.0545714021478,833.7551907328035,1251.9425937102772,276.6145237344205,1787.879979265841,1075.7818731361092,497.67759358102506,2689.4076788755,22.290000915527344
2022-09-30,784.3275766426499,677.5611079896381,2526.792949447463,839.0291189080637,1260.3342738295787,277.31657676720016,1812.4737319461367,1091.458340177691,498.7924036275781,2657.5919876362846,21.989999771118164
2022-10-03,790.6778584777533,671.1237064183372,2544.5691702290874,833.1263073068725,1253.8518199971973,275.045217248957,1782.6822142090027,1098.251530811662,493.91504478951293,2658.4723112978595,21.68000030517578
2022-10-04,791.8412270473816,690.1282917818199,2491.0535896437045,844.4481536905425,1271.8339930032037,275.8711318497507,1810.5484424433716,1098.7285948569065,497.7704818914978,2726.5030327729664,21.3700008392334
2022-10-06,790.9686900884585,692.3055766138067,2505.758411165381,862.8825496852432,1296.2981533267844,280.2487361859203,1847.1744337875982,1113.2695695159011,503.34457381399824,2749.3851626060255,20.020000457763672
2022-10-07,772.4996469809495,679.2177284598232,2431.9529908377535,855.9151298031861,1294.5665794796807,278.22515445213264,1856.752065886777,1110.4976589700225,497.58459072692034,2732.663312710145,19.729999542236328
2022-10-10,770.5606569814813,674.9813869948101,2429.8121733824573,861.0438604862098,1300.915873263201,273.7649627746661,1845.2491919989277,1098.547030597458,496.0053326593176,2752.0252969781927,20.34000015258789
2022-10-11,773.1783252447213,670.721319359864,2429.6726925816597,854.7055626402578,1313.925065790571,272.93899758370264,1851.7949576438784,1096.911150105876,495.81953831354355,2767.8667110161023,20.81999969482422
2022-10-12,757.520808140024,669.7036818066864,2424.1351699022425,843.5288813192437,1279.6925820570834,273.7649690779184,1844.2868137876062,1082.2342073300697,497.02725337559986,2736.9760309872313,20.889999389648438
2022-10-13,755.2425139656912,665.6329523957306,2426.5083424119284,837.480867501707,1276.8953475559135,273.64107028548585,1840.4365057083153,1087.8231445652352,495.9123740845993,2737.063761587593,20.940000534057617
2022-10-14,756.1636134467882,684.9214773171474,2443.0286866999163,855.2378810427674,1326.6677039503666,275.78854822524454,1864.2602085259307,1097.9789154976827,496.8878439855607,2772.2665489638584,20.6299991607666
2022-10-17,747.4864899558124,689.9389184377674,2429.114334956377,858.8181871524583,1327.5558404413687,276.49062362060135,1842.3617247073248,1096.911067683068,506.0387866822973,2760.3829006019378,19.079999923706055
2022-10-18,761.6411640357185,692.4476117206183,2458.943593359713,871.5917328623445,1341.7191065769207,281.6528504493247,1858.9177668073728,1119.1764135169963,523.5043933483238,2784.1631609093292,18.420000076293945
2022-10-19,764.5981890309777,699.3110807594875,2436.1410901715394,871.5433254629044,1336.391138059882,286.98033271098154,1874.1264028489438,1148.6441893082867,523.4580074640971,2787.3834440777728,17.559999465942383
2022-10-20,769.7850571100913,687.7141766872251,2429.1607406390854,864.4308409240948,1335.5476913144482,289.8712273837353,1846.0194943207575,1144.6228248019718,517.2799070388827,2788.2658809132267,17.760000228881836
2022-10-21,778.3651615013437,689.9625651125049,2481.979286085281,880.591123605288,1337.3236814941895,291.72959990597735,1852.949929024577,1143.6229813098248,525.6411552498403,2788.6183117668575,17.43000030517578
2022-10-24,782.8733381216878,692.4949483754677,2457.082233573049,903.3315833908729,1351.3540892842454,288.83879249649436,1848.0408752739686,1137.1252236758137,531.865552923953,2804.1481776168825,17.670000076293945
2022-10-25,781.7583827993933,694.7670189147169,2406.823407214768,912.7665582070067,1361.2108571850185,288.67356451798145,1881.4901452336471,1135.5347355693707,544.5932541668578,2809.6626504347373,17.6200008392334
2022-10-27,797.1250407015173,694.5539107499477,2354.703417115857,903.52525422655,1377.8823898027329,287.723708001335,1898.046316199072,1121.6530982836084,543.4784288404763,2800.618740078452,17.06999969482422
2022-10-28,799.2579633210171,694.3882702618566,2374.15595224941,897.5255443749835,1371.6433151587364,287.9301931150614,1911.6666961688197,1151.8929390234955,541.2952020481209,2804.589820132824,17.040000915527344
2022-10-31,808.3712525055789,709.061835992368,2393.7937137544677,887.4132554113622,1388.2059642832278,289.4995162224048,1958.4957977199751,1163.684748855419,536.4643207503551,2822.677776187459,16.6299991607666
2022-11-01,815.7880214669889,723.7353630173054,2413.462589432024,891.2356770583177,1413.8802423495363,289.49952004883465,1979.046786797195,1181.428644108962,544.1751376967455,2878.796774178203,16.200000762939453
2022-11-02,804.6871738065153,723.3802941610854,2402.3589496301342,890.9936952377803,1411.8602777690894,294.24877163638735,1965.5709446591557,1158.7999512079832,537.8578016328036,2885.3251479156916,16.860000610351562
2022-11-03,799.257928253205,719.5935963898347,2388.3048675676064,884.3166921482643,1385.9615363587588,296.1071808091715,1946.8006219284157,1163.0485752218901,546.2190678064255,2848.3102329584,16.729999542236328
2022-11-04,796.7372317058346,717.6291738598813,2385.494052611196,883.8811709754442,1364.9104934069014,294.0422814980806,1953.3941318753452,1181.428720196316,554.5801591567704,2841.2514758680345,16.209999084472656
2022-11-07,798.9185459535704,715.6885508115232,2391.1160066043662,890.3647059309873,1371.598297862103,294.3313898669706,1955.9449552529861,1186.1090891689403,578.5025828570365,2861.3249946157302,16.360000610351562
2022-11-09,800.3244096662162,718.5049193556288,2384.463438301821,892.1064939348253,1372.5856991457824,298.54382847907294,1960.7096837245826,1191.4028762322173,576.9231710597669,2867.50165781084,16.06999969482422
2022-11-10,805.3658221687489,722.7885844263019,2377.9983927279977,883.4457181632625,1357.32492412614,297.26361041719775,1926.9235759224448,1179.8611290593667,571.4419565687384,2845.6189659797133,16.290000915527344
2022-11-11,811.3767891679913,774.8558563783679,2386.2436029803034,898.0093650303661,1412.5334084004994,298.1308156302202,1943.2391406028291,1197.7869359415272,575.57619082005,2948.502600302408,15.569999694824219
2022-11-14,805.4627663452762,770.5958420285266,2355.2772254587667,877.2526210297223,1428.602422973989,294.8269986133815,1946.2231216530354,1200.5134736804264,561.0834383305436,2955.0317658024237,15.270000457763672
2022-11-15,813.1702363494627,768.3001837702703,2313.3482543076043,884.1231988683949,1434.392775464041,288.2192861946013,1941.5064367624377,1193.4247362453084,559.3646477289204,2947.046514255534,15.020000457763672
2022-11-16,818.3086519829337,777.222718025656,2326.4658654402274,888.4293396104207,1444.4020103215976,286.48476748246463,1934.6241034724662,1188.6763362500183,560.6652932272399,2971.7084864646695,15.529999732971191
2022-11-17,823.4955490421319,772.2762870225876,2340.520161450394,892.4936082418244,1438.8363470236297,286.98031993201676,1981.9345959845962,1187.3359568517499,559.9685238213378,2964.738459708122,16.260000228881836
2022-11-18,825.8707775574455,768.2292486333745,2331.6659179626067,892.2033282812789,1434.5272328106976,284.7502308982674,1974.1857542551377,1185.518366679259,562.7556276752249,2967.164404428522,15.6899995803833
2022-11-21,826.7918421805173,763.0225019450933,2353.6374081154167,894.9128269925257,1425.4153698916546,280.8269172079522,1956.9077685015923,1175.9759375856167,559.3646510750879,2941.531859652826,15.550000190734863
2022-11-22,834.3054365036278,759.4013547263689,2364.881042072989,896.5578880157866,1425.550153449475,281.6528676912749,1957.051983132279,1167.1152613187112,558.0640462892758,2928.5169988553193,16.270000457763672
2022-11-23,825.8707798839393,759.7090237756768,2365.817726224053,901.7349405392831,1429.141171694554,282.478823291556,1967.495887345679,1171.3866679891707,566.3323623614517,2938.267096023946,14.329999923706055
2022-11-24,825.0467447220254,772.4893090924824,2398.6113936957,910.2506649996778,1468.639925244856,282.8918331184242,1982.896897158406,1178.7024981272687,567.911642473298,2993.811616370863,14.039999961853027
2022-11-25,833.7722372735011,772.3472166038309,2394.3014984426877,912.4278817096287,1475.8215929330347,282.39622815678473,2017.3570977439304,1192.7431844497548,570.1413459163525,3002.9884406892334,15.770000457763672
2022-11-28,826.5493781635627,760.8687721706614,2382.215029721405,913.2987847778865,1484.34965474194,282.27236570642077,1994.447880773705,1236.4332684225644,567.5401183678248,3015.032938868525,14.0600004196167
2022-11-29,819.0357634939478,763.188122507995,2473.521050861577,919.2017272392474,1471.1085408527335,284.9566736555353,1994.4478902561991,1241.2500078770877,568.3762583345875,3025.6210229911208,14.619999885559082
2022-11-30,826.0161787210052,763.448495298528,2527.9114492658455,927.2333807160768,1477.3926101335646,284.2546406719797,2007.9238608634423,1247.5206802015884,568.0045850653908,3013.179601826006,14.050000190734863
2022-12-01,827.1796572784522,774.8559422576894,2513.8573884522593,926.0722412930936,1501.49592004661,282.2310338897691,2031.0256302117366,1251.8600031393141,566.518131949988,3070.6215662510285,14.229999542236328
2022-12-02,825.9677181967162,766.1465237122118,2492.3073440103817,904.2993150433366,1491.8006727944214,281.4876971310472,2020.3409895337304,1248.6793948058917,566.3322808251035,3060.8269424071414,14.09000015258789
2022-12-05,825.6283245836238,764.253188927082,2459.5137167355674,906.7184888019183,1476.5844819133267,279.87706955208654,2018.3198154837091,1234.4794719283639,574.1361672313877,3034.577045852439,14.420000076293945
2022-12-06,819.2297269307463,763.8270357990309,2492.260407447323,899.7028589676131,1459.6629463817758,279.34018388337773,2021.3999024603684,1225.5051588426245,575.8084536976544,3007.0477116962575,14.25
2022-12-07,815.933381793632,766.1464816690436,2548.3371949096204,903.0413913903666,1457.6878704538565,282.06583714281305,2063.7532607256353,1224.5963402295367,569.3980740203284,2994.473614579414,14.460000038146973
2022-12-08,814.5760798217273,769.6492132626774,2540.1391443106168,903.3799658469919,1457.777758202631,282.60275684949386,2093.592735991253,1210.9645247591304,570.2341813977581,2982.914693880783,14.890000343322754
2022-12-09,811.0858512210834,773.8382042003839,2568.7632793355483,904.5895701383395,1461.4583510232733,282.89180119697886,2112.218428241348,1208.6924740397408,574.1361490885416,2977.1796968244453,13.960000038146973
2022-12-12,811.4252218143943,782.7133418481023,2552.272706493238,903.718738934402,1405.7558561467295,284.1307902244493,2087.817496049372,1191.8797417479038,574.7864776344798,2908.2671822385046,14.149999618530273
2022-12-13,814.3821800792405,784.322738181516,2548.524722446894,905.6541137851639,1416.1245821024263,285.78268242151444,2094.266535967598,1196.4237590933476,573.5788021601909,2943.958509197416,13.579999923706055
2022-12-14,816.3211194077146,788.346152135924,2548.524865486891,905.7992749816523,1425.9991416279158,286.8977351103185,2127.282804690943,1199.1275984061572,582.2650382623589,2979.737932256247,13.079999923706055
2022-12-15,805.6565868114424,790.1920644334118,2514.0914466719687,890.1711821157284,1409.3916231159728,285.8653052233285,2126.320186293795,1188.2447615787812,584.8663787165883,2968.9294722548675,13.880000114440918
2022-12-16,807.3048268650276,778.6899649239426,2518.261279151439,884.1715063645676,1390.9887448634156,279.9183296855148,2128.822732066834,1189.9715469866571,571.9064703833176,2904.7377043992556,14.220000267028809
2022-12-19,819.2781711768815,779.4237087213362,2548.5245125945157,881.1716697316784,1361.7237298285659,282.7679093295101,2105.5766835808754,1183.246273075343,566.2394054350925,2863.7072567112273,14.489999771118164
2022-12-20,814.1398056638297,774.5719946187421,2535.454352193079,882.9619693422077,1360.9157960258838,281.6115378675297,2098.309189662704,1193.2431129001116,563.4523369916055,2866.7958175446647,14.920000076293945
2022-12-21,807.6441224055543,778.5479501770524,2525.241333452075,886.2520178769291,1365.4042507201466,281.85937679089994,2093.544617600419,1196.4237592798247,565.9143376361941,2896.840399494086,16.010000228881836
2022-12-22,799.5488073582989,770.3592068674686,2519.010438376079,874.6398170181222,1373.4388023348172,278.6794110041144,2067.9401743437893,1183.541675654874,556.4847322630342,2906.5028781661345,16.299999237060547
2022-12-23,793.0046433662797,759.3067449086949,2482.5162634919075,860.8988032205845,1355.4399676759397,274.1366550256779,2025.394427576176,1177.1122091165366,548.7737865436641,2882.545906087743,16.479999542236328
2022-12-26,790.3385242808026,775.8026372192614,2471.553770123414,868.011288497094,1355.4397938764648,276.7797261273581,2029.1004498454804,1155.073896863254,558.993082761458,2887.089780317712,
2022-12-27,794.4588942216933,774.3589150189524,2468.7895747593143,873.5753835662855,1365.8082322618604,277.8534258052888,2048.3519569523583,1158.1637450751377,560.2936761363036,2888.678618824853,16.1299991607666
2022-12-28,789.0781440083798,772.9625987224337,2438.994305151716,874.7366672238433,1368.9502266632046,276.6971276543581,2056.0524243366676,1158.6181211536698,563.9169189700275,2881.883888463998,15.649999618530273
2022-12-29,799.597248580519,777.9326190377025,2420.442410795175,893.5096943878732,1365.6735099605971,277.3165569010839,2041.1806779558833,1158.209118855438,574.1362358985891,2886.6486646301387,15.770000457763672
2022-12-30,799.6457633980757,778.6426820230166,2423.39384546772,879.139556373027,1373.8426164441485,278.1425445928473,2053.1647677626697,1170.9775038842033,576.5051415202785,2910.9135724032853,15.119999885559082
2023-01-02,791.3080375188825,776.1575425282429,2417.397574589378,877.6881001770557,1370.341544123772,275.8711318497507,2019.0897262881256,1171.8865462707408,575.2509627143755,2882.5463814916634,15.449999809265137
2023-01-03,793.828698130152,777.6959605884185,2400.4854720460166,876.6720172537239,1375.8626645617423,275.3342481936164,2018.3197070327258,1169.160125804233,572.835444204816,2929.443139533255,14.989999771118164
2023-01-04,795.4283962015077,778.9976042645189,2397.11198691943,878.5589884345696,1365.4041375693505,274.6321933273518,2022.7957320480239,1163.7300547153022,571.3026635308936,2935.9285868074544,15.680000305175781
2023-01-05,799.8395927077241,765.8861953295342,2428.547283259781,873.8173022704675,1351.8490596942972,275.7885284616498,2020.6299636219285,1152.5293324862785,568.1903205500095,2944.70843071638,15.600000381469727
2023-01-06,787.47847711381,761.649771597572,2447.2395159383605,850.5445554510902,1324.109893788294,278.8033373751231,2042.2877834282162,1157.7774553339088,564.3349836708002,2913.163842641352,15.4399995803833
2023-01-09,796.4463320434561,762.8094321524873,2463.683503774961,850.35105882214,1336.9918995481128,281.9006628614671,2047.678091247347,1182.3376907366148,565.7749180766002,2935.6201129314486,15.380000114440918
2023-01-10,800.9061296998407,757.3424088115413,2486.076634650193,850.0123396958412,1332.0997191472895,279.5053865963529,2052.10595419448,1184.155127696438,565.7749649315789,2910.0316341301827,15.9399995803833
2023-01-11,755.8726576512522,756.3957295571362,2480.923359101618,842.7062883246897,1341.166242466281,276.779739173355,2059.902601065036,1162.344044167369,556.9492754594182,2955.473546603415,16.229999542236328
2023-01-12,745.838324838356,759.1884361515325,2438.5257082092103,841.2547893512822,1333.0868718348268,275.54071395793477,2083.6300800619115,1150.7569299071174,555.4628501283095,2955.914600902742,16.040000915527344
2023-01-13,742.5905477279014,762.0285326075664,2472.865263078271,846.6254414742714,1363.9679024832087,274.42569024440866,2083.8229006524825,1123.675117069892,560.1079011495518,2981.5031305171833,15.600000381469727
2023-01-16,744.6749257633419,767.4245423463568,2462.277808968446,849.0930928206624,1371.6881017494266,274.3843897904284,2080.117012382152,1126.7421991055548,563.0807539572319,3025.8110015993384,15.359999656677246
2023-01-17,745.4505646520488,762.5491150718101,2506.3613913603754,839.9000509881896,1384.435469422026,275.45817191772255,2134.7908842536053,1128.2643528903968,562.9879355336183,3051.800290054043,15.3100004196167
2023-01-18,756.2120444124987,777.033247723356,2523.6953050053735,843.8191697140958,1393.0983596644714,277.9773381472333,2189.657357970111,1131.9450149571076,554.7660226892714,3076.3014811096996,14.75
2023-01-19,752.8187552733742,781.0093253374716,2510.3902647563878,842.416031941814,1391.0335664749514,277.2340097387525,2198.32046238007,1127.4237562572607,549.7492970376347,3056.4932433752856,14.829999923706055
2023-01-20,752.1885858946541,790.0027235140965,2440.7744188519187,848.1736829105906,1386.9492697066073,276.8623149347169,2211.6521591848536,1124.6291897175156,554.2550250301911,3063.3964349074176,14.1899995803833
2023-01-23,752.333990183348,796.4402020140254,2439.8377666491706,854.7539633041429,1394.4000746897525,279.2988828966497,2188.213710786727,1120.6305800710875,559.0395054856419,3085.3706604429835,14.260000228881836
2023-01-24,753.8367093148988,805.8123152644733,2445.459202181672,853.2056935599804,1408.3143680159328,281.4463851037806,2167.9997125804357,1110.3839043654414,561.687156454172,3115.1049457004037,13.8100004196167
2023-01-25,756.6967971123808,801.3392445591735,2475.442132338579,848.4639868002098,1396.8238083152746,281.652880400375,2122.4699151991044,1097.2292417944516,553.5582005582665,3099.809477418407,15.420000076293945
2023-01-27,755.1455344529768,774.8558686823252,2479.7056052849134,815.7563581461058,1392.2903779726057,288.1367493206842,2112.84430173535,1084.8014072954272,528.1959472210457,3109.736034820771,18.010000228881836
2023-01-30,751.3160749927421,769.3179025577755,2445.4590773658156,799.5477237481382,1386.0513053859913,290.5319667310704,2091.908294579613,1077.7809941168787,515.0038388951956,3120.9713467272463,19.389999389648438
2023-01-31,755.2425460130842,768.0871083701478,2426.9076989109026,811.2082080945121,1390.4503014665167,293.2163264889536,2052.9240393541745,1084.9379802131518,517.4657524956598,3112.4428172521584,18.3700008392334
2023-02-01,760.7202838779879,788.1093950748863,2438.9006661337953,846.915797809219,1395.9710362007636,302.05410451023636,2133.0097976907177,1081.438989315294,524.8978981961093,3085.3704394695874,18.540000915527344
2023-02-02,757.1815230670906,768.9392323415261,2473.3339208407515,832.787622529551,1424.607586792744,317.7474385902798,2085.8441319884814,1066.9210156997124,494.8440426803204,3130.491359902265,17.770000457763672
2023-02-03,770.7060964061176,785.9793357294084,2489.9175975683897,844.4481194171882,1440.4969913344742,315.72374712187093,2100.186618747211,1067.3753725425988,507.2000392645869,3162.0761001103447,15.760000228881836
2023-02-06,770.4152079287741,790.1920908907817,2478.2529751629318,839.7548958836825,1434.5270336544245,320.63824324042014,2099.94596252051,1054.6523697762398,519.1379903948726,3134.2363491995434,15.210000038146973
2023-02-07,771.5786325878756,788.0620761871278,2478.7682732055678,828.3363136955805,1414.8226182032731,317.0866104420805,2090.704795734479,1057.560517598404,512.2632151446792,3152.1497379876287,14.880000114440918
2023-02-08,757.1815761701607,789.6239775643744,2443.1169279305927,832.884387096269,1439.0157038986365,311.635241026563,2093.833287942821,1072.3284093286718,515.1432055186662,3194.4726991238244,14.25
2023-02-09,751.4614760812342,786.5237657315753,2435.9957229896086,836.9486740907996,1454.0522977867906,313.8654078652711,2071.4053814336326,1077.3040386110727,512.8206493861524,3201.421650359285,13.819999694824219
2023-02-10,749.6194711025694,785.0326812308807,2423.58137162955,834.0455676189112,1450.955234729636,311.3461910554725,2088.7316516487945,1070.0562610401787,517.6979888967993,3196.6837056013396,13.279999732971191
2023-02-13,755.82419647255,786.5710339771882,2427.4226893144537,831.5295365997953,1433.6295447624907,309.8594576851963,2127.6676116565873,1067.8299624778901,517.3728904535258,3202.6851807113194,14.100000381469727
2023-02-14,753.885181328552,794.026189377833,2437.963834328881,839.2711196232543,1432.731863182567,320.18401098988426,2133.058090911906,1082.3250555378218,505.9458107113584,3180.8915095356965,13.680000305175781
2023-02-15,763.1440172943005,794.262851292887,2409.667848626004,845.0287930620101,1435.4250350492096,321.4015912156221,2105.961829464272,1107.4531801088635,505.9923424240616,3181.929348066534,13.449999809265137
2023-02-16,766.3917848914007,796.1088390532639,2400.3915860402444,849.4316877601427,1449.2944372484508,323.41640413620297,2119.8710002630323,1119.5400175721072,508.0361017308311,3226.147763863208,13.15999984741211
2023-02-17,763.4347837830272,789.6004657481362,2385.728193088593,839.5129099059662,1431.8341218036317,322.828741055192,2164.8228983466624,1112.1335637259278,501.34722794923516,3193.5707139463975,13.520000457763672
2023-02-20,769.5911785634418,790.2157422072587,2382.683374941272,838.5452180868039,1439.0155950587757,325.3052846255775,2167.7107786522693,1113.1558521216361,496.0517940749912,3178.319754975871,13.710000038146973
2023-02-21,763.9680143027769,786.8550110811879,2383.573347098075,831.6748160330891,1437.8037900984118,323.96206065154666,2177.336630665474,1111.8154187780797,491.4066841580176,3166.498268391457,14.300000190734863
2023-02-22,757.8117767210191,777.1989388344294,2364.4593403317426,826.4976254250806,1413.8801358358503,323.12257986608466,2157.1224415152637,1104.181409716533,484.8570499338609,3110.6381891326687,15.920000076293945
2023-02-23,753.7881953713761,766.2648140080034,2357.2917262478927,817.1595087774535,1409.256926645148,330.7620369844762,2125.5501115158772,1088.1640768500556,486.80797308923644,3115.510972284333,16.010000228881836
2023-02-24,752.1400859666156,765.8151985685134,2352.9350842133827,818.2723409257021,1408.4939219116857,326.5645693953837,2090.9936445342164,1088.800224148405,490.05959200799634,3098.861404900383,15.140000343322754
2023-02-27,731.392730353627,756.8690457387776,2330.213991692205,830.5618889735571,1382.4606439922532,324.7176170805041,2059.806482341488,1085.8467152410444,492.1963172392588,3059.2004305919913,15.100000381469727
2023-02-28,734.0103707183447,759.8511432233867,2318.3614059966494,830.2716735321253,1368.0974041544362,322.5768918805146,2058.2666188500098,1075.55458156191,490.94217850316005,3061.004982816527,14.569999694824219
2023-03-01,730.4717452640741,763.4958287329239,2314.285319587874,836.0776930578087,1347.3154939495362,319.34481521626765,2050.2771947639208,1065.7850199744744,499.2569252659543,3058.2980952242915,14.020000457763672
2023-03-02,728.872062184627,760.1587217973406,2314.285665848075,833.9971631259353,1336.3186620674148,318.7991532971468,2068.565642766678,1068.5796069332716,501.5794802430642,3041.0617569146098,13.550000190734863
2023-03-03,742.5420835261082,766.8091474999005,2332.9305746375862,844.7868509379583,1337.3958371481567,323.5423309457619,2079.0577530372298,1087.5733043694927,524.2476855339236,3030.3229603301693,12.970000267028809
2023-03-06,752.2370015008178,776.0156100994345,2341.3166253465765,848.5124306557193,1364.8655358556944,329.50280482011914,2103.074076857729,1101.7277412564927,527.5921681185347,3072.691715860364,12.470000267028809
2023-03-08,746.4200492763146,776.039278351897,2343.7058207487166,845.4157875520425,1342.9616046452634,330.0484569017967,2107.6461919517856,1099.1831022898903,525.3623633962824,3064.6146692630373,12.850000381469727
2023-03-09,770.7545248009965,779.0923212778464,2334.851641899279,841.6902207014982,1345.0710964615623,330.42622947791915,2116.6945334517304,1098.2288726400263,525.5947416506116,3054.6879538516177,12.84000015258789
2023-03-10,755.1940129170125,763.8508293638935,2314.753409447736,818.0304202449772,1323.481619051477,327.57192650942363,2100.330474419232,1065.103318593771,515.5612486426553,3011.597148765855,13.819999694824219
2023-03-13,754.0791096354228,759.1410704335563,2331.6192469936127,827.6589226097481,1327.072529051493,328.15957264032426,2097.394985092345,1065.1034247048499,513.8890441091696,3040.97169171865,16.43000030517578
2023-03-14,753.0611346022921,749.5796717797343,2316.15881810526,807.4827317254363,1300.1862721963982,324.42376725249073,2089.7425172581875,1047.3594118740934,494.9833469032127,2981.9527675921568,16.639999389648438
2023-03-15,742.2026952536219,749.2482674050162,2304.4470141504353,816.6757037068646,1295.2487527671929,322.61891562561215,2129.6410107380625,1044.3375136051593,494.24015692362525,2942.2018705999863,16.510000228881836
2023-03-16,735.8524359036775,737.982785579755,2313.629567620044,804.4344971185735,1272.7614692311392,320.9818787200227,2105.1437245326497,1024.207844384365,491.77826045743336,2905.608815924938,17.360000610351562
2023-03-17,736.288740247365,747.4969422958127,2326.6529900073347,811.3050894882914,1295.2937893448818,323.2065353391372,2145.4753101776796,1023.2763079373278,493.8685188331115,2907.0522516200167,16.219999313354492
2023-03-20,736.6280303590794,742.2428737084866,2357.9940680831646,810.7243775203239,1274.4670058884406,318.46333984958386,2122.4699007595373,1008.7584596340857,489.2234291835881,2860.3523392948427,17.219999313354492
2023-03-21,742.6389767542296,749.0589413869266,2364.178191841623,826.8847097557864,1261.2707706940655,318.0016258127998,2143.646518040229,1033.2957451749278,486.29704805352003,2848.7110949967246,16.040000915527344
2023-03-22,739.9244480056649,750.7393591246861,2324.9663157926652,834.6746041864416,1263.2905869400715,318.0436231202378,2162.1758172858335,1041.2249475152355,489.5950462693423,2836.7541342993322,15.09000015258789
2023-03-23,742.4451138618634,752.7746385074203,2342.4410651457583,839.4162062490099,1242.3740984776875,321.31769622331774,2158.0850987748104,1031.4326586917537,484.02094550390814,2839.3255848621766,15.0600004196167
2023-03-24,743.6085519982779,744.9882947461084,2340.4261334621233,832.2069635927165,1255.8397404782686,321.5275005119195,2136.2827117040188,1022.3902814688943,478.4003453249582,2860.668276380488,15.430000305175781
2023-03-27,746.2261733335719,747.6152485739262,2347.0785320964324,828.7233228804927,1252.967208658463,322.70283599148394,2108.031230278334,1024.207782359069,477.65712933781117,2845.1011698701245,16.09000015258789
2023-03-28,742.2512024606756,749.2483258664123,2355.0431193654704,831.1425541001529,1254.9869645456447,320.9818759931685,2088.587469296307,1025.3439120336418,475.42745737224135,2842.213451587019,15.609999656677246
2023-03-29,731.877546003227,758.2890786820711,2379.685041469694,834.2391166284191,1247.7156427956638,322.3670596848559,2078.4802945916326,1020.0274303318191,481.2338357871869,2842.619966782127,15.100000381469727
2023-03-31,730.0354198664626,763.4721604711577,2406.5284274289343,852.5283457771534,1283.6684502024389,322.78673762961864,2095.469561518221,1064.8536804760474,487.64414364678476,2899.472204338833,13.630000114440918
2023-04-03,738.6640886839983,764.7737089080421,2407.9807854664277,858.4311947113953,1288.2018554237902,322.3670265271102,2101.7744934881957,1067.3754434349298,490.98858297861295,2910.2557859956287,13.489999771118164
2023-04-05,744.577972900535,783.8493755314626,2425.361645934174,859.060125305607,1281.469095430332,324.9275006639533,2177.8175750215405,1066.9210129823457,490.1524498611261,2945.8114118907883,12.8100004196167
2023-04-06,745.256708493733,790.0974787885557,2422.0356764615412,861.3342118450829,1282.277077411361,327.65584858262633,2205.8768234675936,1069.647537063385,495.81955202867067,2939.494687765259,12.569999694824219
2023-04-10,752.6248886694224,790.9493992060369,2406.997175193752,854.2701319147354,1287.3040276790762,327.4039891947738,2233.0691572280252,1068.0116029231133,492.75372975815685,2952.7145035874473,12.5600004196167
2023-04-11,752.3340224606845,790.1921047569881,2393.926731843661,856.9796090013051,1286.7207886297933,334.2039571512757,2242.7914401528215,1063.7402807994256,497.6775853530546,2953.572085045166,12.270000457763672
2023-04-12,750.9282308806487,799.0908536154229,2394.863546824328,863.1728184534817,1285.059979527605,333.952064796574,2226.1389082631927,1075.9179854968688,496.0982213024708,2942.7431464979895,12.399999618530273
2023-04-13,747.6319787193585,803.2799446098875,2400.8135921916587,872.51097656716,1266.701780039936,332.9446661195255,2209.1014668433522,1075.0092249147228,496.33052125362167,2914.813409301973,12.510000228881836
2023-04-17,764.9376067502559,814.1430655398879,2416.4138958617837,887.6551614909503,1132.136430654267,337.47794801298824,2188.694622006197,1101.8866740573628,506.31742000579834,2854.7120118386847,13.270000457763672
2023-04-18,741.66947842115,793.9077891209577,2398.6117482459163,878.6074008266793,1140.0361230223534,337.478010555,2146.5343498552847,1080.098395721067,509.56905001405534,2848.8012689229336,12.529999732971191
2023-04-19,743.4629974042156,790.618079244519,2387.3682119969135,867.9145237068399,1126.0321873055573,336.93231935583754,2151.346942115708,1071.419389949788,508.6400567933102,2833.595598009388,12.470000267028809
2023-04-20,750.1526778888742,794.002423833816,2372.751176207683,870.236909372004,1111.2200368576048,338.0236894439417,2167.1811893422237,1071.9193532094926,506.73560149221805,2809.2308477430793,12.399999618530273
2023-04-21,751.6068926413793,793.7658385477291,2351.2952956149684,871.5916867731976,1107.0905288861618,343.35445659053994,2159.047864656687,1072.828080314349,507.61814037349563,2855.659464544931,12.039999961853027
2023-04-24,743.9962981204891,800.6291836512714,2346.9849079181486,877.204247716317,1104.1731371660935,344.1939254982375,2149.1329156327533,1081.8706418346944,516.1186670908221,2870.5497889454005,12.210000038146973
2023-04-25,753.3034322678013,798.8541289397548,2342.159796485265,886.3972051250955,1109.110341734084,347.1741567634121,2169.6356148283107,1081.7343994033272,527.5920607872357,2879.7999791206994,11.8100004196167
2023-04-26,756.1150586219763,792.8427866144116,2359.2592325517194,887.3165908272587,1106.8660626545704,346.712431677691,2201.6895991671618,1084.2336751201349,526.7559871788986,2895.3210839802464,11.899999618530273
2023-04-27,765.1314627967837,797.6945520840111,2363.0071620979274,890.1712198822554,1120.151979209523,350.40628598350224,2223.5399076086187,1083.2792397187284,527.1276439453,2887.018668292053,12.020000457763672
2023-04-28,777.5895942208425,800.4161877634709,2312.2242864405675,890.7033957534178,1130.2064609226888,359.51479684583404,2280.33148658352,1101.409681900637,539.251328071495,2912.3319012830834,11.539999961853027
2023-05-02,782.1946713405041,804.2030301147045,2321.7809467940324,895.880486047962,1148.833678512012,358.46537740037974,2325.9095383563103,1111.361030519598,539.6228619911891,2919.325382723846,12.0600004196167
2023-05-03,770.2697757864532,802.7829645894082,2333.0241972231997,893.9935615226354,1142.3255163545746,359.7246796272577,2300.5457889291765,1110.997299985596,534.188109923621,2902.1789705386695,12.25
2023-05-04,768.5247297588819,820.9828021558743,2351.154442768909,894.0419995218396,1145.2877729850925,358.4654275329511,2292.5082138450057,1114.564299341236,539.5765200104115,2909.8049697680735,12.029999732971191
2023-05-05,766.8280757542876,786.1924141095578,2361.132867171099,911.9924266199449,1148.1604275980321,362.57891697982274,2316.861107525314,1118.4266754436653,546.4976833637962,2927.447040179334,12.380000114440918
2023-05-08,771.0454418746505,781.174974723999,2367.5512073785035,911.2667206595511,1140.3503667127331,363.88017710294014,2295.7327036774263,1128.5599594768491,545.8937644708997,2937.2388455625774,12.90999984741211
2023-05-09,774.0023540098479,783.8494045017483,2365.8177172648216,914.4599868314564,1141.8765286648618,363.62829937621586,2311.9998518002685,1129.9913407668835,544.8254742233607,2976.177867775832,12.819999694824219
2023-05-10,773.2267147019097,783.210394506021,2375.187465783101,910.5892345341686,1145.8264050289897,357.9197638931349,2299.5349036442017,1135.9210031175069,534.188228172492,2983.848165339088,13.300000190734863
2023-05-11,770.3182960850698,798.9962689250709,2435.1527615560435,916.3953237660901,1145.377687946898,358.80123542986723,2227.438520751099,1140.3058651251242,538.8333190533032,2986.7359537053417,13.739999771118164
2023-05-12,769.494175827297,791.8015094745331,2473.5679915007713,917.3630436179886,1127.513214317715,354.8555835326713,2151.347178373787,1130.2637323324755,539.5299996252273,2968.9584613481547,13.510000228881836
2023-05-15,778.0258051866215,795.5645014526352,2502.3796674441996,918.3306981247315,1139.0938447715528,359.89258823167586,2175.411382123715,1138.056589765274,542.5493751212783,2970.7630356526083,13.619999885559082
2023-05-16,776.8140011792301,800.4030139627808,2509.547228062521,921.4273357760685,1143.6270896069495,360.98391120139394,2170.5983977613428,1135.8074445597895,548.495123972205,2964.446346309158,13.489999771118164
2023-05-17,773.3237776856066,789.9658192684319,2505.424752681213,917.7501894111974,1131.9567575948706,360.10243011105604,2160.010084164496,1120.0852459817609,548.5880035777866,2959.9340659758723,13.579999923706055
2023-05-18,778.5105708755359,791.8569644245696,2500.9275181261632,921.4756734760364,1130.7896574955093,363.04071401212815,2149.951288768395,1116.4502407386783,551.7467082714093,2913.865728945654,13.109999656677246
2023-05-19,783.6974410251768,789.9659171894996,2482.000833874107,925.1044837080005,1143.0437820321574,355.19142026703014,2116.7427326421284,1111.4291017814717,544.6396455981572,2918.8744219476494,12.819999694824219
2023-05-22,779.480022926719,791.354287626984,2488.0444097797963,923.4110092338516,1163.0623271928262,357.41607522050305,2138.833778196611,1120.5397737195674,539.1119961242575,2985.6079108748772,12.819999694824219
2023-05-23,784.2791119539954,789.774310031499,2482.7503013483833,927.8623846317511,1179.714700851119,361.99131836291735,2145.1865458594143,1121.448639556367,542.2706842826218,3003.204968703597,13.079999923706055
2023-05-24,778.413665529164,782.6647175463944,2471.694332141238,923.0239727062751,1171.5007993107326,364.9715518454359,2125.838929077154,1119.630957590089,543.7106719449978,2993.5042301988665,13.4399995803833
2023-05-25,800.3243364531965,775.6268094273125,2460.590920510954,911.169823779576,1173.2960455245018,371.43562871411757,2124.683932024683,1112.8149786046417,541.5274783578868,2983.3974258008197,13.130000114440918
2023-05-26,804.0569324615277,775.1241337865805,2489.2150323160236,921.6692134262162,1188.0633345112276,373.3664913098744,2137.6304651564346,1140.0787982471202,546.0331997139054,3012.8608403328844,12.859999656677246
2023-05-29,804.1055106873109,785.6569622323185,2510.6250063809107,926.6528543001206,1196.3670853553535,379.2849650000539,2157.892687311313,1149.6210865747194,554.0692092621026,3042.9565276981425,12.489999771118164
2023-05-30,801.1484145814883,786.4469304713781,2496.9919528391506,921.5240914294349,1190.7114241239608,387.5038534045596,2153.2720561139126,1153.1198717474913,553.2331657818045,3002.3028107703726,12.380000114440918
2023-05-31,861.6455019123487,782.7603843834687,2511.046179007778,921.23376268112,1194.9305782104627,387.97598863487576,2140.758737714379,1140.4650896335454,553.8501481082919,3002.9794392550057,12.470000267028809
2023-06-01,812.3947332429354,775.5549758597977,2559.0652520569474,923.4110568080118,1193.4944735314186,383.6841793386211,2138.833505010257,1129.1279320638168,555.3654814653645,3014.0793283694343,11.970000267028809
2023-06-02,813.7035481748123,773.1132562550899,2565.577451272608,914.121296105405,1194.4338775054596,381.881637964553,2153.5608895241453,1128.1962696801756,557.7332100831975,3010.379250409834,11.739999771118164
2023-06-05,815.6909959562494,773.9271040751352,2550.3988316606133,921.0402887454009,1191.2951754512299,383.5554530940748,2187.7322058298328,1128.6053121788445,558.5855439997637,3002.3485669644892,11.34000015258789
2023-06-06,812.6855415741426,770.7433894299307,2537.187202681926,917.1694273442739,1172.326397297681,380.7657779886173,2195.336768885604,1130.4000307352399,557.7331994819402,2967.920753448757,11.619999885559082
2023-06-07,821.6534469012576,772.0361181070452,2555.08354396702,915.2825567585027,1177.2392682391398,382.5254037767352,2231.2404127753184,1135.989176828128,559.3431448615423,2958.8965182829807,11.539999961853027
2023-06-08,823.4955085281051,778.4753830300483,2549.9770588783986,919.7823157683889,1175.4196213460507,382.61126980001274,2257.2777798904945,1143.6457515710592,562.515947212822,2950.9097424591514,11.569999694824219
2023-06-09,814.1882375905623,774.8846894448892,2519.4320815390515,913.4922807980292,1166.7769126021076,381.7099867726844,2280.1872888718226,1139.8743850627466,557.9225556560352,2932.86195674756,11.300000190734863
2023-06-12,817.387587123893,773.5920917430839,2489.49635841686,913.0085062510576,1178.7858962557063,378.491179481239,2281.2939667283467,1131.0818000837537,550.7247786585704,2936.832106886092,11.800000190734863
2023-06-13,818.2602038479911,770.3364055694209,2526.9747315036943,915.6695783292494,1188.611368241848,383.1691806856377,2269.646831666449,1146.6446141516476,550.6300950913596,2946.3975912591977,11.25
2023-06-14,808.5167227582613,771.7726587801916,2531.753157191345,916.3469933389074,1188.7933592845616,384.3279634120257,2271.6684899938164,1160.9809175855808,547.9308954655977,2938.141225924814,11.369999885559082
2023-06-15,808.3712381721482,768.8761438484094,2546.1822321862073,912.4762467370247,1177.1938369363772,385.1862780951758,2280.812715463428,1164.4118693848873,546.1788035949786,2952.3559488348933,11.369999885559082
2023-06-16,814.3822463312792,770.4321412189463,2552.272417668782,907.4442943791796,1184.0626298234502,391.0660503441356,2290.919761722551,1173.4313981302719,544.284635958382,2908.6713974620043,11.079999923706055
2023-06-19,814.3821361530202,772.8499412572538,2561.215681534716,903.7671217485372,1182.2429795419966,391.32356354688983,2329.326518125492,1174.1584519189826,542.4378829249408,2922.7629614182097,11.5
2023-06-20,808.2743424765482,771.2939713592292,2531.932488012985,898.541658614634,1187.2467436756685,390.3793606443439,2300.2085475777,1165.070488566,539.3125272688809,2938.7642612974137,11.4399995803833
2023-06-21,815.1092270315759,783.8615717803077,2556.917961609869,898.3964159041491,1186.1551000366512,389.8643540714859,2321.722031141555,1167.7286388194623,539.3598387145792,2965.0378350347974,11.430000305175781
2023-06-22,817.7754654310934,793.5806322468177,2529.6656181838885,905.3154308434969,1173.0542504034897,385.95881413204916,2333.2729161277807,1169.2962804989265,538.8863545906687,2970.7200582622286,11.710000038146973
2023-06-23,836.4383926918325,794.7056754911911,2513.1820507253838,901.7834033389462,1163.9112226889422,384.2421523784055,2336.1605529937533,1151.1659695700039,532.3514842571589,2954.127877366656,11.84000015258789
2023-06-26,831.2029906877177,790.3249060654587,2526.076429642548,901.6865682253899,1159.044063025893,387.4609460620195,2313.877196536471,1142.9870354453747,528.9420586746129,2921.8537828251756,11.930000305175781
2023-06-27,844.7760716147837,800.9296461673263,2514.17444143718,909.5732084032469,1166.322063496411,383.8558602828028,2307.235492714248,1140.3058517527372,537.8918960196315,2917.9902315635795,11.420000076293945
2023-06-28,846.957426793673,804.2810337444777,2538.7343195838625,913.4923004032572,1179.6955262002027,386.7742665852522,2341.839999678629,1153.1881169201986,543.6217133483505,2937.354949548723,11.539999961853027
2023-06-30,856.0708256467817,818.1173515857972,2537.1285908019063,911.7504796986727,1218.0877385740087,387.93304013384915,2390.545949926493,1161.7307784588775,543.621753554977,3009.2215416572035,11.220000267028809
2023-07-03,857.1856471986349,841.4333500761821,2555.972894531802,915.1857683245181,1224.547242045568,399.94995536276974,2399.1129600034983,1191.425580555085,555.3180931535118,3017.221826572155,12.029999732971191
2023-07-04,847.1514213820046,836.406303333363,2556.7758624141525,920.5563586664051,1224.5470838930623,401.7096119255575,2391.412340475068,1192.7887391966194,564.4100581652275,3013.767332814385,11.989999771118164
2023-07-05,844.4367338737677,823.4795589682101,2606.5567943547785,933.571712979693,1235.4189169481579,412.5678138010311,2391.9418249190912,1185.5183304828597,562.279110336461,3026.4947634355667,12.210000038146973
2023-07-06,851.1263258522197,808.0872054143094,2611.846603965153,932.7492247541551,1225.8663271465525,409.7781693460262,2406.3801215924436,1201.626743759331,562.0896542062237,3025.9946921480014,12.210000038146973
2023-07-07,856.6524883571523,801.9350577712964,2616.2395062641617,924.1851766406033,1224.365315371182,408.147293213273,2410.27874860778,1210.9419594439871,563.9838550386189,3051.859040614156,12.069999694824219
2023-07-10,862.4694463862603,802.772891445225,2561.1687332755905,922.1046933935976,1220.817188493727,404.1988623491033,2371.150297157145,1252.3144236363512,568.0562027677943,3022.6312796193856,12.010000228881836
2023-07-11,865.911280118427,802.4137915457645,2566.2693379928464,921.9111607222271,1229.0051076173486,407.3318276357208,2386.214548158564,1258.6759714064597,564.4099973918707,2995.58452074979,11.460000038146973
2023-07-12,868.3834163283259,797.7698512050471,2555.1229821645047,920.411190062834,1229.9148189122855,410.0785810019085,2392.904164526003,1273.2166423107678,563.0367861502142,2990.266136197233,11.199999809265137
2023-07-13,866.0566236464394,793.5326659534852,2538.5924762454397,928.2494701654196,1252.5679302987028,409.22025219887996,2391.8936937075823,1271.8535100977601,566.3515806192413,3061.4513705800982,11.170000076293945
2023-07-14,863.0996850234806,791.6894727017868,2537.6950582794675,933.8136610419978,1300.9676843031073,407.7181346145263,2384.33743053691,1254.5410670168455,560.0061040903931,3204.548209497131,10.9399995803833
2023-07-17,869.3044482735935,805.2864126924621,2553.470006059391,942.3292614154661,1327.3054684043354,408.4047668496178,2400.653238339215,1279.1466167196916,570.9448589210546,3227.3217423976093,11.399999618530273
2023-07-18,853.356174809803,815.8192884919896,2551.4866074454953,956.0219345303666,1344.5909722136412,407.0314124077616,2396.75440792222,1289.3249082218795,572.0813521283934,3203.775329331685,12.020000457763672
2023-07-19,850.2537882802407,808.5180195878992,2547.518811662444,948.3289095463948,1363.559740717556,412.3961802001201,2409.268038601709,1297.7540895736324,570.5186914159763,3197.275622406531,11.9399995803833
2023-07-20,859.6579952554796,810.0740597242783,2565.8442969854914,965.8923814574687,1338.2682570700565,423.76935650857695,2402.2893442913596,1295.224991076979,578.4740399478636,3170.997743413203,12.260000228881836
2023-07-21,864.6993981280341,809.0208308967337,2528.107279975843,969.0856790406557,1228.186155763225,427.2027452802702,2497.8724497983626,1287.3235564344566,586.7136669141413,3130.892412746542,12.029999732971191
2023-07-24,865.3780210889284,806.555161158962,2461.606510252722,976.1013496022506,1228.0953149237007,428.9194404210098,2539.263225435719,1238.1179088392782,588.9866825360349,3111.3405552900845,12.0
2023-07-25,867.4139805723717,813.4254812031791,2443.3281400669334,966.714856111477,1221.681363730559,402.13879980516936,2519.77110230607,1233.3179681079685,588.8919257906668,3105.2792181395616,11.649999618530273
2023-07-26,869.1590795453999,813.7126998116902,2454.852882981225,965.5052288743298,1228.186147433356,406.0014116761696,2573.7714080335286,1253.8961800235134,583.7303782733334,3118.0861839499244,10.859999656677246
2023-07-27,873.90967204455,815.3405671200665,2439.927878172612,973.9723986110673,1240.7410487249037,407.8468552185177,2576.178238546102,1249.2931304965796,588.3710693551636,3109.699914070163,10.979999542236328
2023-07-28,872.455417654135,799.0145802289601,2450.0825436342548,966.4245774762064,1240.7865080925476,402.95424541008026,2568.2847905795434,1251.85305275367,587.0925671630472,3093.338502704607,10.8100004196167
2023-07-31,870.4194109108225,793.2214872008873,2439.833510008297,967.1020229284449,1235.0094521881804,403.16882205833537,2589.3168706369315,1257.2929457124803,588.1342973187537,3123.37205037006,11.1899995803833
2023-08-01,870.0316712921554,798.3203767107598,2431.237771365776,971.2628873831062,1245.471809643269,402.4392309902516,2588.354630372737,1259.803857697837,587.9921910123245,3153.770750326194,10.699999809265137
2023-08-02,863.4874332202007,790.6839803679983,2430.9069957648285,961.9732162053438,1248.1555587567932,398.96290470782736,2574.921239486123,1236.665614699006,578.189965532909,3141.374393886134,11.8100004196167
2023-08-03,855.1497455930452,790.6122554650307,2419.1933453998568,951.2319455477858,1243.2430221271263,398.0616092694034,2572.7795013737314,1231.201012494138,569.0506892838814,3129.388702064706,11.960000038146973
2023-08-04,865.7173520926486,793.0778262359121,2417.2099494932445,944.458179377576,1260.8469392172133,396.0444804861132,2565.234757544344,1238.6348041373592,567.0144336055272,3163.7973343932103,11.1899995803833
2023-08-07,873.0855124670898,796.2376491558498,2431.4260196021396,949.7803647470605,1269.1259318705693,391.8814903834742,2583.7314667907053,1244.7393951840495,546.46297490863,3179.292741496562,11.420000076293945
2023-08-08,867.0261202143333,792.6469794990385,2442.0056032742345,954.7155422765243,1267.8067215289614,392.26772486350313,2579.3505492422155,1247.7178038434138,543.858447740975,3181.070146163837,11.529999732971191
2023-08-09,870.0801112971183,792.1202688416507,2426.6557129388793,951.5493559556502,1270.0356842052277,394.75696314088793,2584.7051488294674,1245.034716513302,544.5687939346745,3160.1507966916743,11.770000457763672
2023-08-10,856.943358638016,792.0005503088863,2410.0778595355646,949.9395549383418,1269.853688398212,394.2419637588224,2591.13039292684,1255.3731247892663,547.0311264796395,3158.237218937404,11.90999984741211
2023-08-11,850.9453655365079,784.4122069559019,2396.1448618938593,940.0367308535622,1270.8087636526227,389.606864474708,2586.554829509913,1259.7298913109014,548.3571516956642,3159.8320536556635,11.869999885559082
2023-08-14,847.9260376390342,773.2090275802822,2399.309220170674,939.4513172807983,1269.1257591782453,387.3321893597199,2593.028845561023,1271.274485095857,542.6745786718476,3149.213394617888,12.760000228881836
2023-08-16,851.2375294234035,770.6475703412267,2413.525918386328,936.4267792630915,1291.8243675275844,392.6110577135574,2623.645907508985,1271.5207081344915,536.4239806444865,3159.2399472355787,12.680000305175781
2023-08-17,837.4559870517966,770.7673797609358,2418.8157621774308,934.4754791838435,1291.8699868845008,386.25929752997376,2619.8008686578014,1269.2068594315797,542.8167661745958,3154.5004640383327,12.670000076293945
2023-08-18,839.5500146840784,764.2560581283789,2425.522607197301,931.7436780317744,1281.5895150593437,380.5512183960282,2603.883384455664,1268.960755625946,544.805583030874,3108.1962872876197,12.489999771118164
2023-08-21,851.2375035777961,766.2668661889733,2432.276481141719,935.938913861277,1280.04300828704,384.97172881651846,2595.998106290907,1262.5000997685252,545.0896402898765,3107.968154886351,12.59000015258789
2023-08-22,857.032506114537,765.0700350577124,2432.3712759587333,933.6462413283504,1279.1786914005518,390.6797579257352,2614.5434938821304,1253.8544488619668,544.0478953051733,3109.1077405028673,12.09000015258789
2023-08-23,854.1594037305159,761.5031037600577,2440.400151982646,944.4759040942181,1288.7766155616553,391.1089317665518,2653.8252078600053,1256.275409297995,547.362704587704,3100.9039438382806,11.890000343322754
2023-08-24,851.9192991175547,764.2081843881693,2448.1933087261655,958.4764176235524,1296.4643712635414,389.26348074873505,2693.5450664633477,1254.8177179260883,551.1982497366639,3110.9763829614676,12.239999771118164
2023-08-25,853.136753358723,755.2551841186172,2437.755146132379,948.914993168299,1294.1445242124462,387.1176166624597,2611.6718225389873,1237.5757146480018,544.8529061378787,3086.1376132448922,12.239999771118164
2023-08-28,852.9419421775066,757.7209098998453,2425.758887795519,951.2566227280197,1296.236871016697,383.55544513098135,2628.5136058790486,1227.2008731617648,544.3794029745524,3093.6121942799687,12.720000267028809
2023-08-29,847.341722003566,762.5085750919843,2417.1627886442957,953.451882317281,1295.8729869417455,381.1091172355908,2650.0286559730175,1212.107851949824,545.8000299325134,3089.555955621917,12.460000038146973
2023-08-30,840.134368086054,767.918583020737,2395.5310390153495,952.134718775511,1307.0176054605395,381.10911620167593,2665.166746252531,1206.9451032694478,547.1259055366658,3106.464539813538,12.239999771118164
2023-08-31,837.1151871058175,757.9602535082042,2399.120608815014,942.6709933996395,1314.5232740786394,381.8816333842939,2652.4626446280013,1198.0523052778192,540.1175174300328,3114.941268101216,12.279999732971191
2023-09-01,844.9554614831179,755.9733951516992,2375.221997637154,949.3540905448681,1315.524015813637,381.967505174474,2644.0415095552244,1198.3734766692594,540.9699253809107,3089.054760630272,12.180000305175781
2023-09-04,846.8061015514718,761.9340622690505,2374.7498359805163,945.4515209412026,1337.3581512700403,380.5512188793833,2669.4016072162817,1197.3853714174265,545.8473099953048,3129.023882322115,11.539999961853027
2023-09-05,845.1989302762921,760.4738554447009,2383.676327958066,946.3783955216684,1346.5014550487228,381.5383368383768,2666.4809293021726,1202.4741047382813,547.6467712562122,3141.921529082659,11.09000015258789
2023-09-06,859.4187562534942,766.0274992165465,2386.179466974246,945.8906360915063,1349.094408496813,384.9716905994724,2670.1805822546785,1203.5608392350891,543.8585428142632,3139.0958842003674,10.979999542236328
2023-09-07,860.6848545438502,772.7302352523851,2382.164777985807,945.8905586551218,1340.4515159698167,385.4009295313947,2780.334551006688,1204.5985062247828,550.251228951145,3153.771005173287,11.029999732971191
2023-09-08,867.4539058271677,781.7789400663747,2381.409213881592,951.2566227280197,1341.679587415461,384.4567302500349,2851.158469535917,1213.3677136631895,557.3543172604112,3158.3283161992513,10.970000267028809
2023-09-11,869.0609095567643,783.5025629490954,2398.2702140730084,958.086108329806,1344.6820353527714,384.6283968936341,2848.5298734006583,1223.6686019045655,560.9532323744613,3177.1963534783295,11.5
2023-09-12,873.15149560806,786.5666339228394,2407.8113166309895,970.9159365012332,1368.2905701230975,389.9501739098533,2929.332713963656,1226.7068128830886,562.7999298928183,3272.173860566186,12.020000457763672
2023-09-13,894.0916077546093,790.7318942113928,2370.026895256559,970.6231764033528,1369.2002453382354,392.26773215076497,2865.7611980601864,1216.653058753229,566.3515624928049,3271.217313334427,12.050000190734863
2023-09-14,896.6238483155203,789.965885847133,2374.749813170141,968.720780666579,1376.0690305788348,391.3235667416479,2854.0304651511588,1218.2093412827492,571.749909391221,3279.2834969091505,12.039999961853027
2023-09-15,923.9920566447039,799.5411989049336,2352.079195989755,973.2086867580126,1381.3911761511094,388.06178283660665,2857.242919048324,1219.2962186489121,568.9086597168509,3288.0796357921176,11.319999694824219
2023-09-18,911.4279415620655,792.3597154342939,2354.865580279929,971.989144239288,1369.1092169496771,389.6926812927718,2852.4241381853367,1210.8974446523887,576.2011950737599,3298.9721261758623,11.40999984741211
2023-09-20,895.3576867872904,765.548760092835,2342.6329558606117,971.7452382810216,1360.193478454991,390.63682807513425,2866.9782276364963,1199.3370070481767,574.6858214384503,3304.167551602088,11.470000267028809
2023-09-21,896.1856227695049,751.161749541656,2345.4669580277728,958.574006734418,1368.790801746706,389.30643178942125,2828.183453957495,1180.8103271156433,574.4963977678915,3285.937352425598,11.390000343322754
2023-09-22,898.3282837190831,748.9834124885792,2352.0791179092685,937.4999833370895,1370.9742270619945,384.88591866135266,2858.7034616693154,1177.0308632017375,570.1398111649995,3312.1428582437647,11.069999694824219
2023-09-25,889.562697868085,737.636571986799,2361.2419484979387,937.7927187843896,1355.4170944618959,381.79581406526216,2846.3884446606567,1166.2853600891797,569.6662630363052,3299.6101189147753,11.3100004196167
2023-09-26,896.9647016373239,737.3014216965777,2351.134245584821,935.5975588716747,1346.3650768655104,381.53836303556363,2866.0533029668127,1161.0979239595738,563.5103001956123,3276.7770270409974,11.289999961853027
2023-09-27,897.0621729399994,733.7106613351264,2366.059329468946,923.4506492144903,1336.994401796738,386.08758431524456,2915.6059254754955,1171.769464855697,562.8473317978076,3294.141066523065,11.819999694824219
2023-09-28,907.7269549679048,736.1523727643475,2362.469344865451,924.1824161569504,1339.7237598799838,386.21632194812275,2969.7338597091725,1177.3026603074284,563.6997500083563,3283.9320321574332,13.020000457763672
2023-09-29,912.0123867703094,735.1230435502242,2335.831908335393,932.7193094608657,1316.251854791077,382.48249545401796,2977.375983108908,1170.435518964013,568.2456473637309,3252.622235715334,12.819999694824219
2023-10-03,904.0746591467149,731.0774976675469,2360.580560377366,928.4264812897243,1307.3359921507258,380.1649567483239,2995.9700991643276,1153.885049186791,572.8863607525196,3221.40351413728,12.40999984741211
2023-10-04,901.8345089495174,734.9075975129915,2371.963135754009,912.7185376578814,1319.1172584733133,379.13491438660606,2982.973860792751,1145.683994991749,568.6719439730779,3233.982467007632,12.220000267028809
2023-10-05,905.3894635737631,742.8312687313597,2384.9513900330817,920.9627764089626,1342.4985228636597,378.1048616803135,3032.4284130436918,1150.8219332922222,562.8946784824502,3303.2560467713934,11.65999984741211
2023-10-06,904.999869749464,739.6953585670591,2380.4173111084674,923.4994738438675,1350.5498894209854,380.7657428748817,3032.477416423008,1148.5493304183171,567.2512571455039,3313.2367809094894,10.9399995803833
2023-10-09,903.8798543022572,732.513835306317,2377.110900145193,919.1091002211714,1356.46333522133,380.42247918035736,3003.3203093766056,1142.200971985465,557.8278363093581,3353.388098061812,11.630000114440918
2023-10-10,929.2026839810675,732.035052316478,2381.220211590912,934.1828244813858,1361.9219392552532,381.8387193035575,3016.9496365511213,1145.1404226117538,563.5103285736951,3325.13180122624,11.399999618530273
2023-10-11,931.8810393003275,738.3308039789869,2421.932877349777,938.6220138894535,1381.254574348816,385.78718636616406,3027.6584639620464,1160.8509589721596,565.404388970993,3326.9545791162677,11.319999694824219
2023-10-12,931.8810266931243,743.046695154072,2425.33360216398,936.7194790060307,1368.6545111001026,388.40511240272207,3022.839396626756,1165.618452848462,561.6161877464566,3271.0344082830998,11.119999885559082
2023-10-13,931.0532388974809,741.5146589381054,2433.976841314084,934.0852152583844,1308.2458018313064,387.8042723805197,3016.9498555590903,1164.7045645712087,550.5353050008061,3260.4154159090654,11.029999732971191
2023-10-16,933.7802231389371,734.6443359841811,2438.983405824161,931.5973217061672,1313.340423053773,387.1176509882875,3030.8222928086698,1163.2471357038708,548.1203613972401,3258.27333816753,11.149999618530273
2023-10-17,935.2412572653051,744.8420626176685,2427.647637676827,937.548776352585,1322.2108011891066,390.12186771668456,3031.747164139594,1165.791359182136,549.2567828738186,3221.3581049971613,11.069999694824219
2023-10-18,933.9264168063335,737.8760401745988,2428.828816368502,927.4996944851433,1322.8021260257406,393.29772738412527,2997.624903426309,1169.397866963109,548.593880385168,3210.9215657245095,11.170000076293945
2023-10-19,926.5242315827433,730.7184423716426,2412.911796263609,921.9872058702285,1309.746935628435,390.4652027817204,2988.620134031784,1147.0672825471008,543.6217113329951,3177.3299169246034,11.210000038146973
2023-10-20,922.8232777505742,731.0774490736428,2402.663115815191,917.1090308081781,1308.7004598516323,385.40087713097085,2975.3315863138614,1143.559402581249,539.8334328727063,3198.028165823499,11.09000015258789
2023-10-23,924.3816098768477,731.9152933638753,2370.924100278848,921.7920573857958,1303.1056377818345,377.632800630929,2927.2879568855783,1139.3847504014805,536.0451237387181,3179.2486146541296,11.359999656677246
2023-10-25,915.1777124543269,729.066698092264,2352.079021024989,911.0599331166206,1292.5104566531788,375.9590081702813,2886.9840576453494,1127.0090643806484,531.1202598029354,3129.9463572629693,12.180000305175781
2023-10-26,900.5196491569232,714.3207220983548,2352.0792118252243,894.2788138653154,1266.2004921783227,374.75732402155757,2838.9408118887986,1115.5473150342816,523.6384316419934,3083.065403130757,12.699999809265137
2023-10-27,894.481170507782,707.6179375015631,2356.8022349334974,895.7911052641983,1276.3373223697179,374.92898237526947,2833.4892372053214,1123.204979852311,532.7303118530344,3072.3735099895516,12.3100004196167
2023-10-30,907.6782698518512,713.3391600901615,2353.9682338455405,903.7425802279794,1272.0521334622172,375.2294039584859,2854.3714074282952,1148.6481841216216,536.7080286776119,3091.427414880595,12.1899995803833
2023-10-31,899.4969882503947,720.0658162779376,2353.968257394198,908.3281162337183,1272.7894712580314,371.9676794741852,2873.403547959465,1150.1303563093797,539.3597973164387,3106.1860427295915,12.289999961853027
2023-11-01,890.7314230066676,707.3546006535829,2355.8102483452603,895.2544314664859,1269.379603358429,370.03638462181203,2904.166724753426,1144.942993469817,539.5019476582157,3081.146329295186,12.199999809265137
2023-11-02,901.8345889155006,713.6025192857455,2375.0390158662935,902.279109409575,1268.3199791238953,371.4097100435163,2860.06644686139,1148.302354744411,544.9949441545303,3085.122132161333,12.050000190734863
2023-11-03,909.3826422640074,714.0334304636632,2390.7394714750735,911.7429019177837,1282.788209750896,372.86895038950234,2869.9963712450462,1153.5638066087804,548.830592584147,3096.0420483703,11.079999923706055
2023-11-06,916.2004359768644,717.1932021415764,2395.7347403549593,924.6702476712292,1296.8417109189295,374.9289815402163,2900.12695493222,1156.0587394619763,551.6718800975543,3100.063241613325,11.279999732971191
2023-11-07,914.4959677394264,715.2781873463503,2383.7929986816816,927.3044657799691,1295.5976155760281,373.2981300796239,2904.60513180553,1155.614167696399,550.4406547530965,3110.892257060667,12.180000305175781
2023-11-08,917.2717373331833,715.014835514477,2402.633910306342,925.3532028172963,1294.7683051059266,375.52986326989816,2923.2479923141473,1156.552866758098,551.766520334941,3108.8822585891467,11.329999923706055
2023-11-09,912.8889039206678,714.607926311971,2399.77878928841,919.4017378393365,1287.8566074771882,375.959028972627,2948.5111071367464,1154.0331752710283,551.0562215235307,3099.3324172908847,11.25
2023-11-10,912.5967371668936,716.2356900692465,2367.997818715793,918.523735295646,1265.4171487849635,375.9589835916255,2963.405808281134,1144.3747829309668,550.251302855708,3059.076899811592,11.359999656677246
2023-11-13,915.8107583027553,716.2117126727126,2366.6654209997896,917.987093425993,1273.9874114709824,376.3023082293606,2973.481584474222,1148.4505538682092,551.6718633429775,3066.890289328859,11.630000114440918
2023-11-15,927.8878717395428,723.3932753387419,2381.7473002380734,921.4018143138666,1303.062071087934,379.8216112907805,2989.7398588788587,1166.9030232858888,556.8807718384401,3118.9797720354964,11.420000076293945
2023-11-16,929.056629417445,727.2473809327844,2384.363983366674,923.1579795407855,1339.3708365003445,381.5383405568395,3000.4972008221303,1172.9302438744137,556.8808120676829,3225.307120972767,11.8100004196167
2023-11-17,929.1539958956386,721.7415211781168,2410.721694174483,915.5479593765705,1337.1591147047359,378.96325326454786,3032.963994017576,1172.48561138748,544.0952543037619,3220.874622639635,12.09000015258789
2023-11-20,939.1857648756039,724.3747884733571,2411.6731097766415,904.1816639914177,1338.0808269307881,377.93322905786397,3029.556751901108,1165.1490860409533,536.8027552939175,3229.4648915192706,12.670000076293945
2023-11-21,950.9218823173476,728.6836593929769,2395.021638251079,905.4500106431253,1336.2376835381015,377.07485632698126,3016.9494633646555,1179.7728099438689,536.6607295090693,3234.171387970376,12.4399995803833
2023-11-22,950.8731739427525,727.7260937743376,2401.9198009778015,902.6694018743736,1344.4853438157159,378.01903102448927,3006.873626897974,1182.9593458443583,534.6244861641455,3228.322229815577,12.710000038146973
2023-11-23,955.4508572794164,729.5693319457266,2405.250183815159,902.8156978051427,1352.733312304696,379.6069951974984,3006.240781108943,1185.701217125861,533.6774164258742,3238.69465500962,12.140000343322754
2023-11-24,951.7011218214473,734.0219550188177,2397.68551736679,907.7427987453354,1338.6797545299087,379.6069979208294,2985.796947660662,1186.985763362465,532.6829863733514,3202.6432821116277,11.470000267028809
2023-11-28,962.2685073350635,735.9848789111071,2409.05634834171,908.3768694964551,1331.6299704076575,376.8173370021395,2978.1547164527706,1185.553018040048,535.2874555553268,3181.350399374295,12.489999771118164
2023-11-29,980.8710060149546,748.3131517440087,2406.1065498709017,918.1821607285481,1346.0981477081089,376.38820854179903,3008.090590921935,1191.605094048659,538.8863609283957,3214.934167389274,14.460000038146973
2023-11-30,991.6819782112029,752.8374324125391,2430.7037182782874,917.9382936587217,1346.0521303013406,376.34525715789107,3041.8230761951563,1186.0471507278282,540.0228437781268,3213.7013059022847,13.350000381469727
2023-12-01,995.9186628925186,749.6297896841719,2456.8235929635157,928.8167345798552,1345.3608832594507,387.074699876353,3113.2796210856454,1183.922792325671,543.8111317981642,3213.9748124979737,12.760000228881836
2023-12-04,1016.8099713089273,771.7727371502491,2481.991497973885,970.6232126126973,1356.4196110015737,391.7526941097251,3258.9188933706832,1210.4035134582498,564.4573837194087,3242.1673378334053,13.15999984741211
2023-12-05,1018.709193980944,784.6994290053266,2509.205712847764,991.0143028504854,1351.8116142797555,392.95443855542743,3236.965898882945,1205.8830195816831,578.9475914557199,3233.2116065096975,13.880000114440918
2023-12-06,1008.0444482760017,784.4361042559843,2458.488784721016,991.502086070004,1361.1193473034825,398.70535782026695,3310.9537385800404,1221.7417795681863,581.5047350018984,3301.613644771774,14.09000015258789
2023-12-07,993.1428763788566,782.3056039667443,2435.746897612477,977.7942651351568,1357.2948166644478,398.9629212542833,3319.6180002629158,1215.813191043024,580.1314686348155,3317.788748405097,13.739999771118164
2023-12-08,977.8517977927394,792.3597291563016,2411.1495331377755,988.1848771958599,1377.4307129471217,396.2161846263528,3339.1861689992675,1223.5943006598802,584.1565677433689,3330.993570970187,12.880000114440918
2023-12-11,978.4362096454424,796.5248996245001,2407.3438587936876,995.1608235299625,1380.4718241872586,389.3493275315955,3314.847610045891,1219.0986756148789,587.0925809963234,3338.304955567598,13.119999885559082
2023-12-12,974.7838417522364,792.9580939466462,2395.9728696870943,996.1364367379356,1373.0993792323097,394.8427980571218,3285.6422387251864,1217.7892853568703,585.2457634285711,3379.793429797475,12.869999885559082
2023-12-13,975.9039264301448,783.2631733056354,2394.735641759348,995.8437438660465,1360.2439518858023,393.8557114943193,3319.7155379010755,1204.6478570918039,587.6607275753272,3335.5632728478577,12.819999694824219
2023-12-14,984.8643047626496,794.2508360897075,2402.4432819810836,1014.6737333957984,1392.4517835867966,395.7011507882431,3348.9210749725253,1222.7297228698085,594.5270933594653,3361.150822552023,12.510000228881836
2023-12-15,984.5233950496307,798.5836675519721,2409.2945881078767,1018.2835948453201,1463.917528966799,397.3749148156606,3406.2614581214793,1235.1055001292314,615.5995220003375,3560.3255927142964,13.34000015258789
2023-12-18,972.787149999854,797.0037289891579,2421.188598416162,1004.8684475995219,1468.0183241638513,391.4093536958949,3413.1736737876913,1252.3474847954778,620.9504500480689,3590.5286876941473,14.119999885559082
2023-12-19,971.9593687924065,794.1072204559873,2442.550873363048,1000.5268676099422,1450.4627088511306,393.1261027378061,3431.6706396778222,1271.615218807123,624.6914187883696,3522.9945699903956,14.119999885559082
2023-12-20,967.7713492755003,799.038444004139,2448.260055962686,997.1120958683326,1459.2635456213156,394.19901661338577,3421.546193005729,1283.9417239360823,625.4491492821084,3562.929950670811,14.869999885559082
2023-12-21,955.9864219976275,808.9968233004131,2454.9680619649803,986.2824459562565,1425.3048140325604,389.47807729462164,3348.872442992156,1271.4176728398502,614.6050440767264,3478.764194819794,15.010000228881836
2023-12-22,972.9332856686277,807.1536510402615,2454.7302841239025,984.9653000113174,1443.1366686825568,391.32356599323725,3403.438604102029,1275.0735389423144,615.0312562708087,3514.632758384625,13.989999771118164
2023-12-26,976.3908214501419,807.1775773726962,2466.053801689587,973.2087050634708,1426.549067926583,393.898611145563,3415.4617704494394,1280.53278845719,607.3599188509928,3503.71206271633,14.949999809265137
2023-12-27,997.3796309054401,817.0162235511344,2485.41712833234,980.4285692907043,1446.8227662265847,393.55530467501916,3455.035342731002,1284.4603381656593,615.0786490253292,3489.2731911736523,15.729999542236328
2023-12-28,1014.8134032602967,824.1498261689791,2512.0606226614736,987.0629203019365,1445.855092876647,398.8770542846564,3465.6950823136435,1290.4383794995902,618.7248862187143,3507.367445431527,16.469999313354492
2023-12-29,1016.0795829853465,821.0378710363707,2537.8470934613206,983.9895694390293,1437.1004712006081,401.6237386755353,3446.273617801244,1291.4264140714613,615.220603329458,3493.293811172317,15.430000305175781
