Date,BHARTIARTL.NS,HDFCBANK.NS,HINDUNILVR.NS,ICICIBANK.NS,INFY.NS,ITC.NS,LT.NS,RELIANCE.NS,SBIN.NS,TCS.NS,^INDIAVIX
2019-01-01,271.56591879552803,486.3688819396811,1588.8851286954998,340.9907868875005,532.8470514242018,194.4869198986194,1268.146579563273,491.37162328363314,266.33949826701064,1537.9654010735874,15.149999618530273
2019-01-02,267.9254516696857,489.62570917269267,1564.985649124565,344.7221992999939,539.2821818486591,192.92298319648302,1260.9392108440984,487.343655344541,265.659703969825,1550.2035584133057,14.84000015258789
2019-01-03,266.92864725873716,485.7682870058069,1574.9691479085,346.39651832719323,540.1374599847597,193.0619534682148,1237.7152042730736,482.51890963809075,262.94054485768174,1544.574212774634,15.4399995803833
2019-01-04,270.82920942174945,487.4660962942707,1565.7362431361407,342.569421227789,530.2811709332493,194.0351045757513,1222.188317323719,478.53516673110533,264.2094962318249,1502.0660370578378,15.489999771118164
2019-01-07,279.193716062321,489.2331490118443,1574.836844950062,350.7019437861666,538.8341366705881,195.32105455901163,1227.0821540384281,487.34360805334927,267.5630943305316,1534.7018033719294,15.300000190734863
2019-01-08,280.1905551987907,484.30148211370266,1555.9736561241232,350.74981358650723,544.576798914846,195.5643125210624,1223.4784750165636,485.1304376755269,267.1552408169875,1536.5785855636193,14.739999771118164
2019-01-09,283.70106019969523,485.675941100774,1566.8412326993896,359.36066793494945,540.8705402852809,197.82338790075363,1220.8092641856697,486.32558772693704,272.5935154392162,1523.034486611012,13.899999618530273
2019-01-10,288.1216992966624,483.3775707622233,1571.7884536188155,359.7912228400126,547.8350270014034,200.81227773162524,1230.8194057745764,488.22898536834424,275.086025915023,1527.4401343705897,14.149999618530273
2019-01-11,285.17462352812953,486.92323453801015,1553.7206740167853,359.0258252846628,547.7943122378211,202.61947837672676,1211.0657158372583,481.8549812853927,272.7748394903937,1497.1702630883315,14.359999656677246
2019-01-14,284.4378137899655,484.71726979567023,1555.0898328774156,356.5860558401929,566.8958874400549,201.57683844834335,1184.3271437643064,480.8811746140079,271.50584786900544,1476.7728965061872,15.350000381469727
2019-01-15,283.00757662828124,485.53723760260544,1561.5396934028936,354.5768129387302,576.0596708446352,204.35725153138353,1183.437361198392,489.11418486997286,272.9107432987381,1475.1412226297623,12.989999771118164
2019-01-16,287.25490817400646,486.98100403424485,1561.0097045834464,355.9641548647643,593.4099047601375,202.75854780656982,1188.7762276540573,500.3350619936165,273.81708149404096,1506.9614556376262,12.800000190734863
2019-01-17,286.21473122800813,488.15900859429706,1539.5401076769576,356.68170694754247,593.8986374062822,201.6811200097719,1189.6215812525882,500.18007306524106,267.92568798325004,1530.0601196142356,12.989999771118164
2019-01-18,263.7648640890396,488.43623971320727,1526.1104803171465,354.3376351578627,591.6178966914656,202.0286566147497,1168.3107222451674,502.5040239545783,266.70201047664943,1533.9030012925396,12.3100004196167
2019-01-21,265.23840408516105,491.1964542100067,1533.841401486593,354.57685640596213,597.8900752739619,200.67329046648297,1133.1189710866438,526.1408115885986,264.1641776165989,1549.8059687117088,14.359999656677246
2019-01-22,261.3811909539964,491.78556129365757,1538.4355242125655,350.2714044799995,597.8900926594525,198.20567844510887,1155.052538572417,539.8404290416297,261.21844166265055,1545.3503188147388,15.510000228881836
2019-01-23,262.0312829057406,485.4102395405872,1545.636259143882,350.6062891883694,593.9800773043954,191.15048817185388,1151.004094245974,540.9028678604006,258.7712376637492,1528.9972544592665,12.020000457763672
2019-01-24,255.27029051174577,484.590240782578,1552.086027044317,346.10949886002453,590.5292350060301,193.131499126198,1145.1758833123326,540.0617976543355,258.7711728751745,1533.0852955333391,14.539999961853027
2019-01-25,261.7712229518483,482.76546813149486,1546.166191138146,339.2207464971445,593.19105953809,193.58330437735285,1140.281954276027,546.8341828023837,256.6865552178622,1554.3441479653827,14.369999885559082
2019-01-28,255.443596922613,479.70477227792827,1537.4635468034467,322.09468253818227,588.8910623722355,190.59443031781447,1149.3137220176745,541.0798348240664,251.33891193841524,1574.3761655997741,14.59000015258789
2019-01-29,261.51115609960374,474.2189255250103,1525.0501356471598,326.59152518650353,586.8435657007085,190.9766889515383,1128.4476375844824,531.7623174984154,250.65913454042774,1583.4932072134445,18.040000915527344
2019-01-30,260.1243481666685,468.4441807430193,1526.8169459391866,335.824294811653,590.6110397184234,190.59444059233718,1139.8372509249693,527.2252808955305,254.01272562782125,1598.210988066361,15.979999542236328
2019-01-31,262.76801839352504,467.0582424093034,1533.1342650034505,338.7902330136587,594.6244151866188,190.1773512212581,1153.673654531932,531.6074129717023,261.0371370821786,1623.0262392082382,16.450000762939453
2019-02-01,264.3715545337983,479.6702312807808,1556.2827846983346,333.67159352960215,609.7766981548041,194.00035648432356,1168.310758342708,543.1380734914077,255.59889621651772,1633.73730995163,15.550000190734863
2019-02-04,261.9445709183686,481.06769486345183,1585.6597903015481,331.0404412365959,613.6261185099979,191.8803394353233,1159.0567851526523,549.7777351893427,251.8373856086073,1654.0967252350133,14.970000267028809
2019-02-05,253.8400749827334,484.38228784087215,1594.7158065716728,333.76723093370333,611.8242041899947,189.41276181411098,1156.743355631174,565.9559737679436,256.50530388336057,1658.1849689240296,14.609999656677246
2019-02-06,260.90443386729504,488.21676099082737,1608.0128170662967,337.9291423350893,617.8443078123084,190.83767223771375,1150.5592554280013,572.8833428361716,256.95846827195857,1668.8553920376346,12.829999923706055
2019-02-07,264.54497239371733,486.42663197862817,1615.3904703602332,341.08648668173385,623.2907994455068,192.5406506953502,1147.1335247617503,569.2758539932959,259.7682245213166,1690.0730046024419,13.600000381469727
2019-02-08,265.3250400995536,486.611347626452,1600.061564665559,335.58510887023346,618.2947331116629,190.87247498927238,1117.1916416285887,563.145285109626,255.7801967049734,1676.9910727123156,12.970000267028809
2019-02-11,269.5723337417123,488.1474718221662,1586.5878069901214,333.9585190411985,621.6527875695677,186.5976420407279,1086.4488306516057,553.7391724892514,253.78612933099376,1675.2736119212773,13.460000038146973
2019-02-12,268.4021902585931,490.80387951546277,1580.6237743310724,328.4093495829028,606.9101284686524,190.87244316816668,1104.7345504643465,553.9604748587062,248.93702168506002,1650.0087191376206,13.229999542236328
2019-02-14,257.0038517759541,486.3688234627377,1570.0213811954075,321.6162924763225,603.8386506483846,192.54065069128484,1068.7417668251837,539.1322546519556,238.96680781069858,1662.3140677471213,12.09000015258789
2019-02-15,257.74065483377854,480.0397585382585,1543.9574788996981,325.8739300737943,600.0301595950405,191.42853356146338,1095.2579777554033,537.3616603663344,236.83681947858793,1644.2442197308962,12.449999809265137
2019-02-18,260.0809748767227,481.84147797430677,1532.9134007336481,322.9557530845003,602.8147765617418,190.38590205245595,1103.3551415289776,537.8042619533624,234.57089267166089,1604.752193204497,11.850000381469727
2019-02-19,261.38119752094264,480.03974848634573,1528.8934700294735,324.4387664356488,590.7749298916114,190.45539325153587,1107.8044952296248,536.1223396511388,235.93047236953905,1546.9850271614127,15.260000228881836
2019-02-20,264.32827363673266,480.89440515465316,1521.4277347975103,327.5482405144886,594.6653834026342,190.62914309485248,1124.8882934760327,539.57482832799,239.55596918955118,1538.2364687654708,15.239999771118164
2019-02-21,262.6380463842,483.59702348951686,1534.106331647956,331.27964941790736,595.5253115613539,190.5944171879333,1125.689330410042,544.1561082536389,242.27513047815094,1551.114301556198,12.130000114440918
2019-02-22,267.0152972823702,482.55752278740727,1547.888965489265,336.11131465522067,596.2626038903549,189.82980686904756,1126.0451209200214,542.673314598179,242.54699917628727,1557.696369060404,12.319999694824219
2019-02-25,270.0924028417021,483.9549584682144,1554.1181717016864,337.7856059639938,602.4463077767017,189.76028179333545,1124.710499463105,540.3051890023434,242.81895392182673,1578.4644621450443,11.699999809265137
2019-02-26,271.65268417689185,485.3294162488394,1556.7688328197735,331.61455681668866,606.2137606867335,190.49017493979824,1114.9226260223998,533.8206242395728,238.60429702900757,1612.6013344386542,13.119999885559082
2019-02-27,272.4760522678449,482.33802097123476,1527.2146783660237,328.45717411332475,600.1529567579719,190.38586769454207,1128.2696135843064,535.1484763797688,241.59533890453184,1653.2794224374013,14.130000114440918
2019-02-28,273.8629954593671,478.8847965422854,1526.3753209665786,330.0836564268853,599.7842797369784,190.6291596573116,1132.9858010669843,542.916760195535,242.59235715864304,1616.9755832565304,17.06999969482422
2019-03-01,261.85790736390925,479.7625418180229,1529.4235846287675,335.4894192962103,602.4052680355632,192.01935506514144,1154.296504817978,541.0134608104729,244.81300840686723,1619.2240598016094,15.899999618530273
2019-03-05,263.1580740745563,478.1456759442649,1517.4519787869738,337.54644816406767,598.1053977575725,191.88030372702312,1136.3223523383663,539.3977517583712,245.8100217125085,1616.1579903305167,15.449999809265137
2019-03-06,267.23197346022386,482.8924792083267,1500.17911547605,349.45816714607037,595.4435113587883,197.92764476898412,1166.0861568928851,546.7012293549775,250.56847560317738,1623.067548992538,14.289999961853027
2019-03-07,266.1051964194736,483.92028277603674,1501.8136413468148,352.567611951698,590.1606830791435,198.692258206081,1165.6413678265303,556.9041950866588,251.6561395302167,1635.4545352842001,14.3100004196167
2019-03-08,266.66857368404817,487.25808226653385,1497.6610265211827,351.7544072689004,582.0521877060365,200.46473322992847,1189.6659659061652,558.608217000862,253.4235825741119,1643.5081838493813,12.920000076293945
2019-03-11,267.57872778264175,490.20332639479716,1504.640545538538,354.00277674636095,581.0283715105853,202.3414826279187,1192.3353245209066,561.2641230591577,256.9584636494605,1638.2752017346002,13.670000076293945
2019-03-12,285.4779389152737,493.62189382784163,1518.6005594557116,361.0350252664773,577.9160527846634,203.76642787655265,1205.6827113231836,581.7359971792328,258.99780029313473,1637.743992808439,13.84000015258789
2019-03-13,291.67549681935657,501.7296457302314,1538.3031163687026,367.6844879917058,578.4891623593692,204.4615208817896,1221.565398078738,587.8666043720284,258.046130595042,1617.793493353957,12.300000190734863
2019-03-14,289.9852735551716,510.6225914282,1528.6724529493388,370.0764291355665,578.4073639440849,201.88968374973018,1225.2579992660299,591.4076144308954,263.5296911786215,1619.7561831339663,13.760000228881836
2019-03-15,287.0815075337434,514.6534189652309,1497.0865550750195,371.3202078053189,581.1921475593172,201.12507798050393,1226.6816451597547,580.3860210833575,265.11590006761116,1627.93210533969,11.850000381469727
2019-03-18,285.4346192705592,519.0305783588917,1490.4158921128067,376.4867306990208,577.7111497423526,202.48047798230502,1219.3409967024666,588.26500375624,267.0645895054236,1644.285214188495,14.270000457763672
2019-03-19,287.77500678001536,519.9545551779883,1491.5647407685635,376.86939648845873,579.3901672106522,203.90543009686093,1198.1192979691534,594.5060803189182,271.14328883782326,1631.2846298775655,14.550000190734863
2019-03-20,288.07832210198626,522.2759992889655,1487.3678232527723,375.2430021782582,595.5662736468282,206.16445858785298,1211.0212554070808,603.7572998317772,271.9590192814068,1635.290710952555,14.489999771118164
2019-03-22,285.43466333674354,524.5281017442431,1478.7537531254038,373.1380958619627,599.7843625209138,206.12971144134957,1224.5463416975401,591.6733460571144,269.14930630828934,1621.6361676662461,12.680000305175781
2019-03-25,280.14717271116893,520.4165729187234,1466.6494479105033,365.96236406746556,598.351054566292,203.80115381126882,1219.118435928214,582.8204858269424,264.84396216880884,1616.6486452292986,14.260000228881836
2019-03-26,282.7909086305266,524.9438596533814,1479.018670711028,366.8234317064728,588.9730068678833,202.30668955341483,1217.0275713459514,588.7075906473199,267.15524236688503,1600.991160878227,15.520000457763672
2019-03-27,277.7201431522334,526.4337366904019,1479.9021309577363,373.2815888908298,595.566299478097,202.68900258202112,1212.9343223347917,595.0151502686878,275.85649156032514,1603.4029035477058,14.550000190734863
2019-03-28,275.42316195129143,528.4664758055984,1478.488504560264,375.7691836374272,597.900606504819,203.66215993067829,1213.6906855955617,594.3734329198153,280.1164651274985,1613.050884322558,15.75
2019-04-01,288.81512712107536,532.3355530753938,1489.6209345529771,378.6395220376378,607.7290076156941,206.12970639356055,1236.9147275031398,603.1155193758486,290.9929885154115,1642.0361477039646,17.18000030517578
2019-04-02,297.3097160059459,527.9119899915846,1484.4079563934904,376.43893241507635,618.0489061500401,204.80905560044667,1248.8379038732767,610.8838022216285,291.9447200730851,1665.543686470514,17.440000534057617
2019-04-03,301.2102473751049,528.558819562109,1474.291808769444,373.7599579548992,611.6604805826406,205.15661811112813,1223.4784417307276,607.2983247627387,289.58809729708526,1682.7960843277938,17.290000915527344
2019-04-04,305.1108070175175,526.6530986068607,1464.881988031682,370.55481869403957,610.2681658765086,204.1834621420821,1215.2032730712122,596.3430591887059,288.50043341324954,1641.341587530284,18.25
2019-04-05,306.4543462543678,527.1151226876476,1457.8142034045632,368.9283104781258,612.6433952813786,203.41886378418175,1219.2963359682906,594.4618939853823,285.5094265197716,1650.6626625233173,16.760000228881836
2019-04-08,305.5875688936854,526.6763173378013,1463.9104480568963,368.3542534967696,618.704165184156,202.75853535717746,1214.9808973751005,585.9191353866939,281.9745225826253,1662.027953370245,18.389999389648438
2019-04-09,296.00947569910994,523.6503687433394,1468.6370474609084,370.41129969570113,620.9975862458765,203.14078978796974,1215.4702324005086,584.7238594627548,279.2554211102491,1682.4280902562516,16.549999237060547
2019-04-10,292.97572880238806,515.3347767875946,1479.9022760206324,375.7213477081236,615.3461802105675,204.00967752868718,1214.5805629323147,587.1584113334028,280.97750778865736,1664.725934991882,18.700000762939453
2019-04-11,292.23898420289623,516.7091736606387,1500.2672165971862,370.7939719527485,606.1320089852018,203.66214179778044,1220.4978460949915,588.264965445455,279.7992585136938,1646.4515360003725,19.40999984741211
2019-04-12,293.8425466104324,520.2086210496088,1511.0018771418627,371.4637256517718,606.5824893319718,205.46942087047148,1208.6187861868775,591.651146738665,282.06516838291753,1641.0145093700553,18.68000030517578
2019-04-15,290.2019864379294,523.0382013202069,1513.5643225574995,374.8602273081572,583.6492223289517,211.55148942854967,1204.7927196831515,590.9208335400103,284.37641594645925,1668.814487498205,18.760000228881836
2019-04-16,295.3594305429235,526.7224941932218,1516.2593389568592,380.3138151801482,584.8776976783673,212.80261801604257,1210.1313020211587,593.1338922735513,285.23752196644,1729.7700229706516,19.670000076293945
2019-04-18,288.3383439837052,528.5010913495672,1527.8333708686034,385.1933022957907,583.7721360440927,210.99535040662357,1207.8178674764044,604.1999524621015,279.21006373823826,1728.6658484630907,18.5
2019-04-22,291.76222937487927,522.2644315446869,1528.5843741550552,376.67811221103875,585.6149360872473,209.25767865370918,1203.4580031104751,593.7093566824035,277.6692109421304,1754.3404857917958,20.40999984741211
2019-04-23,296.6156920847112,517.7832941896289,1531.234900701978,376.5824449553259,588.3997298235129,209.60521547398602,1189.3100263601675,595.7898000746608,276.0831002834559,1744.89633981245,22.780000686645508
2019-04-24,297.9373144710441,519.0421545448004,1532.9135065725106,376.43890748846724,592.9862690998515,207.48516341420003,1201.2332990473644,604.7531466235507,275.1766829726407,1762.9253594646534,23.450000762939453
2019-04-25,303.03509394924055,521.5598869414544,1526.0221210894515,377.2521189517307,595.4843279306967,209.91796205611237,1203.1465103838073,603.1375023418105,276.8081443552496,1772.6965471142923,22.729999542236328
2019-04-26,304.2623436572306,521.3173411267334,1525.0942938679248,377.2043124439318,597.0814439727038,210.30027326052993,1202.123371639314,606.7228863920471,277.8958380711615,1793.219466192893,21.43000030517578
2019-04-30,296.4740738371576,526.2835484516136,1541.7045558411592,385.86298740110334,604.4528960648468,208.18026506753594,1192.3353822763563,604.9965912649715,276.44563273240766,1823.4312633126237,20.760000228881836
2019-05-02,303.60153066860056,535.315248466815,1519.8818136770306,377.3478165453639,597.4910417042673,208.94485026437172,1194.114972940145,611.768990059855,277.0347724155014,1807.8956617446092,21.770000457763672
2019-05-03,306.29199142160616,544.3238844249114,1486.086762721787,377.63488374011195,588.2358951959644,210.82159922716662,1210.131449389832,620.8651043750584,279.88984260893756,1737.4969396537508,21.100000381469727
2019-05-06,308.2273078703965,535.2113608769498,1463.1152182377098,377.58704680559316,582.0522049085307,209.04913474991312,1201.144360474733,609.9983960458962,277.2612970520369,1724.0059173423617,19.739999771118164
2019-05-07,303.4599291179976,535.4307255013642,1477.6932811708969,367.6845354193588,588.6453321677511,209.11862752612842,1201.2335702833727,593.2225069761276,275.31266004368473,1748.780631858633,23.09000015258789
2019-05-08,302.1854543601653,528.5011686159119,1479.902237847364,363.66611263677333,586.8434851003282,207.58942720432248,1205.682570789072,571.9758802189367,268.9679766236886,1741.9116457735354,23.25
2019-05-09,295.10517872742076,524.7129313616634,1481.669208404026,361.22633336462286,586.2701595841004,205.9906948571952,1190.1997791049214,554.0712771743898,268.3788395056588,1746.5728345619186,23.489999771118164
2019-05-10,297.5596614240137,529.2749106955378,1482.994362390667,365.72316697806326,585.6150412903677,206.37299017147393,1196.8734725113065,551.083433698049,265.0705905524621,1738.191737838825,24.540000915527344
2019-05-13,297.04046518606714,526.6531801526647,1492.0064159709475,359.0258046690031,583.2397289769601,199.97817927281932,1167.4210796197842,543.3372265765931,276.7175125988587,1734.757381622608,23.709999084472656
2019-05-14,297.5597169424503,525.6252954100721,1484.4966325938683,360.2217803653718,576.2778552741086,200.77750300155597,1143.6632885033982,545.107812119542,276.5362601246477,1694.4477490133052,22.389999389648438
2019-05-15,310.30415250621206,527.1613585672669,1472.78981998675,359.55203040449334,583.6492833029957,202.96706140355408,1174.9841986256456,553.5621746080103,281.8838978759238,1704.382055366119,23.18000030517578
2019-05-16,303.08228976842435,526.6532039674478,1477.428317780669,361.2263765115218,588.9729890096893,203.83595135440703,1164.1288968647036,556.881947222031,280.56964733996097,1698.290277613149,23.780000686645508
2019-05-17,304.12072671716555,533.9524041919839,1488.913881547555,364.28796208052034,589.7920806181901,205.12186987096933,1185.7066986904224,554.1818183985337,284.1045537765722,1708.879077073966,25.5
2019-05-20,312.47543231597206,549.7520417235694,1532.780967629561,384.6192768689041,578.2435361794663,209.98750351278008,1245.7236071351738,576.9777333643875,300.01143041293017,1676.1728645936473,19.760000228881836
2019-05-21,310.16253673854914,554.2447403757037,1566.3992941605745,380.40950578681236,579.6359031881788,212.21179790439984,1279.4024420774595,588.7297311552686,304.7699604677331,1719.1405802342913,20.239999771118164
2019-05-22,310.2569861539562,553.0435864463315,1543.8250751960152,384.1887103498463,579.0624547664781,210.41092017328845,1282.7394252178242,590.9650652062413,302.3227152622013,1696.614316040347,19.040000915527344
2019-05-23,315.4963672347419,535.6848360632646,1541.748708668896,389.7857907144613,571.2406786797671,203.463377274282,1304.4503948864274,586.4944211091025,307.44379609988334,1676.1729934275,18.959999084472656
2019-05-24,320.9717391685289,540.5471481551533,1525.9337057471496,394.8088029011454,573.697945900486,203.67603045332902,1326.1172261910142,582.7320067411391,311.3412492961033,1661.6598051339388,14.489999771118164
2019-05-27,326.9663840981037,547.9618994068387,1533.7970602268672,411.07373050489724,577.8339513994299,204.91671887232505,1363.26635575259,578.526968428138,320.85818109840665,1668.0786497562913,13.479999542236328
2019-05-28,322.5765983644549,551.3805452479389,1550.1423963331504,409.59075412251065,581.3559042593108,204.24323915989766,1391.028395329933,581.3376863176912,323.26008311509065,1672.0854595200421,15.380000114440918
2019-05-29,318.942092741958,556.7278417393018,1564.1903165537258,403.8502218778429,592.6996392182714,203.88876108552685,1375.812635526039,577.265417294087,314.6495254740318,1698.3317356036157,14.479999542236328
2019-05-30,320.5468902716788,557.3863174960925,1573.5555502191485,401.4582991093901,591.7986456226114,204.38501046131194,1370.296006806364,582.6213139410421,314.9667349323607,1728.8298266326174,14.850000381469727
2019-05-31,325.1727135640521,544.393159980476,1558.5357983732877,396.3874646114638,600.5215382538521,196.69310795087222,1365.6692201282103,584.3697238404902,312.3835453764159,1759.77753191067,14.1899995803833
2019-06-03,329.326445952,560.1349728612279,1583.274302091817,401.45832047983004,597.0815708833176,195.16891670449056,1375.990672424832,584.8123628335076,316.915409557605,1787.0864011086278,14.079999923706055
2019-06-04,330.1760405234156,563.853896753845,1596.6155373924314,399.44915153342635,600.4805451159699,197.65014464634564,1386.3122987430131,596.7194241290107,318.5015799704236,1792.7701734448463,14.670000076293945
2019-06-06,328.9960019429673,557.455437647617,1601.0332742489904,392.60824798109917,600.8900300815419,195.16891290317062,1345.0253684982652,584.7681141139942,304.45272128013494,1773.81239189725,13.979999542236328
2019-06-07,332.11132786782275,556.450623724886,1603.5952462489759,390.2641516170102,602.692056280215,194.38908511315182,1330.6999737692154,577.9072153490195,304.54333478404476,1765.6525493276288,13.630000114440918
2019-06-10,333.8578169434342,561.7864998658825,1621.2659963177925,395.1436440598719,606.1728898393411,196.30318684584753,1353.656555812215,579.89912635872,308.3048770944367,1801.4258408491958,13.449999809265137
2019-06-11,338.20040719465044,563.6921645213253,1618.7037607580255,395.1914983827847,614.6909951600392,197.93371772324315,1354.2795824095108,583.3960059300211,310.7520758872924,1838.9287509933656,13.479999542236328
2019-06-12,337.11474500052736,559.8345403490673,1609.8244602469617,396.86586298081914,610.1862398189382,197.26023456080674,1337.996000827435,586.4945072440522,310.25354757816746,1829.0378348875445,13.3100004196167
2019-06-13,337.0675638217796,558.0560482975526,1610.7079050642337,397.3442089090144,614.6528618924818,197.4729123045582,1338.7970587563948,579.2573010665908,307.98761262667256,1848.8614664498007,13.279999732971191
2019-06-14,331.9697417752277,560.1464883794841,1604.7880286533707,398.1096077764452,613.1992549498897,196.4804048241944,1346.3158287786398,579.589358248093,310.4801547683982,1841.40169768969,12.640000343322754
2019-06-17,322.95422349823343,558.3678578122478,1594.4067037277937,395.2871889864435,612.8253756563794,194.56629584943627,1330.477365639172,565.911778180256,305.4044486686463,1847.542144848376,13.520000457763672
2019-06-18,322.1045989733948,555.2956683610314,1584.1579910690887,397.1528941876511,614.8190185440383,194.2472767355739,1332.7464022521958,561.7510214030443,302.54933348766247,1839.0938974816422,11.739999771118164
2019-06-19,315.59072814043395,558.2293021260025,1592.1096730062557,399.30557274981743,621.7959280067022,195.38158943296625,1332.0343427825803,558.8739088523005,304.09018095027693,1848.9433663027908,10.789999961853027
2019-06-20,320.2165359876218,561.2108522786759,1594.2723750369412,400.8842512043142,611.2472453903904,195.20435002991698,1340.9770420440266,565.690509101577,304.1808218894856,1823.2683551323119,12.84000015258789
2019-06-21,323.5205998154657,559.1305620521284,1566.507422727785,410.30836891366687,620.5915832911402,193.71557872238753,1361.3979114025205,564.6060340567591,311.0239735636218,1847.995770117497,10.600000381469727
2019-06-24,324.2758475606931,560.141621153557,1563.3035207626338,409.6864908966716,616.8539068917453,194.42448953796713,1367.7601945335934,556.4392479504554,316.91545518913523,1855.2491649244414,11.859999656677246
2019-06-25,325.2671047630312,558.5146925423367,1552.8917585283814,406.24211294805747,612.4101389933851,194.42451219365861,1353.4786465726963,555.1777744289116,318.3656658404253,1855.0020646396686,14.930000305175781
2019-06-26,323.37905776213904,562.9307632434349,1554.1374741459115,413.80056715456993,612.9915369043468,195.91329353655703,1360.5079042733269,569.386520381215,321.13009446109874,1854.5901406045118,14.390000343322754
2019-06-27,321.8213942711704,570.8679831750427,1566.462694531499,418.6800571924829,604.810028807908,193.3965692974857,1370.8742751400534,562.591910883796,323.803926263665,1847.4185802211257,13.649999618530273
2019-06-28,323.33183222611734,566.4287329785599,1568.6874142439995,414.8529852761123,605.1007928066566,193.18390930772577,1377.102920846552,552.6989939576308,325.1181877645654,1831.9226389791256,14.0
2019-07-01,325.8335101324248,569.4501845041989,1577.4976808898232,418.77574932873927,606.2219943673258,194.3536364908814,1381.196052984153,551.7252923519377,324.9368795089502,1818.8169210571327,14.470000267028809
2019-07-02,327.91041371248764,573.4363084783296,1575.1392510373453,414.85298919054867,606.4296933757796,193.6801623351107,1381.8634854464412,559.1836712561826,326.6137153594122,1826.9359757402856,14.029999732971191
2019-07-03,330.1760714901927,577.1086393463329,1581.2798420400547,415.4271027755683,606.3466064143752,192.9357068639223,1388.2698917274397,564.3847234502912,329.0156084308364,1839.753642552317,13.520000457763672
2019-07-04,333.24421468654555,574.5519420030873,1584.5279846267695,415.3313957844411,605.1836775785671,195.09800315191902,1395.4330318648806,566.5757555607951,331.91602383041334,1838.1868006274024,13.010000228881836
2019-07-05,340.3244311911591,571.7628027194762,1589.3779399445962,414.47029869275104,592.6414587079316,189.99368600875215,1375.2343718507282,557.7229274615001,331.73471451346546,1763.9208908113242,12.670000076293945
2019-07-08,334.61302164628336,557.1317744800452,1556.1844630263688,403.7545562658808,591.6448253302872,195.52336558701862,1300.4908199287643,552.4999668032424,320.405027627299,1757.409701637567,12.109999656677246
2019-07-09,334.2826520063977,551.5419291517555,1534.2924948672662,406.2899622739561,588.945278202546,192.9357643088272,1321.668203203933,551.3047078871608,319.4986085003042,1734.7009076510178,13.350000381469727
2019-07-10,333.85784786265214,549.9730985392955,1515.6044774093127,408.72970410752765,586.8273304154458,191.94325701120965,1319.3102068278793,561.5739233692843,318.4109682157284,1707.2945188380916,12.399999618530273
2019-07-11,336.35951216939935,556.8063120717866,1519.9651703620987,406.4334810041841,589.4021368890753,193.96368810549512,1325.8946462886424,566.265844780248,323.5773079463839,1719.4525275745275,12.180000305175781
2019-07-12,334.32984887010076,554.3427403401765,1520.18752183008,405.6680622119839,597.7083212515313,193.60924333823658,1300.8911450026567,565.712478148345,327.6560465888256,1725.263649718708,11.550000190734863
2019-07-15,329.60966469718585,552.5530751550829,1514.6254662731296,403.3718474291822,626.4473650422821,191.80146731881126,1274.1082488358281,562.3043067510758,324.1211542780258,1729.3025949997423,10.640000343322754
2019-07-16,330.08166544200094,553.633866701789,1524.1921669039652,403.3239778392613,644.5548059714214,191.83691726854207,1269.6595194576457,565.2698863829655,324.16644636542316,1734.9934374165332,11.0600004196167
2019-07-17,325.5030973755116,555.7954078730461,1535.8496045091915,404.2329059890476,645.1777654154979,191.90780726225108,1291.9933349246494,566.5756461560046,329.0609330729806,1728.4670690877024,9.15999984741211
2019-07-18,319.65008502369005,558.2590126618991,1520.8547638094078,399.4490738773245,653.0269878165446,193.04207714317235,1274.197352795633,556.8377355775831,328.607713840035,1701.9461634427546,9.220000267028809
2019-07-19,317.28996276464727,550.1474536110699,1520.9886415257472,390.83823016636285,648.9154894694542,189.99369206137638,1247.5921550790458,550.065350230861,321.9005012611487,1704.0114618674775,10.59000015258789
2019-07-22,316.81800730930036,530.2171905381413,1476.4039620935,387.71695174336577,649.5799532232627,187.15795841349842,1240.3847061207346,543.2486590131189,316.0544032599092,1709.2166677776445,11.5600004196167
2019-07-23,318.517241259418,521.1061313629532,1483.745664704965,392.9919844781505,652.4870396650913,187.86687431310375,1233.4443138989627,557.8999823849913,309.07526738552116,1736.976317265304,11.59000015258789
2019-07-24,316.95954897877715,523.1862890773264,1493.80143550503,385.27118018663043,650.8674452192159,189.92277648218337,1240.3414989565254,554.867929547874,304.76996005486336,1715.5786918030906,11.850000381469727
2019-07-25,315.8267356702246,529.9846934601754,1537.7630792154182,388.7239858457331,654.2314109360275,189.21386300210847,1233.8970627254073,543.1159181038291,305.8123252688024,1728.838704239993,12.0
2019-07-26,309.8321514127576,528.2646752059865,1530.0208904646017,391.8410672021921,649.7044802393665,189.21386452723942,1228.5793937132923,535.5911603200976,308.6220502235952,1730.8629714832227,11.920000076293945
2019-07-29,309.73774622640224,516.6900198942358,1512.8458035329925,407.90602502944876,653.0269228909963,188.93027245233534,1226.236071835197,533.4221538311792,305.2684748573271,1737.7200114053599,12.039999961853027
2019-07-30,316.3931569558904,520.6064697519525,1517.2955041942462,405.460278486618,654.9789052097018,188.96572675513818,1236.8714780480254,520.5194272008885,295.343632589485,1751.889188176534,12.5
2019-07-31,314.0802305089362,519.2931874540674,1513.7802336642546,403.97367896254667,649.2061749529819,188.57584917476947,1232.184531301384,514.5215754092878,293.57618839690576,1773.9482199186507,13.420000076293945
2019-08-01,303.1767111374454,511.77181398304464,1521.7448404089175,393.85516231878563,634.9197235565276,188.9302991145118,1206.8577800237408,509.1877776603354,282.2011420966039,1789.728335046758,13.270000457763672
2019-08-02,308.88813378764917,508.27768413550723,1518.1847684180427,388.91582537078006,633.1338262142699,186.5199451329315,1207.7588540953977,517.4764941575648,278.3036486457754,1789.1087904516694,14.4399995803833
2019-08-05,320.07490244632845,503.7352897711436,1519.697928877569,379.5645458155901,638.4498152525094,182.6562631995935,1194.2392256943758,502.29200770090466,264.3908193729489,1813.977560485897,15.1899995803833
2019-08-06,334.2826366036755,504.7835565647628,1537.3628862736182,384.5039191046284,639.4050294123737,183.01070778698215,1207.8042301393896,499.6201429946176,269.42118007548396,1827.0721790166808,15.59000015258789
2019-08-07,342.2125240137515,504.3177386692592,1548.4423065722149,389.68302405300363,641.5230230377148,179.4306146725835,1219.3410479740112,491.20406705572293,261.7622548707634,1823.6020439615272,15.739999771118164
2019-08-08,344.95023993225567,508.5107079854317,1584.4834097161363,387.6209887231246,648.9154313899069,179.35969809465027,1207.8491947904247,487.7307721921939,258.86187695268575,1833.2270634595302,15.520000457763672
2019-08-09,343.77017144554696,521.7417307435278,1602.6374937958406,397.54772458275755,651.8640756871715,179.71419620717387,1226.7768017571937,513.1126227962699,262.89523797693664,1851.7753704692766,15.029999732971191
2019-08-13,326.7775859416734,513.0762923761187,1603.749890166646,392.41650922911776,631.3895334291591,172.97933466445173,1178.0155998097812,545.9306965304685,256.05208203977827,1812.903296054646,15.119999885559082
2019-08-14,327.8632175523652,513.1810039249128,1609.578933949936,394.43063040922806,637.9098940526408,173.01476633565738,1186.1276183520097,570.1325471404525,257.86483166935733,1790.6788625754111,16.110000610351562
2019-08-16,335.1322471242276,513.4256571609102,1616.119806296486,395.24588128623463,633.341419936775,175.38968330049065,1190.1835415941391,566.8595315394489,257.68354239470153,1770.7265293039777,15.989999771118164
2019-08-19,339.66363511761426,512.8666638303422,1611.625789034159,402.9186853797476,642.3536216360327,177.90640173493463,1206.8576002178163,569.9765549729664,259.22441478542316,1782.6642578848937,14.710000038146973
2019-08-20,337.3979647151704,514.0662847314585,1613.4054771916783,395.62950612836755,651.0751240692448,174.00726855698682,1202.3512922631517,566.6814339182407,254.37523718321563,1789.9349884804255,15.109999656677246
2019-08-21,333.3857875693913,515.7783277096306,1633.8735446579392,393.75925371583,658.6750156071195,170.74619968102044,1174.005052259045,563.9651837223562,250.43249725855466,1802.9476593092436,14.0
2019-08-22,331.35612440766647,504.7952531194435,1639.1238085364064,381.7225394753775,658.1351450605446,169.4346784002739,1156.5192561029744,551.675104712561,242.27510725037322,1792.8266780040756,14.489999771118164
2019-08-23,330.88409338074393,498.40098360246407,1646.9104499732375,370.0214382754551,661.0008368509182,166.35083469846958,1148.2724093197387,546.1533348561654,238.10579682427516,1829.0959476198002,13.699999809265137
2019-08-26,327.48560733365866,504.7836066567184,1646.3319743873196,376.78313785448546,653.6084387953615,166.56350912608113,1150.5707139274987,560.6255006974678,244.72234505250395,1838.2669373024194,13.699999809265137
2019-08-27,325.4558869661962,521.8115158604874,1639.1682512007621,394.4306670124742,648.7907898099255,172.05771275277138,1211.0488616867385,561.6050487465466,256.14273396369197,1841.571539425354,14.420000076293945
2019-08-28,321.44372532204375,518.6085953347807,1612.9605765503602,392.94404564891926,653.1100575127473,172.34131509423315,1204.2440486863165,559.3118418211694,255.78020985799918,1830.8313038161493,14.119999885559082
2019-08-29,322.05741856976954,517.1993159441082,1614.3844113997845,383.0173262173058,660.7516917126746,170.24992907547926,1200.7739389034632,550.0719976379863,247.71337476270594,1835.9540467147367,13.869999885559082
2019-08-30,319.7917006821241,517.595334508113,1625.997921155649,386.1823443475573,666.150627630732,169.47011469680467,1174.320444181884,543.7043929803084,241.86726056710904,1832.4839121750708,15.1899995803833
2019-09-03,316.723555805374,511.5738209862616,1632.9837322426083,375.0567679962302,674.4983274256996,170.60439377531418,1162.6935034622268,534.3530820941628,241.95787707531122,1848.1400070442792,16.280000686645508
2019-09-04,316.34600588649954,512.2377434400546,1617.2321206833267,373.9538011276075,673.0031471043897,171.065199271487,1164.8567126110472,528.1413039705059,242.2297833390667,1844.8768149356572,17.1299991607666
2019-09-05,321.86857509851876,518.2941170752189,1617.98871869585,372.13150487277073,686.6253528947876,171.56146992214678,1179.5027381222171,531.3696236710425,245.67398068042553,1823.6434306964964,16.059999465942383
2019-09-06,325.7863000134875,517.4322784849605,1614.4733020456017,373.282419476429,693.6022898540571,172.44763769595468,1190.0483564809665,532.2379435925851,246.62574449859383,1811.4987590788983,15.890000343322754
2019-09-09,329.98730272411524,516.2210060837434,1615.541232710624,373.1865525915108,687.3726573032296,172.41218076060073,1192.4818965662862,540.2086995227424,245.628735000281,1800.9232035069886,13.670000076293945
2019-09-11,331.54489211007973,522.0561449365234,1617.2320612708622,377.26267069115426,676.2425929079153,172.2703971071197,1222.1802519214673,544.3721751701554,252.42655828477626,1773.4530967970688,14.649999618530273
2019-09-12,327.3439936220032,523.6866771627766,1600.5018162471972,383.30503803776423,673.5016356849738,170.14358137030788,1221.5941875671874,536.8912642441294,257.54759280191064,1751.806435535752,14.609999656677246
2019-09-13,321.8213955642606,521.3223330087066,1596.1413969381804,384.2641279078875,679.0251458885981,169.15108908439402,1211.4545167244723,537.4256821215511,255.59891931998007,1747.840591325416,13.890000343322754
2019-09-16,319.46130263863535,522.0212628037439,1601.8367202921138,390.114679084874,681.5584205175855,168.93842357242622,1206.4972204472358,528.1634972590346,257.2303792542159,1756.8053573626696,14.119999885559082
2019-09-17,313.93868911813564,512.0280313132598,1612.5154713726045,382.0102648973303,681.5584284510693,167.87500347126104,1180.8998489270155,531.4586376216965,247.441480109714,1739.6200885633132,13.279999732971191
2019-09-18,315.87393165612434,507.8118321075806,1618.4335437018274,380.283857527273,684.4242048292391,165.925450348777,1183.694171603085,533.1062843578578,248.71042223968126,1745.8578582487453,13.90999984741211
2019-09-19,315.9683216567006,505.01652120523266,1609.1783917971175,368.63077829988293,677.1146800024757,167.37875684063903,1169.9039020269097,522.1742478115991,247.48679414723168,1727.5581451816445,14.180000305175781
2019-09-20,316.29875007298557,514.9863434063548,1610.958161411317,370.8367489470515,666.1505600070361,166.10269143641318,1161.8821839576194,522.9090409219021,243.2721215925753,1699.4674872575129,13.829999923706055
2019-09-23,325.6918938556822,572.5694739553558,1765.5801798627283,410.927204822862,616.2310368152395,177.16203505736925,1307.8047582584538,549.9384128123469,272.2762681621865,1631.7203420560497,14.210000038146973
2019-09-24,326.06956365777324,571.8939993067331,1787.916510557548,415.6268040151694,635.4180391346006,179.926850320064,1329.932075697588,553.3893293635516,272.63882570982565,1663.1155587443766,15.899999618530273
2019-09-25,319.08369360603416,573.0819227063713,1790.3637609491545,412.03014243235094,649.2477306922306,172.05772050032044,1303.8839236736592,565.0116138141937,252.60784938299395,1701.9876489489611,14.100000381469727
2019-09-26,321.39651493491255,575.9936985613115,1794.9025359457519,420.6141363139757,646.2991280682133,174.57442040670645,1312.5818235329805,571.5350972037298,251.06699255202201,1704.4242486969072,13.640000343322754
2019-09-27,320.26371642666817,576.5760056251082,1784.7130229517559,425.16985816993775,647.9602136946899,177.23291117978678,1317.7192345557826,571.7577850305494,253.7861286543767,1694.8406247922394,15.930000305175781
2019-09-30,324.98391258970923,566.7459613466372,1754.3670162953263,413.3729071324159,651.3242205184598,176.8075422655565,1305.2811338703614,581.3538516822917,244.85829262656887,1701.9457180493916,15.800000190734863
2019-10-01,327.43838344645036,568.8889094405297,1764.6897772264385,399.6577209790556,657.4708562353491,180.7775505335691,1297.1243064253151,575.8990695365911,222.56136538338075,1685.1748520239537,14.949999809265137
2019-10-03,322.1990046857945,566.6761296797505,1742.753779344855,405.02867922305836,651.3241570615334,181.52195018738317,1281.8920181774706,570.5555272924099,226.68540757463313,1690.5034869763547,16.420000076293945
2019-10-04,315.5435922227161,552.2103560872403,1725.6228618807045,395.19791520191234,653.7330143374506,180.9193915062929,1279.9542941689622,580.5969035775893,225.2805285248942,1697.7740088976423,16.350000381469727
2019-10-07,318.233994111541,550.2769261110183,1715.433488002728,394.67040114002697,652.943888547213,177.72915882871663,1244.7579153986362,579.6394603175088,223.73969963840904,1686.24839851639,16.989999771118164
2019-10-09,320.0277064887114,554.4000375707993,1727.5363254742945,400.0413809100958,646.880438033894,174.609877381066,1261.0266511952009,575.5429067022577,221.4737251270844,1665.1807591781305,16.34000015258789
2019-10-10,341.7405214190087,557.7543121483799,1722.5082764879862,403.3023223753839,645.0530665196142,172.02224377088564,1268.1921858324877,588.233639225813,228.95135521600193,1649.9790556454589,15.729999542236328
2019-10-11,351.7472818020815,553.9108905134884,1758.0157877257182,404.83691219957007,645.0532067980163,170.92342287475785,1280.0442320068223,595.1580158763934,227.95433683792936,1590.410706688109,15.779999732971191
2019-10-14,358.96914440504105,557.8475272219873,1785.380603250061,408.57737549116507,647.8771970444108,172.2703938070516,1278.3769867354574,601.5256817061605,230.2202837543443,1625.9367993490227,17.059999465942383
2019-10-15,360.1964109583545,562.250156438282,1802.7780540966742,410.68745522094156,635.4179879497867,173.7237217953941,1280.4499457539073,603.0620696733909,230.94538552577347,1671.1293547202313,16.690000534057617
2019-10-16,356.231414389226,563.764270742802,1826.627589765089,413.51674259025737,632.5523749669317,171.6677971740345,1276.4842653830283,607.2477751806866,231.12666690583328,1665.5940836461991,15.5
2019-10-17,357.8362723823884,565.1618652668644,1834.9482691009996,415.96246462839616,635.5010496252461,172.87298700800622,1280.0443201318176,610.9436984546371,231.67050323819353,1688.9359217406661,15.520000457763672
2019-10-18,359.20513942977857,568.5395033497446,1860.5335941260764,417.449077397404,631.2649956829857,173.75914209290949,1284.7313467061638,622.8330774763288,238.55899220147106,1710.6465424557957,14.989999771118164
2019-10-22,346.6494446910311,574.2466567063789,1879.4882442739681,419.6550301560534,530.2210911426314,173.65281626850663,1297.124357203656,624.9036715114763,243.36276383320637,1723.3600547572435,13.569999694824219
2019-10-23,335.1322171427925,574.4329979381954,1876.7338857459642,429.8694770104542,517.3403020255987,176.55941897731,1278.6021185823013,615.9087056654171,243.49873039264529,1733.8774381923618,14.829999923706055
2019-10-24,307.283296483599,571.3348440707078,1894.6692881351498,432.5549487532856,531.5543333473589,175.77959491466802,1285.5873842809208,617.4227401722367,225.37114419585893,1741.3116484991383,14.710000038146973
2019-10-25,342.3068988602784,568.3764559045082,1904.7326420955355,435.8158938496418,534.918747937209,175.10611824925923,1279.954272857204,628.4214807350571,238.87617239842945,1752.9267022564368,15.199999809265137
2019-10-27,345.13903697975593,575.3647599060206,1909.383894060939,445.98238104578553,542.9508681699579,177.0202417885238,1287.8406878566166,636.7707333262263,254.01274126539877,1781.4376925869728,
2019-10-29,333.3385913747932,576.6226284323564,1888.7206816962441,447.75670089538744,544.1705015360803,176.91390692030535,1289.7785883772451,642.1587595021489,252.47185797792972,1792.1663764587427,15.5
2019-10-30,340.4660628728739,579.0917692817756,1916.093231360109,450.7778675884921,551.9083436634032,180.28132526954917,1320.4232326984325,650.2631739322103,253.10634612997836,1838.9236234018613,16.25
2019-10-31,343.39257571085676,571.684307424746,1931.5685795047784,442.4336324582331,560.2348106179234,181.628315769884,1322.451174880623,650.8865026462532,265.3424878254496,1889.736298156099,15.5
2019-11-01,343.0149513273059,571.9172589288855,1920.0291795838348,441.6663899233433,574.1123717407302,183.4360369969797,1302.3968729484225,641.669051249015,279.7085998975544,1854.256576566803,15.170000076293945
2019-11-04,353.0689086568325,572.5927143598674,1923.0708051067331,444.06415197066366,570.3696891818358,184.35768989134496,1306.9035084666634,643.4946981510161,283.1075163229713,1842.344933911088,13.5
2019-11-05,353.5881328202853,572.5927942775463,1917.1216087363216,447.8046032484189,581.5979086887376,183.32973860028193,1290.6797998650595,641.6690319851688,283.5153148973708,1832.2925199511508,13.510000228881836
2019-11-06,349.5288388330281,572.1268859948343,1927.721935869579,445.74259658302174,582.0184497035772,184.32221917175204,1295.8625790384351,636.1028363395386,284.60304389668596,1840.7404902290202,13.380000114440918
2019-11-07,348.3959345865812,582.352968877237,1903.5700320793874,456.19679041252294,598.9239282688148,185.74008730239794,1289.778472566611,637.7504358146491,287.14088464951874,1837.5298951155708,13.529999732971191
2019-11-08,346.083052689377,583.0284907813127,1863.3156032592963,460.65662832970344,593.3728970387845,184.32221354128484,1279.8641768326158,641.8025487418026,285.0562333215641,1794.2780187465435,13.710000038146973
2019-11-11,347.64073082834875,582.5859076278816,1849.94248882643,464.78072638572417,587.0648428327452,183.47151372717286,1269.093451213231,633.4532595413081,283.78729247960837,1766.40103824407,15.199999809265137
2019-11-13,345.65821807614714,584.030152800314,1853.8783836396815,463.5338864012617,578.4438588663379,179.46602737888998,1251.9684233730934,636.7708042321007,277.0347570047277,1789.2093418916652,14.470000267028809
2019-11-14,330.695310157394,585.7072190713136,1844.0384851608915,463.9654926451504,585.6770293556489,179.53692819850988,1241.0625684067868,648.2593909614728,271.6417828968306,1813.4542327573859,14.09000015258789
2019-11-15,337.25631359633087,592.1831121595625,1834.2880027353867,475.7144956510086,590.6814833610102,177.23290082836226,1231.3731427527243,651.5323334784945,281.02280043718554,1832.0813722759224,12.520000457763672
2019-11-18,370.15594179021906,586.4061065006013,1823.0614336286444,476.3379598621936,588.1582278821685,176.34674591987556,1226.9120420104377,648.0812471500655,293.4402011775786,1815.1856881695123,12.670000076293945
2019-11-19,397.863369994258,587.5242944044147,1815.9052474389646,469.81605649217136,592.952331014765,176.3821918112385,1227.1370729170242,652.3560458473484,291.9446860936847,1778.227478959832,12.609999656677246
2019-11-20,408.86135770917264,590.2729207423478,1804.3212270520953,472.3576774211845,592.9523103133492,174.89342005470752,1230.6073665553045,687.1781352632569,294.66386976674016,1769.3577123796447,11.609999656677246
2019-11-21,398.5713801582552,590.9019010687773,1804.2763235481636,471.1587845974093,597.5781787400324,173.72368054172915,1248.3181147897474,680.654560819843,295.97809885747256,1780.2548093871003,12.609999656677246
2019-11-22,393.66236834377946,587.9435549191417,1796.2256839888537,472.021933084904,576.2150961359949,174.858000274826,1235.6997840692954,684.6843973559228,297.51892462927117,1740.6357330046385,12.239999771118164
2019-11-25,397.76893238014503,588.9452455467404,1808.838741914695,471.44650091090773,583.0279095855906,174.57441340560993,1235.7898377742204,690.6513741041939,297.60959489770863,1733.6242338364982,13.0
2019-11-26,405.8404688201805,590.2496835310778,1817.9627108560853,480.51002436984226,576.9722359849366,175.60237992726294,1225.3796511248072,692.8777890541031,301.46168565985244,1719.1363091478993,13.109999656677246
2019-11-27,402.53630035968274,592.229718846443,1839.0294709159782,483.67505483321185,580.4204352923832,174.82253698497738,1184.4602407523305,692.9223973101485,302.77590432993395,1728.8511527606993,12.359999656677246
2019-11-28,404.5187820621227,587.9436442883001,1849.0030469181886,487.22371608678077,583.742544078579,174.14908361382865,1196.2222630353529,696.417925337267,312.2475668936075,1740.213141037318,12.890000343322754
2019-11-29,410.79659951505033,583.2847672291058,1816.7998197464215,489.4296366506353,581.6398905026191,173.68826489831147,1196.9433077434162,689.2485902723575,308.7126988357555,1728.217659931547,13.140000343322754
2019-12-02,429.58293125022055,586.3594817662578,1815.234420202446,486.50441107136413,580.5886570282067,173.36924685393672,1190.048314644778,702.2289961837148,304.72466530048865,1703.043350980845,13.5
2019-12-03,420.3313436288122,584.1232520358545,1807.0943481918634,484.01076408599,579.1167445373522,172.02227977797375,1180.7197249904116,700.2698008216605,302.1414647578916,1697.9749201751813,12.069999694824219
2019-12-04,429.2525309410643,574.9920222837997,1808.749057173729,488.47061024650924,583.1539485423979,171.56146195026815,1155.6181489715113,682.9700335019947,300.7818824340908,1727.9641071582948,12.260000228881836
2019-12-05,420.4257502533241,578.0435215438523,1813.4902621941728,504.53556172336874,591.9430949929077,172.34128354731695,1158.3221363053444,687.5343269551083,303.77295574035134,1747.2671168778966,12.829999923706055
2019-12-06,418.0657037267095,576.8555342061269,1808.7491611036473,500.31550369876265,596.8212738826318,171.91594487892914,1156.4742551958955,686.2429974104203,288.22853221893314,1774.8485651622977,11.40999984741211
2019-12-09,416.9800257144571,576.5527013197647,1781.1971926567642,500.843006251371,600.7322306003085,170.8525412106356,1146.2898470246726,688.6475096381411,285.2828122009793,1734.7223171220257,12.470000267028809
2019-12-10,418.44334282925456,580.0701014073599,1798.9092983845444,503.2407714101771,597.1575913154885,166.59893713406638,1142.0983972908396,692.0540287591915,283.0168736697856,1692.272614604397,11.739999771118164
2019-12-11,415.94163492780626,578.8588649684841,1787.2802017243157,505.63854698754966,599.6808361964681,167.02428202014522,1131.1474111690613,690.473221738255,279.1647420493803,1695.2293897769775,11.710000038146973
2019-12-12,412.07106012337545,583.7506835058525,1790.8584263483363,508.1321357333661,588.3685944072756,168.44218022231053,1143.0449361886156,693.1673349928408,284.19514625564506,1676.0110623765456,11.829999923706055
2019-12-13,402.15875157333994,586.6624332143489,1789.0694070322772,513.7909291353623,589.0414023790205,169.57644721759158,1158.4575067668927,700.1806870147386,294.57317051907324,1695.440611385882,12.1899995803833
2019-12-16,396.9193104791974,581.5145075464048,1760.5783929548575,514.7499806723857,597.3258668962052,167.55601139567355,1171.70646240047,696.5960482571616,299.8302066989721,1757.3620831351507,12.5
2019-12-17,394.2288031560163,584.8454576910184,1744.3425371368908,516.7160766808606,601.3629877030515,168.37127687814387,1175.1315232854724,692.6774151407083,299.6942589827954,1790.054124295824,11.960000038146973
2019-12-18,409.8526143840144,593.3710912861918,1706.1905856937333,514.0306952316103,607.8813108513082,169.96635892193655,1184.865737029131,695.549681497034,295.2983095963366,1818.7761860318337,11.390000343322754
2019-12-19,406.17086457595207,599.1712827435662,1726.4966491746109,511.8726497337268,609.4372389812634,172.4476438276995,1178.1058707878276,699.9134917904707,294.1200358250241,1831.0675418881365,11.329999923706055
2019-12-20,420.756193558456,596.3527235268623,1727.7489373852907,517.1956785967435,612.5071425234122,170.2499415435437,1178.2861202971385,710.7341642408371,299.42234107930034,1865.4493680146882,11.899999618530273
2019-12-23,421.464216566541,600.4292694223249,1739.3332314415975,515.6131157523678,615.3668299185862,169.1865563940715,1176.2132304203408,693.6793445765387,299.4223294897844,1866.9274611223248,10.699999809265137
2019-12-24,427.08122224882635,599.5672488608595,1735.754984705428,517.243599137184,612.5491500960696,168.86751960007408,1169.903971854583,686.866414747346,298.37995890303233,1867.8989621612538,10.890000343322754
2019-12-26,421.0394127411083,589.1782260886076,1734.0556119269215,515.6611368610936,611.0773654466259,167.55600191930918,1150.9762533031883,672.461132787399,297.3829529740481,1854.4255296596536,10.84000015258789
2019-12-27,423.8714895222041,591.6706490310968,1730.030171819331,516.3324802866407,613.0117276299252,167.62689825998896,1153.815579737644,677.4261769632532,301.8242196548948,1838.205708437571,10.430000305175781
2019-12-30,429.63009660098976,593.5574797503094,1724.215664451915,520.4086076364273,611.6660412277519,168.371300656978,1168.55200501629,680.4319077161741,301.37105538164815,1839.135272792967,9.619999885559082
2019-12-31,429.0636895989865,591.0416544226701,1717.5958912556007,515.9968312460119,610.1521958705674,168.30038969792764,1163.7297964990207,671.5260051917422,301.41636232282787,1822.5351210419956,10.4399995803833
2020-01-01,424.57951351372674,591.9501261101647,1715.717495435325,513.7909282892457,616.1237170110657,168.0877100612246,1174.4106025378549,670.3904712564104,301.0538003277505,1819.620873256601,
2020-01-02,428.1196895966712,595.8635935052428,1726.451784794463,513.9346838617928,614.7360228516574,168.79664075375123,1181.62117925743,673.2848606187108,302.1414247047649,1815.5662551576124,10.729999542236328
2020-01-03,426.23159645595473,588.6889129202882,1716.388611589096,514.3183095679252,617.2591441279282,168.7257322000757,1198.8811530283294,678.1831882354902,300.91785421834857,1828.0683072361214,10.6899995803833
2020-01-06,419.7649532389636,575.8306237090371,1709.6793994066547,502.3775122618934,619.4459371079719,166.59896273556993,1184.4150880240547,667.0507691289934,287.95666690015446,1848.2584038826742,12.699999809265137
2020-01-07,418.301696227261,583.4012142757196,1715.7176124070777,500.3155573727843,609.8576787837743,166.31536478387824,1184.0996106923055,673.952886932682,285.87195771722196,1844.7947963173629,14.460000038146973
2020-01-08,415.7056241303646,577.717435646002,1705.3857377667437,493.9374591295397,595.7279181521372,165.35832193729263,1156.6996239956559,672.394391396721,281.8838911077805,1860.2118138628832,13.789999961853027
2020-01-09,429.8189385227245,588.4559687941506,1727.346329437488,508.6117066067494,600.7742562352731,166.63439950208996,1176.303388367915,681.8567565985553,294.5731647355812,1866.9279782156032,13.0
2020-01-10,428.7804860670679,594.0465857124096,1727.9280686492564,516.4764177215591,614.3995559726637,167.8750023698862,1188.8315766027167,685.5972965193916,297.3830023040789,1865.238034429502,13.180000305175781
2020-01-13,428.8277097661354,594.4659319413395,1750.604288104911,515.9967059598918,635.0057571330179,168.9029567259013,1197.574300810375,685.0406443123888,298.2440260870668,1845.5547214136905,13.579999923706055
2020-01-14,440.4865256620562,595.1647216749543,1773.3255471128473,512.3043044484212,645.2667513524486,168.93841378651592,1185.316394551751,677.6710552541097,295.93275930823347,1854.255990013565,13.0600004196167
2020-01-15,438.9760284684743,593.5807306974551,1786.6990402303834,508.9474387885477,641.0193642733277,170.92339754348427,1189.7329568914531,676.068070171922,292.17128746520297,1853.5803712813672,13.59000015258789
2020-01-16,441.80816539138016,596.0265862785172,1803.4716370231977,511.39311559333305,639.4213074207928,170.21447945815152,1187.3892906247045,680.4095869331176,292.1712746659976,1871.151420509535,12.600000381469727
2020-01-17,448.51078593225844,592.5557646471724,1824.8955600045192,508.8994212166889,641.1035810194131,169.71824286137505,1173.509099489461,691.6310096398801,281.0681569749085,1869.4624584435069,12.5
2020-01-20,466.58909287349843,583.5176132311803,1833.7960359238264,509.2831279352166,641.6920637311694,170.1790698688469,1177.565205178518,679.6971651864098,284.059194370867,1821.4793319942742,12.470000267028809
2020-01-21,476.17103507732094,576.9487865752724,1835.7192271797176,508.51584148423194,639.8417922523373,168.72574469755102,1172.1119469163282,677.73783646965,282.79026029148616,1823.0422424339051,15.069999694824219
2020-01-22,478.34228408531203,575.0852302757627,1813.4007932561428,499.45227919654224,644.257364059486,168.0877033291002,1164.4961597180027,681.7900179448524,284.331115248402,1836.262485172047,15.359999656677246
2020-01-23,483.67611402578825,573.501214672443,1820.3780399479554,495.9035841962313,653.2568462980249,167.94590618953902,1177.114401401037,677.1589513580537,284.73899433079845,1848.899397444993,15.779999732971191
2020-01-24,485.3753651918714,577.2748108684818,1833.8409235242239,505.44665548822525,650.6494913408358,168.0167994979612,1200.5486665578164,676.201571520967,291.08363390465615,1837.2996870473519,14.59000015258789
2020-01-27,483.2512821121124,564.5329893724769,1839.8343935095204,509.76269059782527,651.3224187974897,166.10268560443726,1207.7591081824855,670.1678160991427,286.23450265529647,1833.0661530212776,14.680000305175781
2020-01-28,458.8951863353155,565.2318025959702,1827.2658968754552,503.000993675261,649.3038775681837,163.40875488610786,1205.9565517985939,651.7326219117568,281.92918496954445,1822.0596196157699,16.959999084472656
2020-01-29,460.92486513527575,569.424813400384,1844.5753383109486,503.8161980818544,659.6069086547881,163.86954744501364,1218.6650194412805,651.9330029814765,286.00787570667256,1820.366044919788,15.649999618530273
2020-01-30,453.2309558870799,567.0720247294748,1833.3042573914875,502.7132627400115,654.350141494141,165.1810965560149,1219.4759824736175,641.2237192109507,277.03479844820964,1799.1992770852362,15.380000114440918
2020-01-31,459.744795966902,568.4930340638174,1807.0048046786706,501.0348354565609,648.9674255427001,165.92545364248465,1226.1907753370558,626.6180767993984,279.7086041576822,1753.9864501243133,14.899999618530273
2020-02-03,468.2883580503637,548.6695990713132,1856.0698658273038,481.46911725202443,642.9958213109562,145.3310090186198,1146.4696977876304,606.9584216683534,267.69907730532594,1772.2744986867224,15.479999542236328
2020-02-04,475.27421223922755,558.1270571447459,1914.3040837263225,495.5200509848845,647.7058826508983,148.27308678969516,1160.4854040627372,622.4323157911366,269.2851904212881,1766.6866315922948,14.3100004196167
2020-02-05,486.93296633009413,571.7774262994742,1926.73761717997,504.1998883128328,651.3224517612754,149.93904333190986,1167.2002114251584,636.9043647870463,276.0830603083057,1781.6726385235697,13.819999694824219
2020-02-06,504.20888963105665,576.3896734663177,1908.9817683383308,514.3183525882581,647.6216600391936,150.15171693389738,1179.8634225814546,641.2682409254869,281.0681196643288,1791.1556985873144,12.649999618530273
2020-02-07,508.1265879102293,573.7807134456975,1915.7356871062061,513.2633721890722,648.4627619189931,150.82521644928454,1168.1013595193417,636.0137726868787,288.59105517346484,1794.1189626603289,12.979999542236328
2020-02-10,506.09686182288414,571.1950996008843,1924.770539768213,508.8035137822626,647.4114792705051,148.91108073636983,1147.4611942649792,628.065247040691,286.8689740478899,1794.119060212999,12.970000267028809
2020-02-11,502.9344321832564,576.7856060309416,1921.1918485421934,515.5172527360938,646.9489220374206,150.15173223345957,1157.2857068462863,643.4723974955958,290.99300216529167,1818.3341612427819,11.380000114440918
2020-02-12,505.0584700598208,579.5809291651885,1927.7224648788979,520.5046067117929,651.9110460884273,150.15170803663673,1153.6803167485957,647.9031394730254,289.361493589498,1820.3662851665972,13.149999618530273
2020-02-13,501.9903555492735,574.7124086948927,1997.5407532767265,515.9967790134733,657.8826743719583,149.72636876189512,1158.1869179166063,651.2874516452736,291.85404648438816,1838.1470589906,11.800000190734863
2020-02-14,504.35047399842944,566.0471532693991,2009.34838858584,514.6060310020641,659.9012094589717,146.60706404096567,1163.2339448614312,647.0570496970056,288.72700886940066,1838.1463503591299,11.899999618530273
2020-02-17,525.3552378404491,565.7907287045947,2006.6202951010594,515.7570053227707,658.8079458273388,144.6220579319884,1150.9763170044657,656.4972119467257,282.47301863933757,1854.4025427645997,13.380000114440918
2020-02-18,507.22975050600655,560.6894582060227,1987.745203080027,514.0786372334068,659.102257788104,142.14080829248383,1141.4674197986667,648.97180932506,280.43369440941245,1850.8889895643536,11.380000114440918
2020-02-19,508.5985569869715,565.5346334186361,2004.8759839810766,518.3945505059768,669.6155387249624,144.51572323105813,1150.6159152297762,656.8535465958774,287.54877027546985,1854.65656976518,13.479999542236328
2020-02-20,508.45691053153035,565.6278044749597,2005.9938771279571,519.6414421652555,667.6812449546632,145.6499800612314,1149.4441778425532,660.7276124968037,288.9083294408246,1821.4245310978756,10.15999984741211
2020-02-24,497.6005860025611,559.0588897598949,1977.0110950945855,505.97422248441154,666.2514345655202,143.06243709708903,1129.0294778959149,641.0232160408293,291.7181567717115,1783.7045207296267,12.300000190734863
2020-02-25,501.235107151926,558.1270562434645,1991.0104087262125,503.816158889467,668.9847334905162,142.8497254039396,1117.7631915289703,627.8648619763386,292.03535962855517,1787.3457535392836,15.619999885559082
2020-02-26,491.18119561424226,552.3734229968032,1970.0787711406447,500.8429635343006,656.4528748942655,139.16329457901617,1086.983217159166,617.779020325235,293.8480862531093,1788.9965075421057,16.5
2020-02-27,497.5061801289777,550.2071650172493,1967.9761050856541,491.6835737118118,649.4720008848509,138.87970428046458,1081.5752441179375,609.6078101962304,288.2285078814877,1766.347718872245,16.829999923706055
2020-02-28,484.7617473035942,545.1289278047099,1927.722343377292,472.069908309505,607.2925555769194,136.15031325551965,1047.3254190561458,590.014829470249,272.910758738157,1684.8968812092892,17.479999542236328
2020-03-02,483.2041004886619,543.2887147008902,1915.9590803713402,478.0643052855571,617.1329865312487,137.28462657368704,1037.0054194983786,579.3722800369876,257.45694149647136,1681.2563998447122,19.920000076293945
2020-03-03,485.37534971869513,544.1505738998436,1915.825077870712,487.7032759723413,623.4410245351523,136.5048141575282,1047.370434194182,588.6789307113166,258.5899477315448,1703.524131518445,21.540000915527344
2020-03-04,479.003126083444,527.8913558315098,1925.0387938801757,476.7215495597258,627.0576318534781,132.25120527167437,1043.7202785275872,582.4002405429284,249.34485604088488,1714.5310113799862,22.43000030517578
2020-03-05,487.73545634339206,532.3870995898052,1951.7405401761196,479.5508937627757,632.2722296460365,132.25118655081076,1051.110870168172,581.5543059975552,244.7223725475926,1764.527855510453,22.1299991607666
2020-03-06,482.82647580420286,512.936436314933,1931.5240090772268,457.7793085562303,613.221989199878,127.4304819436322,1019.249624440111,552.654658716733,230.17494649072083,1753.9860412839664,23.25
2020-03-09,463.5681758292307,496.16479331610776,1889.2572914211644,424.83417402810085,586.2237253599098,123.70858215975197,961.9711394042714,487.59719353402716,227.6370815045291,1638.3294550496732,21.43000030517578
2020-03-11,459.74484125720227,508.7435822122366,1848.1089353202944,431.2121713606861,562.7159479085041,122.18438457377844,978.6454477305272,493.385961606044,220.34077564584106,1625.6294553290875,29.649999618530273
2020-03-12,433.5006555547604,467.4896450557983,1817.3815237111164,398.98631250932505,527.7696937731281,106.72967843601991,905.0079562518798,466.98007386558294,189.0706811978622,1488.7631577604227,29.809999465942383
2020-03-13,396.49451099588975,428.23914878954434,1688.9707519203896,379.0370724119701,479.40827299814464,95.4221982835561,802.1683430316998,419.64532802906,167.36288959172185,1275.1454310842842,41.15999984741211
2020-03-16,430.6213812398151,463.55297384409977,1729.9408894945566,381.19506186485506,487.819062142505,102.9723331916913,866.9727687839155,447.5207086747309,199.94723108329745,1418.911803307323,51.470001220703125
2020-03-17,419.4817342676601,444.7779373932626,1746.0866789818076,349.1130824806416,462.58698155725375,103.53946851251781,847.3692836346562,446.7192174587202,192.19767954354052,1374.292099084413,57.25
2020-03-18,384.6468783711823,402.9882455647022,1707.9799131280975,328.30059411407757,444.0834286519798,104.46109027540494,811.1814477953559,427.9277857781092,181.36644980947472,1378.1863960666562,61.150001525878906
2020-03-19,341.5045273130571,370.3765081333751,1571.9659055275072,309.7899255661324,428.3134212261606,102.61786160787219,755.0296122142228,397.29153849959346,179.59900632547544,1319.173852491675,63.099998474121094
2020-03-20,412.212672647667,384.14329386281264,1654.889279957086,309.78992810493173,460.9048253129434,117.04461842987477,749.2612457486955,414.1236220114131,181.27580487655905,1387.6164604939588,65.37999725341797
2020-03-23,377.14179923075164,356.40004449779786,1654.889426374631,268.5485410018706,433.90653751629225,105.77259744825989,636.326835027209,389.9218699453738,163.3748172474389,1379.7278307709314,66.31999969482422
2020-03-24,377.7554313208659,344.1706271376118,1726.4519787839586,257.3269772766563,439.037031100093,104.496531231723,614.1646102329028,398.8945807634273,157.30207795723175,1392.605589653216,71.98999786376953
2020-03-25,382.9004457462466,351.85765452812115,1790.5454625422171,270.0830789596243,475.79172814778747,98.54149424203672,604.1112257820153,428.9296884312166,159.9305876719686,1432.8185917899957,75.97000122070312
2020-03-26,396.7305081904807,391.8070898523411,1842.7410790061745,301.3977484865499,514.8171580813906,101.5544334113134,689.2443524017788,464.1524728836179,167.7707505742385,1469.1078792643561,70.68000030517578
2020-03-27,413.01514907042105,406.2960274682874,1896.8605586726178,312.66717916920527,540.1753165397977,109.88440774888983,742.1155128903729,465.86682419167437,176.74390791182438,1492.8604725296366,65.62999725341797
2020-03-30,404.04679751332657,385.7505983155134,1881.0721167707868,298.3765969429745,522.3867948402923,110.62877745905189,722.9228620042273,454.20014346811496,168.81309609494184,1504.0754701392282,70.27999877929688
2020-03-31,400.27062800015244,390.4094365490034,1954.558672138419,303.0762069407577,532.9843630031367,114.527907759248,723.1056772723158,466.668378147016,170.44457720281508,1518.105047050315,63.61000061035156
2020-04-01,389.3198673784029,382.02354140583975,1930.4504008362649,295.4992509226529,499.5938890928006,116.65471299752843,700.5771260278348,465.421603232838,167.90671123738022,1451.5818839440838,59.779998779296875
2020-04-03,392.34074266330214,377.36471996123026,1903.5250234741018,269.9871454613765,489.62728934406925,118.39158544700312,697.1498741322979,470.3643151321363,158.61635996065928,1407.2324485363147,54.900001525878906
2020-04-07,408.90857781444015,393.8336430005956,1985.867301890994,284.70936535909794,515.4900630349658,123.10600127568155,722.9228168159635,489.8236031363708,160.97292625597441,1454.1400558145754,49.939998626708984
2020-04-08,427.6476272037189,403.5007523687148,2162.4482085250283,302.2130001032507,526.8023542952592,125.23278917281691,729.0462481132068,516.5412959187852,163.55611624600127,1450.7288259590584,46.97999954223633
2020-04-09,444.64025668591967,414.6353356379403,2097.6844693526714,309.4541951261247,531.6385787608582,127.60766306823894,735.1696558203362,531.2360897019119,166.41120089141134,1476.4851671169138,46.900001525878906
2020-04-13,463.5209625651195,412.8649703884256,2070.8478836723402,315.7843078407334,526.5500489967274,128.3520776918448,738.4141082321314,525.4471928092958,165.9580257761467,1489.1078219644824,43.63999938964844
2020-04-15,476.7846523729984,392.7388815867755,2130.3342639443204,311.70811034805513,534.5822558420756,129.52182910862115,794.2098062200589,508.97127785494433,163.28419881851727,1473.5854446194899,44.650001525878906
2020-04-16,469.5155940930418,398.9117801511244,2165.7580051654677,306.2891673486331,507.58389342968775,131.47138283544885,795.2608325717073,509.8619089009577,163.37482049673875,1428.5967392794826,42.2599983215332
2020-04-17,470.3180071931295,413.35415928982513,2105.7795258034703,334.774504171512,526.5081099341452,132.53472882407874,837.164701228698,531.0801974114287,168.85841394750037,1495.0777762008165,40.310001373291016
2020-04-20,459.6503902007978,435.60003467605725,2076.2149423818523,342.39934199267884,537.4418671657106,127.25323317651578,832.5950532591081,535.2436911572639,172.25734041253372,1537.2950047391057,40.29999923706055
2020-04-21,452.33414841339965,423.021187506432,2041.327947434016,314.5854061329985,528.0218771208939,124.80742641119386,788.7260800175935,518.3224819342147,165.86735846451074,1473.5002277586523,36.220001220703125
2020-04-22,464.51221999030804,422.69505860889075,2035.6478116973913,309.8378292974093,528.2322118512158,124.77201175923287,776.8450428584785,578.8825664491623,164.3718589485841,1466.208138635727,40.470001220703125
2020-04-23,463.56810038430325,425.14095463381267,2064.6306758841524,324.1764300720784,536.6848219827632,127.35954369301636,763.1360733322248,602.6167853369822,167.8160722586314,1501.7729131042697,37.0
2020-04-24,457.33755354917776,431.40708852378333,2039.5389890347917,317.94224604267174,550.7307550508507,127.11143510641432,762.3591860724479,599.9003914322975,162.2418465859701,1541.815308625227,34.97999954223633
2020-04-27,463.6154014075666,431.54687829659736,2042.4467352944055,324.176436516989,555.9874881695337,127.11144299064624,778.9013216742923,633.6536843523593,163.60142789036817,1556.4840715388139,35.209999084472656
2020-04-28,457.00715558396854,429.54354590264336,2027.9104112260231,335.92539902464176,549.2588702234253,126.22528273912368,778.7643422856376,619.9163502379175,164.23590383824055,1562.9661116652012,35.06999969482422
2020-04-29,459.79197653603734,435.1806824265689,1986.7619240830138,337.2681538591816,553.4221416298926,127.35956819206447,780.5006886893872,632.3178017703171,166.32055098755103,1577.8488593206253,31.479999542236328
2020-04-30,467.48592722852857,462.2019128631203,1932.195067803246,358.8479583671258,587.1489798203163,127.92672894252216,808.0102315595135,640.3554447044901,171.94011610672564,1656.440575324246,32.529998779296875
2020-05-04,471.92287727093066,427.4470768822105,1848.108890604035,322.25818783806983,563.8092866206395,120.97917520998871,772.2752695154284,631.1822287393294,161.33546828398735,1632.0910677741979,33.9900016784668
2020-05-05,496.6093439202919,423.0445284271206,1818.678391914018,316.0720281079433,563.5149336816846,121.93624810905852,763.1359372276519,644.4297604788242,152.99679272504952,1643.4768676836761,38.150001525878906
2020-05-06,500.3855688263818,421.926395030526,1789.069271837391,311.9478883292609,558.5105844559789,113.78353432950695,747.2335596344218,643.6729315155741,150.95743908000415,1614.9910939648391,40.20000076293945
2020-05-07,495.0989059920573,429.24071060088437,1701.405109200549,320.05232044979766,557.1649711817623,113.78355530227928,749.5182942130758,643.45013963793,152.99678482818328,1606.2495204810723,39.65999984741211
2020-05-08,498.73341446636215,431.0343672092372,1821.2726141035687,320.05229504067063,562.253452827167,111.37315692514981,740.2875986692624,684.4617604589652,150.54956776552777,1608.7227718380557,36.54999923706055
2020-05-11,502.32076876619,425.81650771067046,1821.2277718274127,305.1862264365813,570.2436179429947,112.01121733510983,746.0910608598612,700.1361881322265,149.55255087392882,1628.1254323678259,36.95000076293945
2020-05-12,500.8103136872596,405.8301118234422,1775.651306135017,295.40335172685593,568.1408166168994,111.65671868520127,734.8039488278486,652.3560664564766,145.79107600430203,1629.1915477156854,35.2400016784668
2020-05-13,518.5581510422536,429.5901114120828,1767.0639401485444,318.70949965706797,575.0797835812929,116.61925577969765,777.3020662970936,653.5950534044931,154.53764297554966,1642.3252359938658,33.439998626708984
2020-05-14,505.1528776400181,414.63532980052906,1771.7601207240562,312.33149009096985,548.8804368286982,114.81149693089633,769.0765426982797,642.8291322565639,151.81849631467756,1612.8589684806122,35.79999923706055
2020-05-15,509.21224669642305,407.6471030378416,1794.4367223018398,305.7616161131998,543.9181571055639,114.24433258855443,780.5007873704398,636.1089238922658,149.28061540749943,1590.7697747643338,34.060001373291016
2020-05-18,505.2472685784648,387.28802970101975,1778.8718432015633,281.25661595023456,549.2168086529995,115.66220266203625,740.2875822663281,641.9076865534937,140.4887494189526,1596.654519975991,27.940000534057617
2020-05-19,525.8271482714491,384.8654114595988,1760.5336492865356,284.9491716051003,550.898851341322,117.04461600158045,723.5626121133482,630.7822503273412,138.1321605438392,1623.008076755361,37.95000076293945
2020-05-20,555.6587961639763,387.7073454015666,1766.706046148753,285.3327711568993,554.8099410008298,121.2273127231838,731.1483088510479,626.174724606367,136.999190795208,1647.485133173852,34.099998474121094
2020-05-21,552.6378896094467,397.07154102642323,1748.9943130176953,289.64872321929573,559.6460495941161,122.39704540110243,747.6905049639257,640.559191364533,137.31642114861177,1655.545089140157,32.58000183105469
2020-05-22,554.148314685804,388.10330782681336,1751.4988750605855,273.87151586246944,566.4587103566795,130.86878832623393,740.378998923274,641.2333740246893,135.4583407465532,1672.6876757440032,26.34000015258789
2020-05-26,526.3464669025192,395.41765156323464,1766.706074531645,278.1395392481895,571.0846616959029,133.137356621435,750.3407517671213,636.6483627789014,136.13814733246727,1641.771297091623,30.969999313354492
2020-05-27,522.8535597685276,399.3311269341328,1754.1824158509962,282.7911869008935,567.7203064553988,132.49930994066813,755.8244916223624,634.7154397533718,136.6819503108369,1655.6302254103475,28.860000610351562
2020-05-28,524.8831932837606,425.79319284959575,1780.1242888923573,307.6319251255413,580.3362981773491,133.9880722093161,781.4147450422332,651.3475506452044,142.02959160768205,1681.2587972576403,29.200000762939453
2020-05-29,513.366025602569,430.21910534202704,1789.0694401954881,306.91256261412485,575.4056308612918,133.98808810767696,814.3163435944414,652.9882315987021,140.67004101522767,1673.6684227786902,27.40999984741211
2020-06-01,519.3606237645959,450.08896541371087,1852.760544658113,322.4500562180226,589.5148200132496,141.07740678189265,844.4761892862474,663.4618696555066,148.05702385260543,1689.6172179532232,28.829999923706055
2020-06-02,524.9776603116522,454.3284473137727,1869.5776386686143,318.90137833642586,594.6724112048097,139.44685005910227,834.4686131746184,683.6227235911691,151.54659123920456,1739.893875135914,27.899999618530273
2020-06-03,518.5109859981912,473.08026601743126,1865.1046177981682,339.3302452838255,593.3511272429256,138.6670307866687,872.8081978603219,689.2640858781962,155.89718699110105,1727.857870222522,29.34000015258789
2020-06-04,518.7942739083435,461.73603743466606,1883.2193651509365,331.36967059878583,594.6298755684829,138.2416856641807,848.6803726403887,692.7028597821947,155.44399511648624,1750.7390880419011,28.450000762939453
2020-06-05,535.6924685449866,467.18679512565154,1865.1047865640799,332.80836576324276,597.2726651490909,140.82926872582206,855.9917667286694,707.4020299835134,159.5227115858976,1745.221904268795,25.920000076293945
2020-06-08,546.7848039319229,468.8640344216865,1858.93277669712,338.70681732718526,600.1711995336993,139.65953253990767,867.3246757394152,703.4913080333477,168.40522073270122,1763.869126672349,27.799999237060547
2020-06-09,534.0403735492488,456.35510956047824,1874.095144805293,331.12989763149267,609.5915365683536,140.1203364319075,867.9643110060987,689.1068649169472,166.18460146785864,1762.286537009564,27.239999771118164
2020-06-10,531.5386795796259,455.7261413926541,1874.9448011387394,331.177861708066,604.6043593738111,140.58117277853492,855.1693338373934,692.2759415871488,166.5924919298298,1773.6202449452617,28.729999542236328
2020-06-11,516.1037115886913,449.57649691465576,1874.6315530042048,326.19055675318936,596.9744638604166,137.24917788562934,848.3148002543759,688.2077385143969,159.8399560192001,1763.6123919894196,28.389999389648438
2020-06-12,509.77859299541694,432.3388560083312,1847.2139693737765,310.8449110055828,575.8745738320791,133.17280098110203,813.4024693938084,672.9242267053721,153.90315700443244,1720.159526535973,29.65999984741211
2020-06-15,518.2749924453507,439.3270583245118,1839.8791754360284,312.1876181219661,584.1865625626119,132.07396772080804,817.1495698252494,701.7382332043936,155.8972075888451,1711.5628763924042,29.920000076293945
2020-06-16,506.94650162028375,443.5200470039714,1840.05785392364,312.71516556111635,596.0365324401304,128.95469025465673,814.4534471076786,712.6164520349436,153.5406245914871,1737.2672833192337,30.40999984741211
2020-06-17,510.7226386565416,453.4200073507084,1844.7985028935357,322.35415284410794,595.0561884259687,128.10396700205658,805.2683915242541,720.1682571993283,153.4046701953187,1733.4604857880236,29.049999237060547
2020-06-18,526.9601117780443,452.83772021082575,1837.4189364838935,323.4091264067154,601.8763086992066,128.10394109307495,798.7795648325874,721.7415020695015,155.08147823589567,1732.305606176288,31.219999313354492
2020-06-19,529.6033021289062,471.54281197496374,1852.6158516240966,334.91837082503446,597.6136169604639,130.15985324889337,818.0634955096697,747.0942467519249,162.6950336239202,1738.122439641436,29.68000030517578
2020-06-22,538.4772789648509,476.97036583388126,1879.6350927503088,350.2160143308019,596.7610862679054,129.84085479384234,818.8860760276953,779.90883714488,167.00035978469253,1727.1305989238506,29.969999313354492
2020-06-23,542.2062216810195,473.5927335305896,1892.7847327366715,349.30492415766895,590.026230155318,130.97510583012965,830.7672041747139,771.4129344994001,170.26331231828377,1719.3041560523134,29.239999771118164
2020-06-24,523.9391632588265,479.88217048220713,1913.8592563079976,330.8901510983917,604.7748290673575,131.96763426550334,870.066453747832,769.4350680793638,166.68310476612868,1737.7799689815522,27.790000915527344
2020-06-25,519.2190519703304,469.1435476866267,1902.1509487124351,324.6559719074825,591.2197667298192,135.86674243231684,855.6719990454155,770.0419514480267,163.510778992878,1718.6623082732867,29.059999465942383
2020-06-26,525.9687354588411,478.9270957860002,1925.657913191837,331.9451432918273,605.2863566034009,137.03649466092364,859.5561427963833,771.8175170961591,166.5924751576438,1727.8152471989367,28.31999969482422
2020-06-29,520.3518351802719,483.12007376742514,1927.3691997517603,324.6559964549444,622.4220018971179,139.0923820720821,849.9599309336945,771.1657900960829,161.78864534130656,1788.846089194922,27.979999542236328
2020-06-30,526.2048791865883,492.1116478025816,1954.3882558280175,332.13695706538203,617.4346717126376,137.53273602697882,851.2393512929067,762.1755284855506,160.65567986093765,1774.9462488364122,28.40999984741211
2020-07-01,527.0544893242029,494.44099512162273,1945.4719996257986,337.2202104780125,622.1235517180992,137.99351255101638,838.0787103917786,767.7943931621406,161.87930809976163,1778.7527920581974,27.940000534057617
2020-07-02,526.3935400345651,505.57557783518183,1931.872219911391,346.5714789794594,626.9401938866904,143.59409881464202,846.3042135396637,783.1051378323464,166.77375053800705,1794.5768895589997,26.31999969482422
2020-07-03,529.2256912877838,498.49413796497714,1942.0948555101609,345.08484484437963,641.5183153080762,146.03993115232865,860.5614476037272,797.9769941642788,166.2299076266369,1847.8243011666452,25.6299991607666
2020-07-06,542.8669581726833,512.4706998048646,1939.0772865537208,345.75617117539946,649.1909754887926,148.5883542320786,865.1768716662133,808.8543255351691,168.72245161569663,1886.102098560884,24.540000915527344
2020-07-07,534.3708182060753,509.2327685436883,1937.8610719396236,347.2908036331583,652.6435859361666,144.89138355566718,859.099137629365,815.2634586435034,166.81907239661038,1909.325314848138,24.239999771118164
2020-07-08,527.7152409676496,514.8000211521851,1913.859288260377,352.5178602646298,658.3128020027929,145.07811708315327,857.2713483306358,807.9065001671087,170.7618012485291,1888.3261277898566,25.030000686645508
2020-07-09,528.9426392924865,515.8482049033214,1955.3338678782154,350.35988732999766,660.6998757668727,145.00341658281707,859.0991780745471,806.2139692943585,174.52328242385386,1874.1702189080088,24.739999771118164
2020-07-10,533.993145893617,512.2609447772521,1952.0913962642792,344.317602743711,659.4211240508266,144.8913990871198,850.4625966118771,823.3651457126178,176.56264422773523,1861.2965116240748,23.489999771118164
2020-07-13,538.0997265853449,499.0997546257051,2012.9299623299719,338.0834098214644,670.1200674339092,145.71295331045,845.3901245560377,857.5544142629645,173.66223206264357,1890.3789881800747,22.809999465942383
2020-07-14,546.1712028545053,489.1764824796212,2005.3643425427929,326.67009645370155,666.1133530900535,143.95781826403987,827.8881940278353,851.8224272759982,167.3175738560832,1851.8873373524543,25.25
2020-07-15,528.3289348748392,489.2230485234201,2012.9750517134235,329.69129291016094,677.5797185911975,145.26482473666283,831.041337839598,811.5173778538364,165.8673470802457,1865.6588678306166,23.739999771118164
2020-07-16,522.3342742652637,481.7689581051824,2015.6318276083514,327.05378788542885,762.3623866762733,143.39766622697857,821.1252381324717,818.039164673242,164.6437460040211,1903.2780100810128,25.25
2020-07-17,530.3114605009774,493.04337158833795,2054.3593192946855,331.3217832920743,760.5721533099775,144.1445341616475,838.9926217724087,829.5710262803591,167.68012567015637,1877.516450728122,23.770000457763672
2020-07-20,535.8339990477874,523.7216775257698,2072.0116658298093,340.72092206550366,773.0189304691123,143.65906878241648,836.2508756049589,857.3964422325445,171.0790569660392,1878.1603397649453,24.15999984741211
2020-07-21,534.6539916345845,528.3105714998238,2078.6764641696777,354.91559875900316,792.1578144363707,143.0242364509079,841.3687741958945,874.0285529843062,173.57159468793185,1887.0325213773183,23.729999542236328
2020-07-22,531.3026265348994,520.6469119655198,2018.5588627145744,359.95092443552346,775.7895172205048,143.77109745569308,831.6811490118058,884.9510810546108,172.3026655840804,1872.50171701776,23.729999542236328
2020-07-23,532.4353647275198,520.0412967292306,1986.4060063162851,363.35574363316886,767.8185140654958,146.98263417591494,832.9148838502764,898.7846915588252,173.25433981697654,1854.3263124723455,24.010000228881836
2020-07-24,524.3167560780689,513.0529684515155,1952.6322970929043,356.9297320002625,770.0350319220125,147.35602130150022,820.7595271015516,928.776564146926,172.80115094422226,1821.835692323325,22.739999771118164
2020-07-27,513.6964224668833,500.9865902373261,1967.6727288327934,342.0157553928526,783.1638800988545,145.75025965534778,819.1601947517908,960.4157553838029,169.0397043243646,1854.7552332915848,23.290000915527344
2020-07-28,524.2223802205758,493.6024104210176,1991.3592228413497,329.1637674343824,802.3880314019972,145.6756092869579,821.627941313244,970.6838835389933,168.35991636057136,1898.90581002366,23.549999237060547
2020-07-29,528.8953387336935,491.76216168272254,1994.9168198039151,333.9593014397106,804.4340762008848,144.44328713656557,838.3070933416501,934.4860429521891,169.49287820748808,1925.5253194378784,23.639999389648438
2020-07-30,512.6579424324224,487.6390396521727,1980.9252034108476,326.4782626409795,817.3496248697896,143.77110526508227,826.380299310919,935.1856889845394,168.63181720985267,1947.9860353329693,22.09000015258789
2020-07-31,515.7260887345753,475.2233316206492,1969.980697986577,328.06081233988886,812.7034929291409,144.51795297955763,828.9850807671368,926.5198556854664,169.22094515664753,1935.297811777887,23.969999313354492
2020-08-03,515.8204497992393,462.62120650057307,1979.5230036412245,326.5741401555672,807.7162963834019,143.32295939871645,825.7862298244013,904.0879942280135,172.25734213643958,1912.3653729001376,23.260000228881836
2020-08-04,515.3012245965828,467.28001216894444,1967.3578751019234,330.122864087566,801.8338800032506,143.84578238252047,837.713144996028,902.801648867005,172.66520895859722,1907.5218417344079,23.559999465942383
2020-08-05,515.9620345472003,475.2000032075308,1972.739570336766,336.4049754178404,799.915763915064,143.1735855043918,848.8993996967343,956.082888808404,173.11837736065903,1931.4836185908628,21.829999923706055
2020-08-06,523.5941514650586,478.11177263649597,1982.6886540495238,334.3429410196711,803.4962341587408,144.21922754876428,848.3923208390029,951.3437476637285,172.43859657814758,1942.0711387458468,22.530000686645508
2020-08-07,523.0257705588095,475.4795146677619,1994.4021511941194,338.706840058388,809.0376086055396,145.00340819266893,842.722597861177,956.9404677314833,171.80415404920433,1960.6310633101014,21.760000228881836
2020-08-10,525.6311514300813,486.2880263150572,1988.7938414493638,342.73504375344413,805.8833046142795,146.68385500650882,852.7714812060606,951.4791890501768,173.75286369348723,1951.2439055784046,21.450000762939453
2020-08-11,521.2729806619179,488.47763477716916,1995.3069010081038,349.16102656691316,806.5654037443816,149.37256727386398,882.3648628872097,947.9812996710002,175.61093485643244,1950.857993292014,20.219999313354492
2020-08-12,516.6779618500152,488.24481129423,1980.834884491716,348.87327518702574,803.2405894056235,149.67132434278903,871.2097704576862,950.892324503551,176.38138071299227,1925.9538296546166,16.850000381469727
2020-08-13,496.6873429245753,492.2047992920026,1981.6941561225608,351.27106484087994,808.398275468109,147.20664547547352,877.2483096140097,952.3366680076899,181.95560960035576,1929.340414660588,19.459999084472656
2020-08-14,497.3978917778641,478.60102361089946,1958.2673635612655,339.7138693653208,811.6379000717075,146.01166203463035,897.3921377068929,942.9713613334557,176.3813855385351,1914.4229327040664,16.34000015258789
2020-08-17,490.8606684749475,475.2932569215147,1961.2974633941706,339.85775405660115,813.385421629355,147.01995198759462,910.5755230194276,934.3281075225127,173.5716078906981,1918.8382517909677,19.559999465942383
2020-08-18,492.8028664388492,476.13174101959964,1979.9298405685217,346.81119390973066,817.3070612084666,147.3186970369344,917.6743128445008,939.8570673079405,173.7528670358929,1927.453619839192,18.25
2020-08-19,499.3874052622993,492.0882847861772,1980.8348093141158,355.2513314834678,816.2413478649369,147.95353288297204,926.8935243531445,957.4595415393626,177.55966073832698,1931.0544693712043,17.84000015258789
2020-08-20,495.2187473371483,490.1082387893576,1968.3073820032796,347.7703479627903,810.998482772952,145.3021850658588,904.3987608346214,942.4071530026558,175.15776530156853,1920.3813320367567,17.65999984741211
2020-08-21,488.87107498963474,495.9783105850266,1978.5282335289728,352.0383186916443,806.9489046786,146.6092017261955,914.5398325678896,937.4423813079499,179.14580777599627,1921.2383273992507,14.890000343322754
2020-08-24,481.48115929822103,505.78516286070334,1981.920004939457,358.5602109085857,800.6830037087991,146.64652603767,912.6959278741565,934.5086218851164,180.00687032846935,1911.7653676313919,17.889999389648438
2020-08-25,498.345310983037,515.3590258599623,1967.2670860897326,365.80144529306136,795.9089779979271,145.712949110035,901.4486289210058,937.8936880228628,183.72304644415124,1914.8089799802879,15.420000076293945
2020-08-26,485.08136806031433,516.8965372608881,1953.6995927298708,368.4869616359939,800.0009771421063,144.6299882024256,889.6481576352967,923.9019614666892,186.8500303444147,1900.149323493487,17.219999313354492
2020-08-27,481.2916738407095,515.3823267984022,1958.2220560885326,371.74788513127555,805.7981103994258,144.8166920838905,889.924574453442,949.2902183763626,190.79278585093806,1921.8387516876694,17.450000762939453
2020-08-28,485.17610624377244,510.1412450448982,1940.132656700914,376.83110248462344,795.4400671303105,144.92872540763554,901.8174164903696,950.6442396447251,196.50299237568646,1916.137836647037,16.65999984741211
2020-08-31,481.81277518684146,512.7967889559246,1900.0184844170797,371.65191972655134,779.711017690041,141.90394731527576,866.9689330422774,929.9275487290871,190.65683910520616,1910.0508617198748,16.399999618530273
2020-09-01,487.1656844451188,516.1975966670573,1910.058024003633,369.5419276473598,777.5796934420838,140.59693105270298,869.6425900194945,930.8527654130116,191.42726550780156,1921.452972324514,21.110000610351562
2020-09-02,516.4411634760447,522.1143412619176,1932.4896469214996,365.513752872033,778.7733140425248,141.64255566493347,873.9755262785238,941.0530940448734,192.4242763206804,1921.752763520274,19.850000381469727
2020-09-03,507.4879289505052,525.515384647767,1924.8014722785977,365.4657371206261,787.7248004981194,141.90395372723958,878.861687308501,949.177375013291,192.42427300361393,1944.3424122431506,18.15999984741211
2020-09-04,492.1870117586647,514.5204995331633,1912.0937009842844,353.28517477326045,779.5831916341169,138.6924482528235,866.600241420756,935.2758940537118,186.6234581124706,1940.0133061053941,19.860000610351562
2020-09-07,483.4707756820687,512.0047185314716,1902.8223895660537,353.9085289113193,778.3896815962045,135.0328107970036,844.7047469818979,922.6608419794579,186.17024025404635,1957.5023581396092,17.25
2020-09-08,468.02775678167365,513.8683079141333,1927.6052068157367,354.0524297484958,789.0461547881181,137.8708682934723,841.6623863097163,939.0220876589311,183.90429585354613,1994.9654886414546,17.56999969482422
2020-09-09,465.2802025532542,508.3941747454058,1908.4754232343328,347.09899455430786,789.4297280256333,136.15309061114237,830.6455933758032,939.4507631107281,174.47797479813528,1988.922009462082,20.200000762939453
2020-09-10,465.3749477107548,505.0165018503913,1915.8918277679331,350.50377785835144,788.406724789291,136.8252981824105,840.7866287976317,981.83194598064,176.92516862292356,1992.607888051917,17.700000762939453
2020-09-11,462.86424666528467,498.960066519916,1921.590313403408,350.16808496138606,793.6924301240407,136.48916807896987,840.7865287815948,1032.2698057113957,178.55666487279913,1997.6236390920992,18.170000076293945
2020-09-14,443.6788849909549,490.2712886719225,1912.9978640713298,344.65324907856296,808.4409214623822,136.675883989432,830.645644731132,1029.9679721043801,178.87391411358027,2041.945909291565,17.530000686645508
2020-09-15,445.3369176743296,492.95012848793635,1907.5708292829013,348.8253226289799,828.3471592620098,135.0327923038902,829.7236612292982,1032.743657881546,178.64731342877948,2112.8869916712433,18.899999618530273
2020-09-16,455.2848722621479,497.72539148221836,1910.9173999535806,350.0722180096871,837.1707429478881,134.47266300224862,840.1872654542325,1042.8539659959436,177.87691153482095,2123.7747124311595,16.329999923706055
2020-09-17,449.079210683471,502.2211788279425,1919.5552146342818,352.3740613502791,848.2533606766004,132.79221316895814,834.3792833250689,1034.4138240791433,176.7439113761398,2100.884944401881,17.549999237060547
2020-09-18,450.3108840544264,487.8719961697908,1890.3854919718133,349.6405264718496,851.748661688465,132.19473509396113,826.957860331208,1027.5080681415218,171.94009607857686,2088.710955175567,17.579999923706055
2020-09-21,436.99956970791857,485.21652781988456,1828.9706938566578,334.2469894022993,852.9422009050778,130.7383645299889,806.0303361520299,1014.3288160609994,167.00033738923108,2102.213518224011,18.270000457763672
2020-09-22,436.762700901956,479.6259163378624,1809.0267959018374,335.2060471305425,845.0138509871017,129.76740649960607,785.4717429673818,993.6572461097632,164.190574361717,2107.2284693550023,15.760000228881836
2020-09-23,401.61325792828296,481.8854607448718,1832.362482965437,328.4444696298287,859.421257337911,128.23634734336937,787.8225711446802,995.3498434566727,164.05458918865833,2065.2215231023065,19.3700008392334
2020-09-24,394.27070847139476,477.5294204077058,1840.6836258548494,320.10022926363825,826.9405211979209,124.09125717590322,777.1743752936693,982.1480654339798,159.06953802427805,1974.005025540892,20.93000030517578
2020-09-25,399.9552896336129,477.83229492026675,1873.0645441036093,322.8336735749252,831.2030654016025,124.72608241653826,785.4715929307528,978.198771791248,159.65867650546681,2016.441531345095,18.670000076293945
2020-09-28,411.22963043048253,485.75227138293275,1863.2509761542544,334.8224517175589,851.2371804428481,127.34011610658813,823.2702324602255,996.1398158928262,166.1845796664254,2028.3573816992644,19.350000381469727
2020-09-29,406.9188341673084,489.64238170651424,1831.3674740216334,339.7618530089453,856.0112496397511,126.21982009383926,822.7170398887897,1000.2920490892888,166.093978637036,2080.0522139013005,18.43000030517578
2020-09-30,396.1655266242426,490.1082127427783,1839.7339640953628,335.06221965965807,856.7785175379292,125.99576811087968,815.0650945997936,1004.2412557155843,165.32352653366345,2108.9426702026876,17.68000030517578
2020-10-01,401.37644982189084,507.8584491923353,1872.2958127843453,343.5982262195582,862.5330620383229,127.04134928708856,830.3689933533335,999.276480594019,169.4022354892508,2136.6335149243773,17.3799991607666
2020-10-05,400.7605415689124,517.5953721509669,1883.3305254027982,355.5870166274584,867.9039235150535,126.03311380119568,825.1601429083191,995.665807141331,169.5381989548686,2231.5790621161123,18.350000381469727
2020-10-06,400.8553473384905,524.6766856787656,1906.7116481370651,359.7590892954128,879.242470353503,125.54765397657586,818.8911806248178,993.7024274130506,170.67117781541342,2271.9148925581817,18.360000610351562
2020-10-07,398.9604354397917,529.9878493385703,1911.1885580120825,358.79999633135566,882.7802540190894,126.21983219230547,807.6436929723657,1001.9847094184659,171.39626801688038,2317.2653916926956,19.06999969482422
2020-10-08,397.0655880177176,541.9842595267456,1941.2630786490283,367.0002974435807,927.8783953148898,124.6514085718612,810.4094047829973,1002.9325253755236,172.71053687625567,2400.4226690583355,18.979999542236328
2020-10-09,401.04479788826904,555.1686677283759,1918.5153310389544,371.07648395878465,927.9209462934899,124.24064961442265,816.4480593947719,1000.6757456073183,172.71054705081755,2383.2775919616333,17.510000228881836
2020-10-12,390.19682315910853,561.6677760146721,1920.5049221821725,384.3121177115278,948.0829815233288,126.9666659569214,831.6135000631464,1004.8055389601913,178.78325688452077,2401.0659980046034,19.389999389648438
2020-10-13,391.38103054346334,556.7295203093352,1924.7560513067551,377.4065678834163,968.0746093515298,126.59325505373376,819.4442776346652,1004.625136856039,176.83456828825584,2410.882073914188,20.530000686645508
2020-10-14,389.6757164154692,547.6447974317978,1927.4696554168418,373.09059744987667,964.2810467253182,124.76344086572011,817.9231312066674,1023.8748385588287,174.97648295818888,2399.938880486718,18.43000030517578
2020-10-15,374.2327091378463,542.2870279425914,1936.5596617120138,373.2344449483372,931.3735951587789,122.89629245731984,816.2636547354371,990.7010157207518,174.0247688473534,2347.8083414205767,19.040000915527344
2020-10-16,377.4065670488051,546.4800526713536,1939.273276431197,374.52929205922766,935.124645015452,122.33611426967269,820.0435146338976,980.6134716986062,173.66222479315257,2351.5106599600113,20.489999771118164
2020-10-19,373.28524696568377,555.6112618246535,1946.5545595059937,384.7437251873998,950.8111900591178,124.09128039435396,814.9729978421041,972.7149304876791,177.69562558045237,2330.244692063234,15.470000267028809
2020-10-20,376.08014675784653,561.8075927142334,1928.8714464974362,394.19087361019336,946.292808314732,124.5020425319416,841.7085664735938,971.4060864555798,181.9102565732427,2340.0163850913345,18.790000915527344
2020-10-21,382.3331664451861,569.1684920300116,1931.9923573366113,393.51948545283705,967.6055666125916,124.427363399849,837.6982773162154,946.8077683832299,180.23349154568706,2292.7507047607205,18.3799991607666
2020-10-22,396.0234747216341,569.7741427117008,1947.5490986798884,390.97783816972105,958.05773726199,124.72608710244629,848.3001919824351,943.7612212611413,182.2728449405144,2271.2689568065584,17.440000534057617
2020-10-23,404.8345111314171,573.5943224668267,1935.609786122869,394.9101807208545,965.2043957080036,125.28623886568579,855.5371887450199,946.198506037611,182.68068594446086,2298.8204332723008,19.829999923706055
2020-10-26,405.4977236880161,561.2018812651366,1937.6904228774818,385.0314469099417,950.5558297055002,125.6596654392668,869.3659817390251,911.0387387404159,177.28775084700274,2299.1648058686023,21.31999969482422
2020-10-27,405.024005886399,558.0572585660402,1946.8707899749088,377.1668243600465,928.1523207142468,124.53937152348816,880.5672229131558,904.9455811340416,174.2513772693971,2259.216475254929,22.1200008392334
2020-10-28,418.7616061880954,559.7576751609615,1951.8725045196838,378.65341754960616,922.0346151674694,123.23234790259849,898.129716065629,906.0288613850042,171.35097830703958,2243.633476408196,20.079999923706055
2020-10-29,421.60396342988656,549.0423661992309,1926.2915288119518,373.71403619672014,913.4607770383909,122.0747352878364,853.6933242365152,898.6267852210569,168.49587288049838,2238.682727925334,22.280000686645508
2020-10-30,407.866255191257,548.0406935091028,1882.5950576641214,372.1794348086051,906.7828502367421,122.00003935793988,852.0339054058177,912.5281877849363,168.72246112593524,2257.064244397699,21.729999542236328
2020-11-02,412.1297166002969,548.5765731425423,1871.6710388890565,390.35441949639306,905.705830505592,122.8215972812891,848.7612461394466,839.1169961667077,172.25732851795797,2238.5111057299364,24.219999313354492
2020-11-03,423.9251159415414,570.938791656942,1859.8363585576358,406.8510118915723,911.2204636787559,124.80079123331737,859.6859106065352,828.2621884933044,179.10049613849722,2239.3715741265737,22.920000076293945
2020-11-04,423.64091663379986,573.0352883578572,1866.1632072014334,407.9060286850446,919.2339293164172,125.62233333006849,873.9799864947902,829.1196689111366,179.5083782011092,2247.07694053225,20.670000076293945
2020-11-05,428.8043478216234,583.4478658459915,1876.4957409866022,417.7848029081713,946.9798982592597,127.11606572697258,887.4186050986771,871.9974294692396,194.64490619525694,2296.151270286685,19.989999771118164
2020-11-06,425.15676137286584,589.5741664300999,1898.9815267326508,418.3602284597865,940.6896583675481,129.50602026953337,892.8691220459779,892.8269476303738,196.72958938790606,2308.4625861796503,19.280000686645508
2020-11-09,428.7569890919184,612.7284117705964,1919.0544388614192,430.63672145056563,966.0659520283349,128.34836094896278,904.4283332974094,918.9373091013578,196.7295845633082,2320.343970918161,17.579999923706055
2020-11-10,440.5524134295248,629.6633410994561,1904.8983441607932,453.6551710501244,928.8848090632657,128.34837020273704,913.0741820170718,921.2842908558239,202.122516355453,2271.48522072707,19.899999618530273
2020-11-11,439.65234874721756,638.4917724940213,1915.9137501455807,452.79196696977436,936.6398743627332,133.38970314784552,959.7334069284829,892.8044413863007,206.4278294287577,2275.833055173643,19.0
2020-11-12,450.07405827977647,633.6000411498976,1932.8916953600474,452.07265673985023,959.6897165003679,137.3107249181017,989.0540456384367,886.8917719189561,204.5244282494335,2291.6313147580927,19.790000915527344
2020-11-13,445.28954210857484,627.543520158041,1982.9606505428214,448.4280611210911,962.4900796421414,138.58040797699326,975.5683416150478,894.4518760870695,199.49405238313264,2269.4619678752724,19.559999465942383
2020-11-14,453.81635342529364,636.0225480240146,1986.3743064110545,464.8287151298847,974.6396375086227,140.44756386832228,990.5107973224742,900.5901107359409,206.4278182847938,2290.1675830574613,
2020-11-17,455.94807184516606,643.1973041796572,1977.2711151472342,458.59455072989476,958.7419288161421,139.21521612466984,997.1361224631123,895.9186819311539,209.373565081436,2281.557581831274,18.399999618530273
2020-11-18,446.33169701688894,651.7927935264175,1935.3037990792657,466.3632724024261,949.0911138193663,136.48921043691954,1014.145704728158,884.6801802584594,215.62758097796893,2244.537146702465,15.720000267028809
2020-11-19,442.44727572572737,637.3270588235295,1924.9259984644032,456.34062091603136,942.4993018609314,136.45184112765057,1040.975871601871,888.3360360257459,216.62459802080616,2265.028242003626,16.329999923706055
2020-11-20,440.88406218183314,635.9528025121568,1912.1811944012259,448.95556174344847,940.1727014668417,138.953821013348,1051.1254563217283,855.2976532438502,212.0473754094131,2262.1868502126913,17.0
2020-11-23,450.1214191404541,640.7513680047175,1907.17430803316,447.4210284915889,949.5219068964183,140.89566334991915,1055.213302595216,869.4022304000791,215.808857259944,2294.4289600743036,16.90999984741211
2020-11-24,446.4264726434249,653.1904402304294,1932.1179273828504,451.9288342002754,976.5784651675503,142.35205303961652,1060.3350679079167,871.9974772270936,217.07775393133602,2328.867406094811,20.020000457763672
2020-11-25,434.5362867008732,650.8376544957778,1937.2157575028787,451.83292373843346,957.5354557408277,143.77109993017189,1045.4397948715155,876.6011807335245,218.98118168709476,2314.4028813766267,20.68000030517578
2020-11-26,435.9100328531488,646.1788749098687,1932.2547791716636,446.74961668145994,946.3768967488529,143.8084273175772,1035.1965063441694,871.1173098416299,217.66692194205854,2307.3439607996643,19.440000534057617
2020-11-27,437.7101633356354,659.4798716850385,1935.3951684772449,452.0246684669037,940.08648548473,144.2939075691652,1026.2218140644268,867.2132345680465,219.38905597646112,2297.916301728217,17.6299991607666
2020-12-01,436.2890126379209,664.1153014020073,1938.6723399883683,454.9019675247858,952.1931422474431,143.6964016052784,1044.2650058498418,871.1173516152288,221.38310332885197,2259.5175292010153,19.25
2020-12-02,449.12656307864734,649.8127195187099,1931.8444200066497,452.88788614597837,965.9367090212515,144.5552861341644,1037.5928801762936,873.3514915114731,221.24713497352946,2326.6721092420767,17.959999084472656
2020-12-03,449.07924176855926,640.1457361473225,1930.0243463933348,459.26591352683596,967.40147357788,145.3021491507136,1052.8170481008935,884.0257869322113,224.7820116073965,2325.2513607241167,17.719999313354492
2020-12-04,457.98500842372647,639.7962317098804,1942.313834402958,463.2461812755734,960.7668100440095,146.75854131667094,1060.7579655790391,875.6082215278506,229.81240310617838,2323.7015996623713,16.530000686645508
2020-12-07,468.59614271881185,632.71488151539,1990.9261454423079,483.5311881919838,978.8619669258308,147.5800872257913,1075.0893372720325,875.8790518310219,238.37769486565531,2329.8582433593924,16.950000762939453
2020-12-08,473.38069716183867,635.9992485122616,2039.310654037347,484.7300857090467,986.6168707240066,149.03646333653236,1078.8955344281308,880.1216067950427,240.41705774680153,2352.5006119603636,16.270000457763672
2020-12-09,472.85960960909506,640.6115876636862,2042.1329590809355,485.3534801266286,996.9569770686047,152.84551016285133,1096.093038697827,902.3503351540464,243.997266119014,2404.7594473610975,16.219999313354492
2020-12-10,468.1224666008092,640.9376052871328,2071.0821858975883,478.3520582704832,990.9253750284335,151.72516768709164,1099.5702107010381,903.1401558672769,240.68895208702799,2393.6532515299014,17.420000076293945
2020-12-11,471.15421337861585,639.6564373637545,2123.83681176966,485.4014411243618,995.4491096931723,159.3431786569722,1110.8003611310478,891.0666814664153,244.76764610384342,2380.1369629478827,17.360000610351562
2020-12-14,474.8018169031814,637.3271965605558,2144.91125445998,496.9107099674635,989.3741903626923,160.57550475456392,1125.9306336573827,896.5279305693003,246.8523678396199,2372.991188593204,15.329999923706055
2020-12-15,471.9121510506352,636.3953427628618,2100.4406996276957,492.11510532731677,992.648584344868,158.0361857354613,1142.8464045127512,885.1314481712016,243.045545215765,2371.9149401718228,15.6899995803833
2020-12-16,475.7018629907158,649.673003782129,2096.5260767857408,490.19696688798797,994.0272552754861,159.4552100929538,1171.9320414662714,887.2077202532149,243.36280736916834,2376.6068003361715,18.610000610351562
2020-12-17,485.08137914240484,654.3317337886855,2102.898999300783,488.2787834849628,996.2675777317878,157.77477351577258,1178.510386143074,892.3756687000254,241.73130101377998,2414.962427959719,14.050000190734863
2020-12-18,478.49673191741095,655.1703994436521,2104.719223261477,488.326728257316,1012.9841343643415,156.65448473004648,1193.4995682223046,886.8918178223723,240.1904498590986,2450.4324760420554,14.5600004196167
2020-12-21,454.90589283663724,636.7214349162095,2062.02418058759,468.2335487796395,992.6918824494629,148.73774585298344,1084.486949889041,837.3567098855556,227.54644335840646,2397.743337263038,18.6200008392334
2020-12-22,460.022001354489,626.611840669391,2076.4982268904155,469.09670035420186,1013.4149851000539,147.0572814990598,1140.4499996621932,852.3413781920493,225.0086066945215,2426.7135018451613,16.59000015258789
2020-12-23,472.196393255862,634.0891814577556,2096.7540833440967,476.2420070911872,1060.333157009501,150.8662933329714,1173.153736707184,866.8745845082068,231.67048623849115,2467.007228727365,19.399999618530273
2020-12-24,483.61287105707527,641.5201128121581,2148.4616259441054,484.4423296859619,1056.412399234346,153.55498774916688,1177.9934158721587,878.2710673327456,239.87320361446027,2482.288543876794,15.649999618530273
2020-12-28,489.43956070212215,654.098815394796,2163.02728691323,492.5946651525585,1065.0292561279728,155.23543764770127,1190.2103521189763,900.5675108718648,242.9096209543973,2498.474529582987,18.600000381469727
2020-12-29,488.0184136896387,661.553018050019,2143.1360993892317,496.67088783482905,1064.1676607314378,156.91587902368136,1191.33811158244,894.8128003282234,248.98233979924885,2513.971265302423,17.6299991607666
2020-12-30,486.31301592745507,658.2918192439054,2162.981948446218,503.09688244253465,1066.8818250271804,156.50510771440608,1194.4394887266008,891.6534065904553,246.98831669377688,2498.4740633003353,20.790000915527344
2020-12-31,479.681039360585,663.9056740816035,2172.9952745527266,504.96717060264814,1067.614406551476,155.75826301046186,1204.7766546495602,893.0300772883096,247.0789422329063,2449.4002818053555,19.190000534057617
2021-01-01,481.48112359153447,661.8325508389017,2168.443630261759,504.58344253664615,1082.0905888370053,156.31839423992702,1205.716360170104,894.5646443140231,248.7104141676208,2478.672235260101,
2021-01-04,484.70239330418616,651.7695129308323,2185.4676183716383,502.85706054133055,1086.7004086676557,158.40960555571652,1223.5719677677168,888.2458453983129,251.74681381485922,2532.008279036698,19.34000015258789
2021-01-05,484.2286939211836,656.4282819563354,2189.381605572649,501.6103239560915,1098.6775951199797,157.2892972405204,1217.0405773080956,882.8297431826808,251.0669986755317,2616.9414100045724,20.030000686645508
2021-01-06,486.12352725814935,658.3383464243002,2186.2867159477605,513.9347130173905,1092.6461030616813,152.73347884695082,1221.692433349981,859.8789129484342,255.0550340920426,2614.874178663641,20.43000030517578
2021-01-07,499.38745941905285,658.0821661778708,2152.9677361506615,517.6752066634016,1081.8317363559845,150.94100123567955,1245.1867307983698,859.8788642012053,260.13081284525856,2583.062249518992,20.139999389648438
2021-01-08,509.05117350615825,662.9972126337416,2149.144424044643,514.4142721038121,1101.4348924983926,149.5593108767971,1265.8613646045696,863.0156218642852,258.499334043465,2634.5043176179747,17.3799991607666
2021-01-11,513.0303311592168,669.146943909302,2186.7412257654155,513.1195508027741,1154.6434938259667,150.30616763332796,1263.9817251699942,854.1692713388484,253.42359967099554,2709.019424811484,20.639999389648438
2021-01-12,516.3462981937594,675.1101425268274,2159.340121331494,515.1335358740694,1171.8769150378166,150.56753758477032,1263.0890362628825,857.5092762592445,251.88273542635142,2711.9891241174187,22.290000915527344
2021-01-13,537.1897501000664,681.1666461081561,2152.6037556360247,525.8275831690374,1171.8771265943435,153.2935993566258,1263.3241364472676,865.8817711258671,266.9286359139389,2691.5420753356175,22.3700008392334
2021-01-14,540.0793638646998,678.3247699468085,2140.359484570807,528.0814339094029,1136.0743737254254,158.03617732890325,1274.5543016928011,875.1794202704835,275.3579059653378,2691.617285579722,22.809999465942383
2021-01-15,562.5806390477019,673.2000124513131,2132.7583644214906,519.353705474685,1154.6434461232384,157.7374370563878,1264.0288640941178,866.6038890308039,273.0920065378709,2768.905618643347,23.030000686645508
2021-01-18,553.2959224886246,683.4494394650668,2112.5936034825086,507.2689105643576,1125.3463998167526,160.27677826241498,1246.2672423489344,868.093322463363,264.8439783678452,2749.4108120240853,23.56999969482422
2021-01-19,555.6644805129459,683.4494931587943,2114.961221166011,512.0644802697094,1130.5167527860428,162.44265457112326,1256.4636348803238,900.2741041573885,268.65076081578195,2787.882697791758,20.360000610351562
2021-01-20,558.0330275586844,692.3012023598515,2135.9449858290714,523.6695789261003,1137.883875806407,161.09831955858323,1280.4746701519712,903.3207625071458,269.0586315016661,2818.1592989480555,19.329999923706055
2021-01-21,544.2006957702876,683.9851839846258,2139.313097255961,527.2182756303331,1150.3350610151126,158.48428268791238,1279.0651778782485,936.539722158253,264.2094744735498,2813.8467745856074,18.6200008392334
2021-01-22,542.6373771712147,670.9404637665335,2145.684865318606,508.8994595350009,1143.0537347453296,156.20635750653227,1267.270877129117,918.5535459475058,255.96140028584094,2796.421408031195,
2021-01-25,539.6056459679079,677.9287198278455,2171.174683037396,509.47491451152393,1131.378327696567,154.48857385347588,1261.1625680945715,871.9974047459384,251.11230116499254,2828.1223218457994,20.34000015258789
2021-01-27,532.7842030213201,655.1004922770827,2125.65740015202,497.86976579316274,1107.3375662888109,154.6753229124636,1249.9794136865903,852.1383477435087,247.1695821430319,2783.5697724256493,20.829999923706055
2021-01-28,533.163181617598,625.2141734367799,2084.6919162535214,491.0601336961666,1096.5235523990264,153.66702850988355,1259.2829576919996,844.0140279643443,244.2691755984758,2746.3057219251455,23.440000534057617
2021-01-29,521.6518779354303,635.6965063836496,2049.18899767862,507.79645192038333,1060.7210725241762,151.12768981561413,1245.2806609997024,825.9602859922227,252.97042252704713,2674.021558228167,22.079999923706055
2021-02-01,520.3255444828796,652.7011722469766,2026.611782764935,528.4650888097932,1069.3376482785413,150.7169439170512,1256.6516785453477,834.084477925657,256.27872018790265,2625.8028899313563,22.600000381469727
2021-02-02,548.7956575807787,697.6122920046123,2007.3123364218372,574.21428715268,1088.8112490128158,162.06924602666032,1385.211390424426,837.2214015345261,285.5094190840311,2717.150600042023,21.0
2021-02-03,567.9335883764095,718.3906055316733,2018.7827551305459,588.8884961646952,1096.911303208055,161.09833053937706,1414.343988786989,857.554427887479,295.2983071670449,2728.062342505683,20.950000762939453
2021-02-04,564.3334532568098,719.0661472568776,2026.611378386158,584.0929850174863,1096.0926542603552,161.32237414102494,1419.0426641234421,859.8111124753323,300.10212616427606,2739.5777229687446,22.09000015258789
2021-02-05,545.9533912915311,721.1858866666988,2040.0847802788207,586.0112762235503,1087.4326114957973,169.72459680739257,1420.0764996392024,866.5813559125976,349.0918829640788,2699.0361915221556,20.079999923706055
2021-02-08,553.9591751041146,743.4084666840961,2030.344315356696,596.8969758862472,1099.065589086743,172.89875057309817,1428.4403083427717,870.6659579070334,357.7931467686107,2721.5929242725,22.18000030517578
2021-02-09,563.7176415345596,739.2155420064337,2012.3192230241823,602.8914702675485,1118.3239074502417,170.43408602053654,1451.934527153934,881.1597638793062,352.5814224160121,2729.2267099642486,21.43000030517578
2021-02-10,549.7431368828137,730.0376590097499,2014.367515487176,600.7813684695071,1106.0450258741864,166.62508400673693,1436.6164554946495,869.8760478719553,351.6750801042662,2723.447061886596,20.90999984741211
2021-02-11,558.0330840357312,728.733320020478,2033.7578413073488,598.5755014344866,1105.5710886329,167.67069213251756,1434.5959635980182,890.1640575276463,351.90169501037786,2747.3846426744685,21.020000457763672
2021-02-12,553.8643852759208,732.8330605569699,2031.8918464297722,603.6587124527489,1121.5120378349307,161.17300201128708,1424.7753483164856,909.6394857850835,349.4544395576771,2744.7531826922145,20.889999389648438
2021-02-15,558.9804081065128,743.8744362925478,2014.595549999179,625.3344209385314,1126.2942659811706,162.44265892617787,1429.7090323015004,913.9723837609447,358.6541882039782,2701.2350152998656,
2021-02-16,561.8227834045595,749.348542699615,1993.7030562869836,622.9846582230496,1108.1129097393925,162.25595206314748,1446.2958515079144,918.4859291608079,362.8235164901756,2674.021004983255,20.540000915527344
2021-02-17,559.0278889652287,737.4917872032456,1966.3468351751158,622.7927010978988,1098.6343997614424,161.73316775283072,1440.6572963138133,925.5268870227972,362.6875958966943,2627.053542089694,
2021-02-18,554.432855496939,721.1858900765627,1951.0530810292792,611.5233192714663,1098.6346036693349,162.74139677725114,1423.8825871174313,929.3632772705301,374.9690446316219,2614.5026691089115,19.959999084472656
2021-02-19,545.2428472000983,714.1976188793626,1957.2436954500588,593.6840739855063,1100.185535095986,159.82866606724104,1408.5643245653544,926.745509641073,358.019724186161,2601.6929699093357,19.350000381469727
2021-02-22,538.137250741977,717.202656748423,1967.8033067904737,582.4625660486134,1085.7095216584119,157.64433247354873,1359.9317164736676,900.4096042931712,349.54510281744757,2538.724001627138,20.020000457763672
2021-02-23,534.3474233363445,709.3757564887336,1975.6324197717306,584.1408730930355,1083.5983609236966,158.40958937991644,1372.054682373271,908.8271426020757,352.5814906880117,2560.1600668605515,23.860000610351562
2021-02-24,535.4843616384496,706.3941213068686,1962.2959780080625,589.9434807051355,1078.8161170740752,158.0269802068067,1397.146357528712,914.4914301945876,358.20101418919745,2519.7467566010996,23.479999542236328
2021-02-25,546.7112964637374,746.3435997321809,1966.3471324565276,600.6854332346161,1096.0495150230138,159.78708886839496,1411.5246416815455,935.6370619592543,368.4883873777989,2560.5481784009316,22.6299991607666
2021-02-26,522.7414882541738,708.6070794654332,1929.9331205512228,566.7333370113986,1072.5690443072458,155.34853123444574,1348.7015262954053,934.5989040579532,350.76872110499994,2484.251628398456,22.889999389648438
2021-03-01,493.60820890927397,717.7848845057318,1937.2155073612378,575.6528990866556,1084.8476960408755,156.15205203485715,1351.5676685890046,930.8979084680462,354.39421786374334,2503.0567837670387,24.950000762939453
2021-03-02,501.04548874175447,722.5835260028767,1948.6408974859942,574.5020060121378,1102.253676199945,158.02697973373967,1370.3161716956063,942.9036206682259,353.98634142032154,2542.9076864482,23.209999084472656
2021-03-03,511.6092270431998,729.1059425476798,1978.6367108753934,588.7446219683223,1127.0698332473528,159.78706960250685,1392.118686837225,951.0730007855624,358.9261253832874,2585.0878667758557,21.81999969482422
2021-03-04,509.7144237063872,717.0396036284102,1979.0917687188378,590.6149218128098,1142.4938389671688,158.86877340083234,1370.1751577979571,973.8657789482086,357.5212179659752,2601.606830055768,22.09000015258789
2021-03-05,496.8294322304705,708.653684228834,1980.2295588248996,576.8997864746017,1124.5279857096573,158.56265294792854,1352.4135835233337,971.7671384426377,342.7019675423475,2584.829471136932,22.860000610351562
2021-03-08,497.16104032333516,704.6470875565886,1974.5398220739137,576.5641169358287,1134.9972246111543,158.94528276482325,1381.452183996833,978.5147413680846,349.90758227466887,2584.3122768891435,21.200000762939453
2021-03-09,487.26043293028135,716.6435753613281,1968.2130832949877,587.2579940819137,1136.332750591368,156.68776682579283,1401.9392149735686,968.8558884914019,346.46339699612867,2580.9477962993865,21.440000534057617
2021-03-10,489.2026569122273,723.1194044980812,1996.5703978178844,596.3694631030166,1167.568499766013,157.49129200618083,1416.693326200685,979.5301951697431,349.59043999004416,2639.517600154739,19.31999969482422
2021-03-12,494.12927495653116,715.1527564719762,2002.7605746470688,583.4695643040568,1180.5371214569877,155.73115072660732,1412.6053480794126,958.6105036545637,342.1581112414152,2623.4306849869185,18.540000915527344
2021-03-15,489.25003038217903,705.9515634062038,1987.5579907727815,566.4454955824935,1170.584201812019,154.27720636699092,1375.1557863220007,939.0219967848262,334.7710894268219,2623.128518944657,21.0
2021-03-16,496.4504165145935,703.482411308208,2015.7786637953175,569.3708550437967,1189.5410255917236,156.84081527383725,1369.2353055089634,945.7922708635552,340.88915969492854,2639.5176408388097,18.059999465942383
2021-03-17,491.71337116802556,694.257860034132,2020.2848985763123,562.9927484643368,1190.8337189358776,159.59575106697173,1345.5062762004543,918.5309656400523,331.7800396282238,2661.341432807614,18.6200008392334
2021-03-18,488.2552522066491,690.0418065175024,2007.3127825342024,551.9631478339903,1131.809161445135,162.15941614866284,1334.4641108060991,903.1401815146905,327.29344623975345,2576.5916781654355,16.68000030517578
2021-03-19,497.8716166782054,686.7339552850576,1995.0229016266571,546.688035819775,1135.68678306558,164.95259458321027,1295.5580296231224,894.925692603433,323.80395366475295,2592.075298198224,18.729999542236328
2021-03-22,495.50303755187167,680.3746400095504,2095.6161665667396,546.2085449749106,1151.2829458450037,169.50591956424753,1308.3857411495646,917.6734905482226,329.4688168143706,2603.849474474257,18.969999313354492
2021-03-23,494.69770199884147,684.4277626140187,2124.2007388352918,550.8121309050565,1171.5321544195988,169.35287393733188,1313.8833141174366,927.9641218620927,332.68646122752796,2693.7312322907105,20.489999771118164
2021-03-24,494.08192828211276,685.3129940326869,2107.9511841646977,541.8925894178483,1160.028898540296,164.72299684080264,1278.1252997479287,920.9232211318065,325.0728260682871,2683.6390097502326,19.75
2021-03-25,473.28595157207883,675.645914661059,2031.0271826330572,534.3155888768913,1143.9585825402114,159.9784209965196,1279.0179344805326,895.9185912312565,312.88207097315717,2630.8916642888676,21.1200008392334
2021-03-26,483.755005424877,686.7105981715239,2047.1853369863338,550.8121838140233,1147.7499073190118,160.9732252785783,1298.753098811912,890.8185894008787,321.35667935924687,2624.8966060749212,18.229999542236328
2021-03-30,489.1079191575229,699.5457690431183,2116.5536580127996,558.197278995104,1151.326175920074,161.01150616060514,1311.4869166080375,898.8750045089173,322.942869881549,2640.293607249068,19.56999969482422
2021-03-31,489.10793697131396,693.2329875307913,2168.1255096577333,555.3199595978914,1174.7204023091629,162.7716086921781,1325.4423090315477,902.2374989986004,324.438363326024,2701.623624954039,20.0
2021-04-01,487.49732032932087,682.517753050711,2177.5930031394214,556.4709508625982,1181.3552120200663,166.29181598834586,1334.9341189148738,904.1105608753422,329.10622094149545,2712.8380911828594,19.729999542236328
2021-04-05,487.54465236929116,666.6777380747972,2136.1264286758455,540.4539231314961,1195.1420308277966,161.08802998312458,1298.1891456772323,885.5829932474485,316.3716114628251,2718.012880756948,19.989999771118164
2021-04-06,496.97154785181584,667.4463660295091,2164.2108263185673,541.3170845907209,1211.9015711911009,160.82017846651107,1309.3723882305928,888.6971873373794,316.5981664125677,2786.1580945738892,19.809999465942383
2021-04-07,507.1089806355409,662.2751377162687,2173.314030718697,536.5215987427681,1212.0308440098686,162.58028900892052,1305.5663495582855,899.6648545655975,315.0573739166869,2790.298076321503,19.43000030517578
2021-04-08,512.0829246020226,666.4447441652386,2180.8245178363695,549.8530441722431,1224.4391021437357,162.88638710762268,1325.0664249488439,899.529411169469,321.13013163465513,2817.2538591748644,19.170000076293945
2021-04-09,508.2932881523454,659.2701568738823,2206.678133519285,541.8925840561989,1232.2371605200397,162.65681898260263,1312.943506369211,893.661932570132,318.3203414770651,2853.4390867211605,19.68000030517578
2021-04-12,491.2396450395315,630.3389117959538,2219.0591345193616,509.42697339280977,1219.2688636839985,156.87908698463505,1251.7647697906316,857.6672732350632,292.3525098259839,2771.665732059278,19.790000915527344
2021-04-13,495.59777204149765,634.0659755901213,2229.2544925866014,515.8529177909982,1184.8019580352127,157.64433050924424,1266.0964253311238,865.610966973059,299.5582763134909,2650.7744371664544,20.299999237060547
2021-04-15,502.3718901645824,648.0423726368563,2204.0387192587677,531.486332101294,1137.4098505247566,157.64433767951934,1276.2928151040228,863.4219285584875,304.63401197080003,2663.195486735529,18.25
2021-04-16,509.7144477180736,663.1835192520597,2221.2437718769925,541.0293419275475,1160.3304634750934,158.026965908022,1273.6614746057394,869.492436882543,306.9452732081383,2745.271130624356,19.479999542236328
2021-04-19,495.73988287792986,639.3304557823059,2197.6204092602025,512.5440312734322,1148.0517142642886,155.92249304067846,1227.3311597374097,853.0409979470431,291.2195908424435,2704.297816180099,19.809999465942383
2021-04-20,498.2505291306938,644.7579018863605,2170.082413361539,529.9995429520623,1156.7113982865865,154.96589630219367,1238.326262341981,853.244099852856,296.1140660621531,2696.750170373957,21.239999771118164
2021-04-22,498.392632777284,638.7480269006979,2122.9264292265457,524.5328030452572,1159.0810883205606,153.473679066121,1228.5058218989823,847.038126173648,293.03231194223235,2678.549690851498,22.43000030517578
2021-04-23,491.8080499753307,652.3284823935682,2093.7951624451575,543.858657083305,1146.8882956923953,156.30510845379956,1235.2721857934941,855.4556567138424,300.6006270919663,2666.3008804288893,20.209999084472656
2021-04-26,495.266226408766,653.5165369836191,2103.8089915610585,563.9519173878646,1138.271597645071,156.64950400564047,1243.3070818963947,862.7448293401166,307.4891413524987,2663.7131917577217,22.6200008392334
2021-04-27,498.5822197385195,654.4715865158399,2141.9978951601033,566.9251150463095,1154.7728141940079,156.91730744702022,1255.429844287465,874.8183510247649,310.34416983286343,2676.6089861834494,22.31999969482422
2021-04-28,507.4406283971341,666.6777004956049,2154.1508261255212,573.5429218567261,1158.607190239735,157.10864010467986,1289.8254110213547,893.7297060704715,322.7162816193674,2684.372177800576,20.969999313354492
2021-04-29,510.7565345750556,680.6541326085659,2170.400991098794,584.0929247836123,1164.4665661928148,156.15206061927597,1271.9697658440507,905.9837012820783,322.21778194094685,2678.765309523526,22.110000610351562
2021-04-30,505.45100146012504,655.7295009309773,2121.332951438446,573.6388059209825,1159.7273179909107,154.58329611236115,1255.6179843520883,897.0696639164535,317.6405234469952,2605.0142616765515,22.600000381469727
2021-05-03,501.23491279824043,641.6599197428953,2130.2088010667567,563.4723626573465,1152.920047085616,153.05275809109358,1239.6889924199554,877.0073762854873,309.43779122762413,2591.212835317542,21.84000015258789
2021-05-04,517.9570234708485,644.4550067357449,2159.522472157651,564.9109914356804,1140.9429716231084,152.36402096441486,1250.8252934328161,862.5192105636345,317.4140032739253,2617.9533466658386,22.18000030517578
2021-05-05,524.8731543551557,643.7097015544721,2156.290481947592,560.7868856860832,1144.1310188875818,152.6701250161551,1244.2468463840005,861.1877417678091,315.4199362222106,2632.9619318281,
2021-05-06,523.5469142743223,649.9059455621662,2163.93762829593,574.7418316808582,1152.403020957983,154.65978564658602,1255.2890455994877,860.5332540943049,317.7311662543103,2651.5940880845924,20.1200008392334
2021-05-07,527.6207091481201,657.010645926894,2182.2349897699123,579.0098405499609,1161.9676968327874,155.310257174009,1258.343233693335,869.289350739611,319.9517765191578,2684.199192594216,20.309999465942383
2021-05-10,539.1793890586273,658.1986565682562,2199.3955178633396,586.0112711754421,1150.3780816751782,156.8790785132281,1265.8613265498993,867.0100416182049,325.2087894389335,2695.585756267013,20.139999389648438
2021-05-11,534.3948748097031,649.9292210583383,2179.595639247761,578.5782151021709,1141.8045796830766,155.92250424681046,1293.2084878437126,862.0678019203975,321.5379912051795,2666.387081531657,
2021-05-12,528.85235972276,647.0406611587648,2116.5996424641457,568.9392460811447,1132.6704811722873,155.2337686654477,1294.0541661548461,860.7138832120156,328.01858890150163,2648.661208109403,18.360000610351562
2021-05-14,526.9101982404161,644.0124771074226,2117.4644400157854,566.9250778421932,1129.913344241812,156.11379379235328,1291.2821969391389,860.2625054108522,325.8885519732053,2622.265548193511,18.229999542236328
2021-05-17,517.1043034750714,643.5233185186172,2154.33335687837,576.6120989007593,1137.668672244702,161.96808702210188,1285.7843821048737,871.2752855358857,329.6047707555756,2618.8156503863306,18.360000610351562
2021-05-18,506.44583303887515,677.8588806961257,2154.7428592142082,600.3977992257635,1145.595490139634,160.43756504355238,1312.8495142595657,890.2768962963072,344.4693643485578,2655.0436344451055,18.309999465942383
2021-05-19,498.5348452967281,676.7174196350752,2133.8502878681534,597.856090331825,1148.8270715158558,158.8305149983462,1315.6687508513044,890.0512067367108,345.511682680443,2645.641916655821,17.229999542236328
2021-05-20,492.6607443189724,665.5129794058325,2130.2092143028094,591.4302131553919,1150.334798760357,158.25654041723743,1317.2196032250577,894.1133478678807,346.2368095888765,2632.7034650661194,
2021-05-21,494.5556399696338,672.2682391694295,2130.2094033594826,596.849003212648,1160.1150295972031,158.71569941642764,1322.3411132999504,896.3700373777015,342.61130616903847,2635.291046239091,17.1299991607666
2021-05-24,498.3452501181529,698.1247151463558,2116.781651137886,611.9069936759524,1159.037954034809,158.98354817554517,1325.0665831916897,894.5646545808229,367.355421575903,2649.868408242739,18.719999313354492
2021-05-25,496.9241406242244,685.0800402672332,2128.3883598651796,616.2229960725571,1167.0945019989106,160.89669358750527,1355.2329206544237,884.6350172082499,370.25585734336846,2671.5855179759806,
2021-05-26,497.3978947222108,684.8470982712885,2134.988818717185,616.9902160071322,1173.6434732190312,160.93496470380018,1365.2883898505067,887.0271801611135,372.3404959873523,2690.3945558736723,17.229999542236328
2021-05-27,491.42910212874165,681.3296209109294,2114.642158857292,621.5939224209535,1199.1917671452106,160.9349843386851,1373.699212542129,885.6506014850115,373.4281801260522,2740.669958334037,18.350000381469727
2021-05-28,493.03971894182644,688.923635068822,2111.4111131906416,613.1059126319759,1202.9835082940467,161.89155304204746,1385.117370455686,898.1754320907405,380.72450388670495,2718.0030028761844,17.360000610351562
2021-05-31,497.4926561520298,693.0000700403444,2112.138866773333,617.421720973144,1204.5550140134528,164.07254585273623,1369.752143002025,941.0757172389948,378.8664358496929,2711.892022501999,
2021-06-01,502.41922441695476,702.2011992377004,2121.651875595572,621.8336567350354,1200.7662615923773,163.95776613217427,1374.8738768211108,968.8107952002592,385.7549422399594,2714.8392908911155,15.3100004196167
2021-06-02,500.2400929258668,695.5624273584244,2139.312399700051,614.8801302309209,1188.877439690679,159.63402198101588,1367.4028715193208,973.5500221853252,388.9725636669023,2700.1026163758843,15.170000076293945
2021-06-03,500.7139029296663,693.1164964428573,2134.760702414247,618.3808849295118,1199.3728128462976,159.71053868673184,1384.4594367146703,991.197541606595,396.54291980030337,2706.7342420318428,14.149999618530273
2021-06-04,503.2719226263351,698.450880106164,2124.701306227106,613.2497704003066,1199.895135909989,159.17486455081044,1425.5270908424957,985.8490553582253,394.94214186450716,2708.7712979932903,14.9399995803833
2021-06-07,504.9773627908339,696.9600872352875,2122.016106726803,617.9014160542043,1199.5905559874905,160.85843823238224,1447.9406095193526,986.1876070242225,394.07308049836104,2716.2257499250245,14.739999771118164
2021-06-08,505.9246847582873,690.2047394524685,2125.7937802870733,611.3315052035515,1215.4856670818356,161.62370913696216,1452.9212291025099,992.1226844618565,387.8528269834818,2762.686272510254,13.569999694824219
2021-06-09,507.2037340571984,685.8021006935529,2135.306907926836,603.0832240518123,1223.3677875718358,161.85330748302562,1422.1441339092794,973.9786921208427,382.54730464211076,2761.8198569692045,11.949999809265137
2021-06-10,511.9408201686898,686.5475762237011,2144.0923141324556,605.1932812914291,1235.9100480756292,163.38346496740442,1423.7416050049712,982.8250618353879,386.38920964239014,2767.714193512104,14.180000305175781
2021-06-11,511.65659041638014,689.9951518338157,2148.41600448315,605.6728103794136,1245.0117908720927,163.58031478948354,1408.376655001127,987.4063134106076,388.9962771361186,2783.316686882457,13.9399995803833
2021-06-14,501.4718342352639,681.3763277503531,2142.50532430887,597.8561349416061,1265.9149167591186,161.57246070451205,1388.9703418468064,994.1774433422952,381.1752041872797,2834.7615618028526,13.739999771118164
2021-06-15,510.0933688437649,687.0832688281489,2163.9608848323137,609.9888112615682,1274.2326973679144,162.9897630224377,1415.1427797885783,1014.6719292575741,391.5118207831599,2818.4658777931895,13.279999732971191
2021-06-16,506.7774026760392,688.620690504738,2185.6462212139104,611.5233876726661,1278.1520499296114,163.02915429752144,1398.368046775961,999.0689384128791,388.767575638383,2819.7230786942005,13.619999885559082
2021-06-17,499.3400972191291,680.1883409819129,2188.1681255208937,601.0691204556568,1284.7714054916353,161.41499279855987,1391.0847497663306,987.315775310826,381.08372438081153,2825.7902937443487,14.529999732971191
2021-06-18,491.71336168370885,677.8588747869461,2205.223368670746,595.3145587841507,1295.4846445139028,159.4465253041258,1372.1485588575604,989.3311797612216,368.3229680521954,2838.793206533429,10.600000381469727
2021-06-21,504.9773183297535,679.722338162738,2262.07313421068,591.0466358147045,1292.6973503763622,159.36779261442777,1360.0724501488342,996.4873942658087,366.35626478802953,2818.5954722116307,14.380000114440918
2021-06-22,507.3457957045309,689.5058694609507,2275.5056476894124,603.8025567466973,1308.287924356051,160.9031885995469,1381.0295358386443,1005.1833424900376,381.72400899267575,2847.460214181411,14.430000305175781
2021-06-23,504.69304036192034,688.8538199409326,2254.0037733490876,597.9521235368538,1305.2828944498028,160.31263931946552,1387.1848636667069,997.1894056266616,379.6200938631363,2822.6693842675513,13.630000114440918
2021-06-24,499.6717389552428,693.2329979253112,2268.583699517662,598.9111757172107,1316.2137024706592,159.48590476824018,1392.7294635301917,969.2443347205035,380.80927349198566,2841.8263469526496,14.930000305175781
2021-06-25,501.5192180038563,702.0847017398665,2241.9005994215163,610.0846551708498,1343.910420301235,160.43075740787063,1416.6934833909954,942.5675134722279,383.3248358614399,2903.8025544497928,13.279999732971191
2021-06-28,502.5613468687335,701.152989466271,2234.8402203445676,619.7237415669875,1359.2397942372882,160.11579758533665,1419.3717241883128,942.5221576464701,388.3559226272055,2889.0671014114832,13.119999885559082
2021-06-29,496.45046899095183,698.1751031497531,2241.900057152736,610.4204555395179,1358.020327926008,159.95832076857215,1413.3102059778105,943.9262837366043,384.6969579204669,2883.432819803857,12.899999618530273
2021-06-30,496.7820598859527,699.0875014782571,2258.405039493917,604.0423039673072,1369.2123646290893,159.4858933987964,1405.4163796625357,947.0739074539041,382.6387717749082,2893.8343034744407,12.600000381469727
2021-07-01,494.55561123130235,693.8938172608038,2258.404946832911,604.2821076707339,1357.889882075595,159.17092269643274,1390.9909086317125,948.863024683412,381.58679445707094,2888.503617177266,12.329999923706055
2021-07-02,492.6607223781522,691.0864399872784,2248.3189982391996,606.3920665593503,1343.562171167975,159.2496873330216,1386.6210454917632,947.9345627995748,383.2790900152796,2856.3020406216624,12.020000457763672
2021-07-05,495.7872701817188,694.6191264593356,2278.6233928724373,614.9761336345248,1359.6317225292362,159.60400368727977,1398.3678560390301,965.3945518663345,388.08150976135767,2862.1959545729355,
2021-07-06,493.7028974427822,699.9765092391489,2263.9064587414687,618.8125830167583,1356.1914836281308,159.24966295112662,1409.6452655367818,960.2765977537204,391.69479327474636,2822.409775579186,11.289999961853027
2021-07-07,495.69247729577944,714.8088503924621,2242.680089663253,619.483922761321,1345.3478934518514,159.28902642187114,1404.946247443603,950.2218196134942,391.1001567984235,2809.841142245182,11.149999618530273
2021-07-08,496.0241126077806,708.1412739982538,2235.894592064295,612.0028879869421,1349.1364342125682,158.89536465781435,1406.8257778312106,942.522218479792,386.1148038004786,2801.4328444405023,12.0600004196167
2021-07-09,495.5030082857514,700.6783302804919,2235.8943289239505,607.8787752319606,1350.8783260723017,158.18669659381723,1396.018524105102,935.7737479702222,385.1542864540378,2774.648607344789,12.180000305175781
2021-07-12,500.8560152110966,694.3616847312122,2228.146827595149,616.1270006429642,1335.8539536554729,158.2260514927566,1401.7511172091367,939.5782363454429,388.4016624352391,2763.6836928709663,11.8100004196167
2021-07-13,500.42965695982446,694.408481768072,2228.1466342668764,626.2935423346427,1338.0751812303984,158.54102535919486,1410.913922396378,945.7152754895722,391.78622136649943,2752.1122523734884,10.670000076293945
2021-07-14,498.9611602330976,697.683770870483,2208.890980855154,631.2808192809779,1339.642629656662,158.81658644758966,1417.1631952187822,942.6353689523012,390.04818904060664,2760.779374057335,10.489999771118164
2021-07-15,497.3978428984075,701.6842752394408,2201.5556139842724,634.0622555783191,1355.2332134406452,159.76147136460884,1456.5863518498786,941.3899132919198,393.02114423953844,2774.623139694448,11.079999923706055
2021-07-16,498.2978962358722,710.6445968457965,2206.13983136178,630.8012805513392,1349.6589824626813,163.147251261598,1499.0166371751016,945.5114158643191,391.0087143254142,2772.8857169254143,11.630000114440918
2021-07-19,501.4717733678025,685.93955901332,2199.2632901134525,619.1481514448853,1339.1638693330044,162.47797415250267,1501.366027357626,947.6174964042133,383.1418676668262,2758.986627079998,11.710000038146973
2021-07-20,495.50305255667377,671.9726951071301,2203.3898217750307,612.9619898697231,1339.5557637771587,162.5173528689654,1486.7058541786487,943.8809767465054,383.187625821321,2741.742289476744,11.789999961853027
2021-07-22,496.118804696575,676.113646226117,2178.173977266171,621.7857112766325,1359.9364422808278,162.08426836247955,1495.6806555032636,950.289713605715,385.0171075370059,2771.147799064381,11.720000267028809
2021-07-23,504.7404491935867,671.5750295688387,2159.101044993088,624.1355559516423,1380.5349927726625,162.59608301411097,1510.0589542743382,952.0561048845019,383.73646459295605,2785.612190203211,11.569999694824219
2021-07-26,513.5988121685397,668.2061401271644,2143.7887180979756,636.459871612079,1388.4173074229864,165.98185926370093,1496.855171361582,938.0383595793566,386.2977162148494,2771.8865498779865,10.399999618530273
2021-07-27,507.9617063395111,671.9493846985216,2138.2869878169404,645.7632343624089,1391.7270559963727,163.73778168946245,1488.82018976554,924.8584510240973,387.85280583552577,2746.0857705956814,12.100000381469727
2021-07-28,509.57224564257456,656.9297566466004,2148.4649408194014,642.646187001588,1380.9268245638377,163.34407710098114,1475.972083019454,913.1956670017476,385.15430874207203,2721.1105855038863,11.359999656677246
2021-07-29,535.2949713101481,661.281275286732,2136.4531634811005,657.0808042502404,1393.643092143495,161.926779519006,1507.3352281766429,925.4924300252735,389.22496418132647,2771.4089257268242,12.4399995803833
2021-07-30,528.4734438983423,658.7780162695392,2125.449889543974,652.1751271677541,1398.9124628703291,161.10002059468,1506.3848781903728,919.9215431668897,393.9816543549279,2747.12860308686,12.180000305175781
2021-08-02,530.5576914118868,662.6615646871396,2131.5017049350254,651.8865382810734,1410.2785613387637,161.76930320964087,1522.589373185783,924.4733894897529,394.9878254909973,2751.168029558959,11.520000457763672
2021-08-03,532.5473122251547,659.7371752995092,2132.8773893409325,650.8765187967865,1424.5627475551084,162.5567168532533,1530.430045849833,934.9131634487219,396.6343682257757,2796.2972614898176,11.960000038146973
2021-08-04,540.3161494334964,673.7741393555907,2170.884360008576,666.7961529435853,1427.5675389174712,163.85592096506727,1533.5664844682924,945.2396345210956,403.8609179863568,2832.99977665973,12.649999618530273
2021-08-05,547.1377217235661,681.9155425555743,2158.459688526799,672.4233294150374,1434.5352122939364,162.91100875088466,1529.0045783396986,953.0525024475675,401.0251717465032,2834.128910407723,11.199999809265137
2021-08-06,557.5593529239505,689.6827950662217,2161.6690445026716,669.200923564314,1431.8786998912153,167.39914600414244,1528.5292874978588,941.5030673967123,397.00028573672193,2836.3014908746745,11.640000343322754
2021-08-09,566.1335484471949,690.6185265864331,2177.5779575233714,667.9022553499315,1433.9691421507919,167.4779127899969,1511.1369690921274,935.9548618556917,394.256058749789,2875.39213164299,12.029999732971191
2021-08-10,566.938786074112,696.7012282897388,2163.136352893004,670.739847479119,1446.7290319910098,164.21023734926786,1494.0296537612596,939.2385654839516,385.74891432261467,2880.2572815085764,9.979999542236328
2021-08-11,581.4345157058507,697.6604700186167,2165.978485886235,663.7179822835677,1452.7820242183186,163.34408419340386,1485.2385087530881,943.6091647712293,387.0752699626527,2890.2471878777355,10.470000267028809
2021-08-12,584.5610120502531,696.8416105444284,2179.961827597547,666.89225561203,1458.008185126683,164.052745827261,1503.5336777824882,953.3921717385531,388.7675824369353,2889.290685660942,11.359999656677246
2021-08-13,585.6030704811005,702.315909852567,2189.6355015498284,674.2989770116207,1473.075933355373,164.7220198431415,1544.4009079765895,955.181228214771,388.76755167640727,2916.6550648642624,11.399999618530273
2021-08-16,598.7722724363844,711.8844260903736,2193.89897972999,672.0385289528454,1472.030646043933,165.7456244071306,1571.3447724339362,963.8771679992134,387.85279989886135,2985.28227245685,11.380000114440918
2021-08-17,590.2454943649722,704.3279174821225,2229.1090990343637,665.1608540517307,1468.9386381583163,164.40707761184717,1544.4483101362493,972.7996796494008,379.84880849673084,3008.303191243384,12.029999732971191
2021-08-18,588.2086085530008,705.7550455915143,2250.153031255165,657.5617134755323,1504.1693797550522,164.05274749216665,1546.3968905414372,974.9511198541776,382.36435209591116,3072.2391472921595,11.119999885559082
2021-08-20,575.0866919290291,695.3209025897706,2270.3258756450473,649.6259625357944,1494.6759407419665,162.7535428531889,1511.1368089107038,967.88554870858,370.60983500356787,3040.4442831243855,12.350000381469727
2021-08-23,575.655139558141,705.8954364767717,2378.981603002481,648.1831654520779,1508.5243779767254,162.20237762887444,1490.1330789865883,965.7568499022403,367.0423246390654,3094.2167377739142,12.729999542236328
2021-08-24,584.6083574066655,714.6919994548505,2393.194482254973,654.4837088913059,1491.7145412231635,161.17876270352227,1504.294106649626,976.3098780018888,373.39985517300266,3122.4494335776335,13.100000381469727
2021-08-25,578.8764166105404,724.3071851475217,2402.9597075006236,660.9766128160503,1496.330844263311,162.20239896282928,1511.136966440239,987.4064100092222,378.9797814680828,3133.4390255895655,12.270000457763672
2021-08-26,553.5801760734447,722.1783170615628,2412.449852741006,663.7180027249211,1498.0727289530273,160.90321211229585,1506.384878611277,998.6839258042111,375.0463309958441,3168.9252138816178,12.109999656677246
2021-08-27,554.290741473897,723.0205690591855,2430.880490110069,662.8041684399942,1485.1824068076487,161.33626214192216,1518.7877219508207,1003.6887734868195,372.7594961495837,3171.7054970558997,12.9399995803833
2021-08-30,559.0752248067874,725.9916404384651,2449.6774594419235,674.2028693139456,1472.2919948958422,162.2023706557649,1563.5040007935563,1013.0867479284576,378.2479800785992,3203.4128372022465,12.399999618530273
2021-08-31,592.14036247644,730.9513084677536,2453.3910785585317,682.330898379746,1468.3289836646177,163.18660069675235,1563.4089168708592,1015.5551545716548,383.00468785192083,3217.1812317850963,12.640000343322754
2021-09-01,619.6156155815833,736.7065639444443,2489.472248332538,689.8820176900919,1457.267717526702,164.80076019471187,1589.2597358925007,1024.9533974079704,388.9047676812977,3220.2652761964287,13.899999618530273
2021-09-02,629.1373104929597,735.1859466860024,2503.3636077813917,690.1704782179872,1448.1226074122255,164.56455029929995,1598.5736718464384,1021.3299483032399,391.28314583574775,3233.2956131746023,13.609999656677246
2021-09-03,619.6156962925971,733.8056692712737,2527.0667935123734,693.6333019308387,1467.0660576377923,165.1550868255795,1589.16474508915,1042.8435137983438,391.6947738645858,3305.00657334456,13.579999923706055
2021-09-06,619.0472613015864,730.8343690908638,2544.7632589993036,692.5752374755424,1480.0871202894011,164.60392347909217,1606.3669768692218,1092.4380047519112,393.3870106393673,3313.216261819144,14.0600004196167
2021-09-07,613.931016749403,727.6760612202143,2539.9035303049654,684.5433556936505,1484.13709211518,165.4700794358258,1596.1501729602578,1092.4379602260194,388.85904702541853,3308.220509217382,14.59000015258789
2021-09-08,630.037380797839,732.5423124611898,2535.4105624530403,687.7657585964158,1465.8032320672012,165.11570795182251,1575.76416533442,1090.0150722909684,390.9172439005169,3262.831595587738,12.489999771118164
2021-09-09,631.9795884750104,730.3898432533427,2550.9067259695657,690.2666496680929,1465.1063886676236,165.78501545822996,1573.1030111514378,1094.2950296674799,393.3413134602219,3270.649697473994,13.640000343322754
2021-09-13,649.791074930301,726.950885759595,2544.4882321655605,678.3391080110895,1459.0530841826737,166.76923393496278,1578.1401061924853,1072.5323557228828,392.24359080603887,3272.3870978760497,11.920000076293945
2021-09-14,652.8702539177755,723.6520774763231,2522.5275404472445,679.5894695829758,1462.0145685181678,168.65896854973911,1592.301264924745,1071.6037904973264,395.39951083070963,3322.771641085691,10.869999885559082
2021-09-15,659.5496218896257,718.2245606360663,2520.6941864041987,679.3971378429858,1472.117568164851,169.52513234668973,1612.829877921156,1072.7362021275617,394.66769913994705,3358.3882327004526,12.369999885559082
2021-09-16,677.7874922533515,718.8328610372279,2523.3986724464917,685.6976522447802,1473.2063696575788,170.31249062252212,1624.4721464801198,1072.0565884901453,405.00430954655894,3381.0616345028816,9.029999732971191
2021-09-17,683.093144328236,729.547700275712,2474.801431275255,686.8038337009652,1467.109437513017,180.39110810454815,1621.4783701375493,1075.9516645338,411.9564166703356,3305.3979561925175,12.140000343322754
2021-09-20,682.4298999701616,728.9861444695539,2484.9333592624603,679.589491379429,1461.4480310703595,181.29658957935078,1615.6333998427826,1073.415512979037,398.50962719294813,3307.873703164557,10.229999542236328
2021-09-21,684.040615207773,715.3937850806404,2564.3395680104672,667.9504326001814,1467.2838494209095,182.43831549865877,1608.4580161981244,1079.756260196694,395.76539275051596,3319.8614796911293,13.0
2021-09-22,686.0300646067468,715.8850085999203,2543.5709385240843,675.5014315515018,1492.0194578610053,189.52481145327206,1621.3834191430992,1086.2102417475817,398.9212737236087,3346.6176119821243,13.279999732971191
2021-09-23,685.1774327927734,721.4997886706309,2542.5169155608255,680.2148439309649,1499.030831879671,190.3122021575318,1629.984648526167,1107.6107744419755,404.3639868190037,3331.458504327995,10.3100004196167
2021-09-24,689.7250857313256,736.9405463365646,2504.50994009239,689.2567153417624,1526.3357843635558,187.16263661237014,1663.2011063107334,1119.613065939266,402.4887747934983,3348.832847265645,12.770000457763672
2021-09-27,693.1672854991324,752.3812058137348,2479.8447793192213,694.7876772077269,1496.4179540192567,185.4304086626946,1650.8457542357437,1121.1077134942575,404.5469669689246,3303.573604226205,13.520000457763672
2021-09-28,662.1356880344796,740.2157348669626,2484.795768288935,679.6856636254017,1458.8790995232305,186.06031499827827,1633.738609458838,1138.0919448330371,402.1228896445678,3258.7052908969717,15.369999885559082
2021-09-29,665.1762246981606,741.6896798907969,2454.6289155303275,674.5875451208484,1441.4595923280765,185.58787225887255,1631.4574967678777,1141.3760209862874,401.6655105761151,3233.4263403457007,16.760000228881836
2021-09-30,662.9079551279282,740.7304967074409,2459.167449889525,672.1828200001511,1454.6110403673977,185.23354918025598,1612.8296604596544,1132.4534560345573,412.91689202004414,3257.706605128869,17.149999618530273
2021-10-01,644.424142948219,732.3784641896735,2457.4713916157807,661.6980014823853,1446.9031126334762,183.38317725894132,1603.8010740950026,1130.0302358504632,405.96479771752786,3235.9017557482384,17.0
2021-10-04,646.4028030971499,740.9643433218346,2457.1046344172723,667.6137697379552,1450.517558435886,185.35163731134347,1600.5221094810274,1149.0754144086845,413.0998421133248,3220.6569457419955,15.319999694824219
2021-10-05,656.7305735960406,737.5254001055553,2462.8814642759608,665.4974574913023,1448.4273005977032,184.64298431750277,1621.383372610769,1153.7403880823629,419.5945550871636,3250.3220869079396,16.299999237060547
2021-10-06,664.2592088196398,742.5552940183129,2453.711540774042,662.1308403700223,1454.524093924005,181.57217635661507,1606.176993126096,1155.4391042037028,414.97510350781965,3296.7104851126683,16.110000610351562
2021-10-07,667.2513402366735,751.9132577682348,2444.5429183210836,667.0365944296218,1460.3160193905471,182.91073838799676,1615.6809869129672,1162.9573276219362,418.1309453493114,3318.4717883990315,14.449999809265137
2021-10-08,664.9349188773989,748.7081218934927,2407.315092246942,671.7018281198759,1479.2598162798897,182.0446264412615,1634.6890388014504,1169.2074879845059,415.52392158341723,3387.924292552639,15.529999732971191
2021-10-11,661.1704866538987,748.170043798271,2416.5757757978577,673.625661306808,1449.0367538162143,182.43829788435596,1629.9371354607888,1198.1264896541243,419.5488212573886,3179.436283975231,12.229999542236328
2021-10-12,660.398400262114,760.3354092752614,2406.9483469886904,677.5694608047454,1447.5563252906663,187.39887223642205,1615.681026896818,1196.2694750157295,428.19317852294046,3153.8970431833336,13.9399995803833
2021-10-13,659.3365937323529,762.6749217142412,2423.0864204364584,680.984321735318,1463.277374662343,189.09175244542632,1638.5381973196136,1208.9736680853593,437.2491522930377,3166.4061630547076,13.380000114440918
2021-10-14,658.1300870194137,766.4180801076105,2402.363579385024,682.042428554798,1479.085483572147,197.12313729423073,1679.7854128934093,1217.0809330176019,440.90819216569116,3140.4525622982123,12.609999656677246
2021-10-18,656.0066792667382,780.0105791694615,2423.49918180767,704.1662891558037,1515.4919760813984,202.6348523063595,1693.6138590573655,1205.8034336758178,449.78124266320947,3134.577612848602,14.15999984741211
2021-10-19,651.95283439186,781.8587792751537,2311.128766922109,710.6111668040288,1552.334488195164,192.94997981912402,1712.6694344683906,1226.5016753447112,442.0515800816361,3155.247871636536,14.239999771118164
2021-10-20,657.6957644403905,778.7940013526002,2264.823992002009,713.6411149287688,1562.5683548664965,190.82403018299684,1707.2045501637886,1219.0285268378586,441.91439270149596,3114.4283625664993,15.229999542236328
2021-10-21,665.2244992576111,777.109614248012,2226.312579458627,709.3125936725454,1521.4582041825172,191.4145681109761,1702.2149493543789,1179.0358711096487,449.8269631215146,3056.070167017759,14.90999984741211
2021-10-22,660.4465995332678,781.7417891509615,2228.146461289173,724.654919306561,1486.7501901182247,184.01308082213595,1692.9959577190891,1182.7950231580921,457.37362798323807,3033.223430340186,14.359999656677246
2021-10-25,651.5183919748349,755.0949649733542,2209.807669863553,767.9891313955522,1469.5048712675496,181.49345769445102,1673.0376462381355,1163.9989792562783,455.4069002903594,3002.7601880545794,14.510000228881836
2021-10-26,665.0314152204423,770.3250777594776,2229.8920521058185,791.0268356780178,1490.173003745535,183.1469748432162,1693.18614078829,1179.0131308175069,464.325716525764,3024.519659678101,16.649999618530273
2021-10-27,669.8574911825552,766.0905586340668,2205.9977046635736,792.8063890314344,1494.785943644436,185.98155661796116,1687.0559986790188,1186.6221641632774,469.03661743274023,3031.4829432120405,15.399999618530273
2021-10-28,660.5914468400048,742.6254477542099,2184.6397854680513,765.9208964671213,1486.7897990608278,176.4935023898005,1702.1673478516432,1173.284110478914,455.1782487507156,2972.297117433096,16.809999465942383
2021-10-29,653.4970495708917,729.9220503710001,2189.253124610425,754.0413665482897,1459.5503108556832,175.03683290975596,1649.7054328049533,1133.0646952081202,446.7625274967812,2947.0135816838533,16.280000686645508
2021-11-01,665.6104786282255,740.9410614445757,2184.8708037349224,762.7946976022804,1472.6868855107523,175.19431892448145,1664.341427481853,1129.6224692481335,458.2883727024087,2970.5131581120604,15.380000114440918
2021-11-02,684.8665058634448,748.6614268671785,2216.0075732144346,767.6042480376659,1481.7812470277015,176.7691267223824,1706.3493574589013,1130.143454028727,468.39629986281113,3019.9498757574916,16.360000610351562
2021-11-03,671.7878333732318,737.197878202498,2201.431075477528,750.7227997583802,1492.896626127134,174.56440049888215,1727.8283376782053,1114.6310849978502,471.27779784070805,3016.729674881842,15.699999809265137
2021-11-04,674.8765808456063,744.0057911766709,2232.613999968158,749.3279776237197,1498.1686848596946,176.375401418994,1805.7610512978608,1127.7656464746356,483.0322151509027,3050.630624440296,14.3100004196167
2021-11-08,679.5096306417489,734.8115388253409,2214.2545717250646,743.7008937445914,1496.4114648437499,177.71397623298014,1817.3559657348503,1112.5476437566415,472.4212397273489,3029.915218752905,13.989999771118164
2021-11-09,680.6195779807385,734.1565554425947,2229.338205051423,749.5203167044559,1516.621463919028,179.4068584964888,1834.5583498537615,1126.4295651226153,477.68100884628535,3042.7974882144713,14.640000343322754
2021-11-10,682.7429744551804,725.2429946828283,2210.4717279417973,743.6526332841422,1513.0623206854493,178.89506214873856,1836.1739124011956,1133.9480592535028,477.04069208091,3029.0454307612417,15.140000343322754
2021-11-11,699.0551334873928,718.5052231167788,2182.9794021584476,736.9192975425867,1501.6834034382516,179.95801748033549,1830.1388182325627,1148.3959679290283,463.86828350129264,2990.5755135530526,14.649999618530273
2021-11-12,700.0203102794204,722.9268957318046,2192.2051842187666,741.8250689143892,1527.20958236198,180.43045098411454,1832.4673139082427,1158.1110771767962,459.8434238306619,3033.832576061058,14.649999618530273
2021-11-15,710.5894427655643,727.3017540284615,2217.944676178585,742.161810940737,1560.1164957791602,183.54065264939214,1846.6283702170138,1163.9990683781703,462.40469996620203,3070.64890396437,13.430000305175781
2021-11-16,701.7577128005483,721.3126268284178,2214.254481836201,732.975544637226,1561.4346405883132,185.0367206932779,1847.5786647095129,1130.0303872332545,451.4277258573507,3082.834254844541,13.579999923706055
2021-11-17,691.3334251340074,715.1831485439678,2202.3534614030305,727.4925736768888,1564.6856546363958,185.54851128289675,1847.1511311155991,1114.631092727357,449.1408982172135,3051.8491799334315,13.920000076293945
2021-11-18,683.3703755411653,713.6624861873963,2186.4852448254173,727.5888923488785,1545.618131495533,186.06031636549935,1799.1083097643896,1109.6714536653499,450.33001700456435,3004.152985656586,12.079999923706055
2021-11-22,707.597206807641,701.403559006971,2193.0814712146957,712.0540008544922,1538.7202792543192,180.74545616863097,1746.6935320408647,1064.8101030658254,436.79179971835237,2994.3180473828165,13.5600004196167
2021-11-23,710.1067559457553,700.1402120099383,2155.579174392297,703.3486885004858,1502.5622768372482,180.4304793470285,1753.0138454210025,1045.7875684738456,439.0786433148955,2966.0310056960593,16.790000915527344
2021-11-24,729.9418584661606,708.422106222235,2183.7172893199286,718.2583530165816,1483.231210384729,178.69821725911552,1754.3917966391577,1061.4357769402945,447.3571356371588,2980.130861868933,15.579999923706055
2021-11-25,726.6119392223022,705.123332817624,2159.7307564591697,716.9115828655152,1491.095489055288,177.7533531749856,1747.0263613763934,1067.5954770563671,444.84154201822463,2988.877219355755,16.0
2021-11-26,707.5971855650295,694.8295993014816,2145.1540436781247,691.2286165229643,1479.7162221928609,175.6667462103829,1680.8784619346125,1087.6822964764374,427.27841496419296,2969.599602458624,16.049999237060547
2021-11-29,701.8059089023822,684.0678389753331,2107.7905621516975,683.4371414375852,1466.6677523751573,173.38331785721667,1649.087503099268,1086.5954393266575,415.5696870245841,2964.855602539076,18.889999389648438
2021-11-30,697.5107279620014,695.5548481995625,2123.7504653319897,684.0142948932279,1493.8193787950365,173.22585455676426,1664.4367617184623,1081.9528225027632,418.9542100476155,3038.4453065214807,18.809999465942383
2021-12-01,693.2638450086467,696.7480163459117,2143.3549228091483,687.7657245624437,1505.1983847910458,173.6982772660115,1674.6533581991446,1098.3711810133602,424.4427251241281,3076.741243695098,18.93000030517578
2021-12-02,689.3064720659726,701.8481521318921,2163.420747312256,687.958146357702,1503.7486265678017,174.24944235203955,1675.5562163414575,1114.9028239659328,430.8002022626874,3110.772843260999,18.0
2021-12-03,691.3816777890761,705.1467079850636,2156.8705296924018,687.8618704854523,1522.3769870479941,174.28881590342212,1707.4422212638265,1087.0030516324528,429.9769002328308,3160.166348037167,17.209999084472656
2021-12-06,669.7126067845915,700.6081177018816,2122.8279779757954,680.5514114213463,1486.3065595311832,171.2573584033377,1689.812303364358,1067.595476803198,424.259745637472,3065.426298510731,18.299999237060547
2021-12-07,669.9538765368874,706.4802210422916,2132.9767551129557,684.880068684384,1488.5032818453103,171.72978695545592,1684.2048677832024,1068.8863664494722,429.1994236565711,3067.4285135724954,18.239999771118164
2021-12-08,677.8687128026648,717.7566395861959,2138.741856816317,715.7573137045512,1522.4208382954744,174.0132392205126,1712.6217854417253,1089.8565147837464,439.3073793964281,3134.185649600943,16.56999969482422
2021-12-09,686.2660757468547,712.1418354958904,2141.786950709996,719.8936037821486,1530.6803119329384,175.58805173558832,1737.284745985879,1098.326051956675,444.65864711657116,3103.722817846793,15.539999961853027
2021-12-10,682.4052643272233,705.8018736708229,2140.356618196116,722.4425815974355,1534.1952292347592,184.05243713866372,1768.7430447968973,1100.7488640809006,443.10353873702195,3111.6434673176273,15.210000038146973
2021-12-13,674.0561098740192,705.216890396181,2122.8277658869124,723.8374081720408,1527.8685881008832,184.3674092214562,1763.0404954027208,1088.8144806900814,444.8872869317278,3134.7945058876894,14.680000305175781
2021-12-14,664.4522609057418,700.4677774580217,2125.5955694738186,717.873548004482,1502.8696593903012,179.17062974376594,1754.6294210159263,1074.9552669933066,440.72523602572784,3113.0354949388247,13.9399995803833
2021-12-15,660.3017862974457,699.8127354772637,2122.366692557421,722.2983076599259,1512.4036713776811,175.90295643137156,1771.2140348535584,1069.3843607457343,442.2803220913908,3096.8901625623257,15.770000457763672
2021-12-16,654.027946264851,699.0406657466433,2125.549382974457,710.803524674866,1544.7395154133753,173.85575523701598,1773.7326671970304,1072.8039773873268,437.47785390417283,3107.2049443792102,15.260000228881836
2021-12-17,638.1019471821694,686.7349164136573,2053.635240496441,698.3948452518806,1587.5756827064808,170.66683524864052,1740.8486713531588,1050.7693748912868,426.7295714883093,3110.4245734298493,13.760000228881836
2021-12-20,622.6585073558904,661.6556219890123,2030.7093090555736,671.605697507005,1570.485301026665,165.19447675119494,1683.6346383632597,1017.7517924627566,405.23303580733597,3055.1124274458575,16.34000015258789
2021-12-21,636.2680467102269,669.0951663273568,2078.313968874475,688.8719507640491,1582.523415823334,166.17872041653217,1722.600966583374,1038.1783778851348,406.60511314494727,3104.0706300032657,16.6299991607666
2021-12-22,643.7966789031124,671.76211583513,2093.3057694645254,692.623401758213,1592.496327262333,166.21806154753946,1736.904604613526,1051.6753379399179,410.7215244422132,3138.754907271951,15.6899995803833
2021-12-23,652.0009990432205,672.3002392895576,2098.4719376384023,700.2225097158387,1605.3691454006876,167.87159954077234,1769.7408810848176,1068.0031950967277,418.72555215142324,3159.426785773681,15.680000305175781
2021-12-24,649.250170926281,668.1594742688188,2106.4985953921687,692.1905200704235,1629.0939594879846,170.43060350415095,1758.2411377735527,1058.718285237532,413.64872490005297,3172.308003535306,15.329999923706055
2021-12-27,645.3892643831524,665.4221444980343,2101.839912952099,688.8238455825182,1621.2295312790468,169.80070457576272,1754.2493728609718,1063.4966072069749,412.13936506180016,3179.5320500323537,15.260000228881836
2021-12-28,651.5666986393884,680.0439470659825,2119.829549652498,704.5992066839718,1650.5340658280904,171.65106941262357,1779.2450100742742,1074.7968966086662,419.91471030583773,3214.999380219284,15.210000038146973
2021-12-29,651.5183966649563,677.2365928197368,2121.029268848687,704.0219995912378,1648.7766024427483,170.31249284772494,1796.3046020573847,1078.8957755234705,412.9168911417539,3207.296024757275,15.800000190734863
2021-12-30,650.7462323462897,676.1137157835619,2118.8149235874967,701.2324369204533,1646.9752873799528,169.68260887163072,1787.6084350111712,1062.3643899373753,410.2641428398278,3202.943944593237,15.289999961853027
2021-12-31,656.3444725024477,683.8340729971214,2149.5826246636298,708.4949129228311,1644.602724183878,170.19439928877944,1793.6912015980884,1068.8862272626782,414.4719758064491,3247.5943503878843,15.399999618530273
2022-01-03,659.3365890449321,692.7240511526534,2170.8016280177026,714.6992311741425,1658.7496564451544,170.90305569209312,1799.7261318966018,1070.4940456132024,420.8752155535809,3259.5183214661365,15.449999809265137
2022-01-04,666.3827029349973,705.4977658695926,2172.9699067945844,734.5145626116483,1650.1823798513894,172.4778398545935,1819.5895166505584,1088.81462402871,430.89168930529485,3317.571383436288,15.710000038146973
2022-01-05,667.6856793212891,714.9960662063432,2206.782099898364,741.8251019975007,1616.7922372110065,172.1628595021728,1832.0397156224074,1101.9265882823174,438.30110857494367,3318.180732029534,15.09000015258789
2022-01-06,675.6486574585834,715.9084876032401,2184.363220679326,744.5184871491082,1581.6445284122708,171.80854248090134,1824.388912437612,1091.0792578429503,444.0183253703631,3283.0179071086413,16.399999618530273
2022-01-07,677.048361914744,718.6456991580834,2203.0915779741426,756.301846316362,1587.619653412898,171.25736815218178,1803.052364740347,1092.2341211399646,447.72303405592913,3304.2546937860716,16.860000610351562
2022-01-10,679.1717492964317,723.137463117213,2216.00749223295,768.5661479562953,1593.0675577969869,172.35972568757003,1812.6515720201414,1094.2724778501188,450.513006917338,3360.4804916552907,15.84000015258789
2022-01-11,670.4365333392785,724.2137221071267,2206.78196143357,771.3557474017979,1625.7110523005758,174.17070573382918,1841.5437595611452,1102.8551919025351,456.6875580780953,3356.1281499216375,16.440000534057617
2022-01-12,679.7026914028986,726.1788127534048,2212.7784198759605,781.1191137936345,1634.3659749272922,174.48565084638173,1863.070286588373,1116.4426269818646,465.14894826946045,3339.200289545301,16.549999237060547
2022-01-13,700.8890531958333,711.393200027693,2217.160867989616,786.265360304274,1639.9455664762318,175.39115754505113,1877.5639321370008,1136.0993826537385,463.776825583464,3356.9988253640686,16.610000610351562
2022-01-14,693.4569329626632,710.7381913179858,2177.997251947049,780.6862883251251,1652.8186341424216,175.03683503872665,1907.4540416840193,1144.0027445379585,462.084547032498,3359.6541035054447,15.34000015258789
2022-01-17,694.5186230824517,710.8083473875251,2163.420812585561,783.5238834325648,1696.3137014437718,174.28880924162283,1940.7179070208072,1149.0527486713804,464.2799533281715,3448.64828088195,16.270000457763672
2022-01-18,687.7620801552737,712.6097516478794,2174.8605248452136,787.034844746285,1679.5745872616628,173.46204149642773,1910.8278289991767,1139.4283858183082,461.9473382685742,3464.0543151392512,16.770000457763672
2022-01-19,677.289606784591,708.0944410960062,2126.564256993739,772.6543412029889,1636.8703446421212,172.2022588911687,1888.446068014951,1136.3710722869748,457.6480173850423,3409.544075814221,15.9399995803833
2022-01-20,680.7160706951576,701.894833184986,2069.318772975885,765.1032932208796,1595.2642557606387,171.65106763496712,1885.689769007416,1111.9133687702085,464.691592299712,3322.790141658408,17.31999969482422
2022-01-21,665.3692482649766,695.1104168520769,2075.777115579289,765.1994983964711,1560.5558383681557,170.0762694008751,1846.6759202101487,1110.5548482538704,455.54409143398857,3288.002541429297,16.979999542236328
2022-01-24,653.7866222062829,686.664829914109,2091.183903108086,753.4642680419524,1518.378800587523,166.0605756258319,1788.2261888565918,1066.666981959244,446.3966188388103,3260.973747148441,18.889999389648438
2022-01-25,658.4197230190127,675.6457523831212,2067.3820793366176,756.1094618404804,1494.214713216816,164.997609112032,1758.3359642247556,1043.9757327083191,447.31139971579785,3245.366716144262,21.18000030517578
2022-01-27,677.096512957317,671.4346067836982,2098.841381086976,751.2998841721226,1463.0211322868854,166.2180679392561,1774.3978348737483,1046.7159051568356,460.3008190412504,3160.7053044667646,20.440000534057617
2022-01-28,677.2413870985289,683.1321002250448,2101.6553698957737,748.8470328468596,1475.7623460999685,169.36761513794596,1797.49261372652,1054.5740661673967,476.9492725779989,3178.927958254504,20.280000686645508
2022-01-31,694.5185615473926,686.3138643897004,2095.1509274927844,754.1375428195905,1507.2632899140617,170.9424265462173,1758.6688443714759,1067.1650674426833,482.1175105358289,3244.669463616145,20.700000762939453
2022-02-01,693.3120914458373,689.4252989884608,2101.9781938043175,759.2356776527822,1524.2657550755923,172.5565722389359,1821.917896814066,1063.0436492942567,475.6686319536422,3257.7466454386495,19.75
2022-02-02,695.4355656714469,704.468276778076,2118.7226604993693,778.0410719197192,1557.0412289736769,180.3123650130985,1872.8593073661327,1075.725349000261,486.05089272542926,3313.766163032658,18.549999237060547
2022-02-03,693.5051504569623,706.0591281584843,2112.679651027034,775.2996212342132,1523.6508371388077,182.5170369570323,1834.2732020236026,1063.0888887078768,491.35644176289344,3327.193695504169,17.40999984741211
2022-02-04,691.5746983603137,708.4454886877073,2106.221700656468,765.4880131077833,1502.694071308099,182.3202018299825,1827.905482184051,1051.2677111603737,482.34615166965295,3286.1715198488655,18.600000381469727
2022-02-07,675.166120157964,683.1321097339879,2063.783592747155,751.6847606488451,1489.733479878767,179.91866086979937,1781.5734677867788,1043.9756693517945,480.4709929489944,3274.967499946627,18.18000030517578
2022-02-08,676.6139337514157,675.9031883160477,2072.59436433985,744.8070055449376,1490.2607571927513,180.35173027791294,1756.3403767609518,1046.2404110052712,474.75379771132225,3244.3205356543667,19.559999465942383
2022-02-09,677.7239542934375,686.4074085334615,2080.9434543977854,763.9490319673754,1515.7427117216866,180.115501724103,1782.57146290981,1067.9804353407576,482.7578347218143,3266.204874886914,17.889999389648438
2022-02-10,683.9495761894312,702.6200836537802,2081.174192351152,765.9690789864078,1536.6116777128484,179.32811841881986,1787.7034149892327,1071.19608713209,488.8409516930406,3276.5799169014713,16.799999237060547
2022-02-11,686.1695754763448,701.614139822811,2074.8546061486245,757.8889628377385,1505.1982272697005,180.94225369833958,1758.2410002296258,1061.6850317485462,482.1632660909293,3217.2915854918374,16.860000610351562
2022-02-14,661.1705816215775,687.483710464398,2036.1066606004442,722.5389008818639,1474.6638553981247,176.17705601787924,1705.9691493918062,1047.598910138542,457.0992127792638,3234.729026301473,18.68000030517578
2022-02-15,662.71487260771,689.2382883898335,2050.4529653638756,714.8916316594186,1485.383764065274,176.21735938618892,1716.5661183723691,1057.880422222606,454.72087403042843,3267.8609527776734,20.43000030517578
2022-02-16,683.3704479742086,705.1234152402379,2098.841399779446,731.4365118596554,1517.368021395642,178.87814944285026,1750.7804175144665,1085.16871921443,470.1801040279068,3318.4317759153946,19.350000381469727
2022-02-17,690.1269480174556,702.7838601087993,2099.763556811058,717.8735625844956,1511.6129051790003,178.0718506789946,1762.1376031703735,1091.5321231787168,467.5730731331966,3294.8907497463074,19.459999084472656
2022-02-18,686.6038182966678,697.3795338182344,2116.3699693999442,717.1521383555117,1496.850759804493,178.59595698273242,1772.6396965122265,1096.1292475949579,466.61256337439534,3276.2319808945354,21.639999389648438
2022-02-21,678.5443254327934,699.7659224389105,2107.836548025262,711.8134612915603,1486.3065594227182,175.08853542553078,1757.1479986218385,1080.0281530233087,461.62721772089105,3230.8496782327734,20.56999969482422
2022-02-22,663.5835584163837,696.2099177633888,2075.869298496765,709.6492342902711,1485.911220635109,171.74238504862487,1711.1962493846681,1063.066305633856,453.2572423375559,3112.664389545629,22.899999618530273
2022-02-23,675.166126225967,699.8127577039627,2077.852989918128,714.4107480526432,1523.1238982966256,173.395300305177,1726.0699746875168,1072.5096827529123,454.8580840401576,3100.152231425736,23.90999984741211
2022-02-24,622.9964260421344,658.4036778434378,1993.0228184416958,675.5495448514281,1467.8541604033635,166.90456566752826,1664.1515026419104,1016.0760782454672,428.1017164806223,2956.68229614939,24.540000915527344
2022-02-25,653.9314607082151,670.4287268763292,1994.7294336631348,692.8157849557639,1473.5656902314142,169.76696536751078,1677.4569290090108,1030.9543872983322,438.43831111317127,3018.499572983606,26.149999618530273
2022-02-28,643.2658493207512,661.6322344054892,1955.8435557825503,688.1505104874749,1463.0212662482625,169.96852446299005,1665.8621879257328,1015.8948766365417,432.7669070473986,3013.1806523150753,26.739999771118164
2022-03-02,642.8314919137583,633.7220483369093,1958.6571331254218,680.7918608248118,1485.8673590818432,171.29891664169264,1680.7835795626181,1054.9364629191114,427.1869306388376,3056.8628968064095,28.56999969482422
2022-03-03,645.341025745892,637.6992282634567,1925.0299034360949,667.0366025373921,1498.6522763017938,174.16127076744968,1658.9717590520875,1073.4382321141,424.99157532736507,3077.8760681867343,27.219999313354492
2022-03-04,627.3880529636131,625.5338151583654,1822.3016283677987,658.9084100955814,1477.0805702290684,174.96760861866514,1618.5322611493857,1050.928292256373,418.6340447100843,3040.340829947351,27.219999313354492
2022-03-07,616.7707249772586,606.8880638056838,1777.787695736685,617.6906806798897,1490.2605431011661,177.46713763260496,1525.9155979233171,1006.3836454479082,396.49718756599424,2991.9506051879243,27.959999084472656
2022-03-08,644.3758168080235,604.5250836188045,1754.3083224259412,618.5082045017328,1509.986966279053,180.41012558205549,1515.88882496891,987.361002125067,388.7675625097468,3016.755720684322,27.110000610351562
2022-03-09,650.8427313537925,617.0882008482499,1799.9293127421327,632.9369143672521,1573.7361484508579,182.3049315163985,1568.2085425998969,1011.8864606126765,401.16239650902844,3136.249456406327,27.309999465942383
2022-03-10,666.5756367258555,645.8172614282165,1890.3411276870772,647.9907812312059,1590.6073111176956,183.71598294712075,1622.3338531316524,1068.8862634347242,422.293050235539,3151.8994271684605,22.959999084472656
2022-03-11,667.4444182585643,642.2845089628895,1909.7147841936192,645.0569877254792,1591.310102745416,185.57047285089945,1621.1934034905912,1076.1555181267943,422.6132581697538,3132.5873111877163,24.579999923706055
2022-03-14,664.2109980802284,662.0766532654897,1887.6654246669948,651.4536039673771,1609.3674043195065,189.72291660182765,1630.4121650378045,1075.2270625884603,430.4342967123957,3121.3826521968504,25.09000015258789
2022-03-15,671.3052778788134,660.5560214117672,1868.1993502519686,661.7941884131315,1608.0053726067936,190.20670159540308,1640.961603650496,1060.2128731362302,439.67323504564973,3126.0908489414383,23.65999984741211
2022-03-16,680.4747750785914,671.996100591785,1874.70365830864,674.5394554784743,1624.7003107966714,192.78687004754755,1659.589499753774,1076.6311594559988,447.6772904039518,3152.9887910440943,24.010000228881836
2022-03-17,690.1269339548804,688.0685117950921,1921.1086670661186,688.9200942501424,1610.6853579171534,195.6895816634242,1680.7358308289101,1093.8421832317183,455.8185679585451,3191.3971476445004,20.770000457763672
2022-03-21,682.2121555525405,689.1212436187219,1887.5730555011685,678.6276447995212,1617.7586073153645,196.5764999418318,1658.4490255852083,1104.6669425964524,447.3114231722468,3151.8992167802776,22.610000610351562
2022-03-22,681.295254253185,681.8219489596073,1816.5356431228643,672.8561407680419,1615.9134542580089,196.37491632227864,1635.782012694242,1111.2795389519592,436.56314420244536,3160.6177853935965,23.760000228881836
2022-03-23,678.5443376527643,689.4954602446621,1822.3017951100555,687.0442783385012,1631.7299714623814,200.36610901432374,1671.8971158229558,1142.7119015169374,447.4943729620845,3217.291178673667,20.450000762939453
2022-03-24,673.5734654057105,671.2240702239247,1800.2523767798564,671.4132815860612,1630.9831884689734,202.74470553659432,1664.1514719892552,1136.8240104486479,442.28026877271157,3221.6513378204054,23.809999465942383
2022-03-25,681.2951574369483,663.9482296136653,1794.3938737079172,670.1147187552602,1632.6086783204876,200.9708333404203,1652.7466359558734,1167.169339474114,445.11601629710134,3201.596994017075,22.90999984741211
2022-03-28,685.3973134523069,655.8067998749772,1781.7548155020881,669.1528145441226,1627.9076417562392,203.63165269622195,1639.5360415656196,1171.472198621402,440.86245275969105,3192.181015230141,19.59000015258789
2022-03-29,711.3615589362557,669.0952549476816,1821.1948520661365,678.9643188221527,1634.8493821555994,204.5992012887139,1647.0442206715884,1180.9382429362058,449.7812414316479,3218.163518176117,21.100000381469727
2022-03-30,718.6972537053733,680.3481533388308,1840.5686857117716,691.7095934649486,1665.1203732115812,200.48706160287966,1667.0976813298494,1185.3314742474283,450.3300514332755,3231.4159399540727,19.729999542236328
2022-03-31,713.9676442724032,685.8927879631939,1861.7413386769822,700.078256641294,1664.417246914596,201.1724285889963,1670.8041972602082,1190.5400818204482,450.2385938076794,3243.6226090320506,20.209999084472656
2022-04-01,723.1853719571742,687.9514954595828,1880.5620546985224,695.5571577486239,1650.4460988003643,200.60801688248176,1671.754577636781,1187.5507515318518,449.1409085782977,3250.4672488832616,18.1200008392334
2022-04-04,729.8937074420704,731.1152040942818,1909.8992358766163,697.3848139196131,1645.7891670382464,202.4625152379283,1688.4816102658967,1196.45070474843,462.8621173718863,3258.357404851249,17.59000015258789
2022-04-05,734.5266576984952,749.573740943305,1962.3011976216658,709.8896144047578,1631.8617314560988,205.68770468535183,1736.3819820354097,1186.9620503043643,464.41717547702837,3288.786867502642,16.790000915527344
2022-04-06,736.4570922825723,724.0030405883982,1957.0425150748936,704.2143324443354,1601.1074398580135,207.46155903436684,1737.0471949878875,1171.7441602323938,462.8621169597213,3253.1695112514726,16.809999465942383
2022-04-07,733.127099910673,708.2582498667109,1969.7741046818007,709.0238985712276,1588.2786162958694,206.2521400889204,1720.3676817999628,1162.640414854713,466.5668189709018,3207.701232806977,17.719999313354492
2022-04-08,731.2449229147535,700.5847279803062,1995.9748679875904,715.2763366681216,1588.6740468999988,206.4133588624673,1727.8757602450596,1159.4698932414146,468.6707111429309,3175.8766062249715,17.530000686645508
2022-04-11,729.7005865832477,698.6897741627865,1973.279431224894,723.0197923789597,1548.737675566616,214.47641924542074,1690.762792269835,1169.8869936426172,469.44830593970516,3187.734394843684,16.639999389648438
2022-04-12,714.3537270543173,692.5603864783172,1960.4561602556353,721.6731109824291,1518.1592058721535,212.13814308084844,1647.614389936676,1157.3863798447205,461.35278895185803,3180.9769912928095,15.09000015258789
2022-04-13,712.278558088419,684.3720484068768,1965.7148749217226,731.7250544446566,1521.8935272961232,212.58159376450095,1660.44489602927,1152.9025109003892,469.951373626989,3187.2549196419677,16.190000534057617
2022-04-18,698.2346645257627,650.4026528038955,1969.7280512232717,720.6630821938585,1397.1193943855035,215.48430819307558,1629.9369543886714,1142.1684779905993,461.03261086236506,3071.2493203707204,17.790000915527344
2022-04-19,691.9125511579642,620.901633806875,1938.3605859416782,728.165942191112,1361.9716942234015,208.67102583127604,1603.3257414890352,1155.416224906424,462.03881309118987,2998.5767941194913,14.630000114440918
2022-04-20,698.7655252049944,624.8085173031893,1930.6572329192002,725.0878364897393,1373.3947525064125,207.66315517742856,1588.45214029401,1199.8247720277507,463.7768602930047,3034.193475539571,17.84000015258789
2022-04-21,704.6049973918514,633.2073460307391,2000.126832054417,722.5869316518666,1396.4604056492583,209.31607226382857,1615.6809836026357,1237.3717275306717,468.5335551692924,3110.3969880999252,13.350000381469727
2022-04-22,703.6398382971129,631.2655843325418,1955.843327130768,717.4887764436427,1390.4411496132832,208.46946350373835,1606.557121440437,1242.8972695502077,456.4588841478741,3113.971622872331,17.809999465942383
2022-04-25,703.7846414418203,618.6790602221586,1888.495735456273,715.6610927662143,1365.5743794932316,203.59133146243536,1570.0618641319506,1206.414795351199,448.2718743104798,3080.491742206631,18.350000381469727
2022-04-26,713.3885072085266,635.0087663212903,1956.76597582038,723.0197461719636,1376.5141331003783,206.61496512964095,1581.4666878261437,1226.3658564890222,455.9557974168849,3067.456522605351,19.010000228881836
2022-04-27,720.4345546200922,634.5174482238076,1940.6209751113377,704.6472705738188,1362.2791486149092,206.2118147702311,1584.0326456682087,1247.8114113086813,449.9184030706242,3057.1250005294823,19.190000534057617
2022-04-28,718.6971064148555,637.3248299413617,1997.3586535996596,706.6673457494232,1368.5178339093395,208.14694570596043,1596.67297354406,1261.874601680994,454.1720028130292,3084.806951954192,19.020000457763672
2022-04-29,709.9620582418761,641.7465556586802,2050.4531520242917,711.909668788805,1371.4615334467492,208.42913809038868,1603.4683196365613,1257.8889681093667,451.88513670313483,3083.7613288382795,18.209999084472656
2022-05-02,704.9429045198787,637.3014921733744,2035.0920969129436,703.2524570636904,1345.276562373256,207.26001051760238,1572.960586330749,1249.1702630612974,440.2678401686684,3045.3103646568115,19.420000076293945
2022-05-04,692.0572996236334,631.6633106332964,1982.2748000419472,693.6814932823283,1344.5295814229673,208.5097851266085,1544.4485100662378,1212.1442565160846,436.79178301235004,3021.376506953671,18.43000030517578
2022-05-05,689.4030037879235,630.0256550672423,1986.8415826854189,698.8277185120185,1368.5179703073688,209.9611237105824,1552.0041979395824,1192.0800401164388,437.84379039346436,3038.8579794826933,19.610000610351562
2022-05-06,683.1291440529371,614.3510341929365,1943.1118200488115,683.2447741711288,1348.835115031049,208.7516545833183,1532.1407939219912,1174.6651887519583,430.8459374700862,2985.803290699171,19.329999923706055
2022-05-09,679.9439816762205,606.1627693216494,1946.7561176424038,677.6176120614932,1337.5001444983088,210.08207710029316,1512.324991515919,1135.4652620079833,433.4072113357847,2918.1007532108174,18.959999084472656
2022-05-10,685.4456549310848,615.310279367215,1954.9207242189436,678.146642950508,1358.5009255643938,208.9129259801252,1521.591417263739,1113.2721615832613,433.13281526449146,2983.6233045937843,21.219999313354492
2022-05-11,691.9608294348727,621.6736825757839,1952.1530151790357,680.2148216848378,1328.2297970447912,202.98658447274707,1480.1063247754191,1096.9445548183617,424.12255659347113,2948.8788846185103,20.479999542236328
2022-05-12,676.8551848818329,612.0272830721492,1945.8794107159674,666.8922827754618,1321.8155419424827,200.89020097319764,1438.051083540215,1073.4155164726255,417.4448978910489,2920.9343806143934,21.149999618530273
2022-05-13,660.9292178219819,609.1872638600877,1987.3489321719185,649.28940018393,1316.3675217689756,205.2039266069546,1427.501749952906,1093.9553113783713,402.26011453717706,2948.878312440302,20.969999313354492
2022-05-16,656.0065896689883,608.382622442987,2004.0932613842945,650.010710307131,1299.276947088888,203.9944783987213,1463.0942171317229,1094.54403200538,401.43682920968183,2935.3210712259547,21.280000686645508
2022-05-17,666.8169771803033,614.4886886817793,2049.299257533322,659.0527340554225,1301.254223004272,205.4458243458276,1468.3688271486328,1101.496331090796,417.261938826114,2921.1959692768205,17.100000381469727
2022-05-18,665.2243794111871,620.0740713797754,2062.9533861422306,679.2047168340687,1322.6940393941536,212.1784500095351,1487.3768786019475,1136.0315073346198,418.1309567241316,3001.9768402660748,21.34000015258789
2022-05-19,644.617111382095,605.0692821799639,2071.57955082135,659.4855415464262,1245.6769672791786,211.7349614590454,1463.9493429018255,1116.918234266966,406.55939748683454,2816.220636157003,22.299999237060547
2022-05-20,659.2401009746283,611.7195972921158,2105.9451403404,667.2770634777389,1271.2026795948527,223.34572670510656,1483.622910189046,1133.2006360812218,415.43246110768746,2851.1389872286045,22.440000534057617
2022-05-23,655.9583282181006,614.9146971161438,2127.7640602356446,680.5033942640471,1274.1465416425442,220.16083235255715,1525.963206129194,1174.4161648907582,420.3263236594132,2848.4800723039907,20.5
2022-05-24,652.3388320206833,613.8733349599582,2123.7967270537633,679.1566502344494,1261.1419818568445,217.70160308642866,1530.2399159531103,1176.5448004718992,420.9666755477461,2855.9791153671536,23.15999984741211
2022-05-25,655.9101050961301,626.3221557067814,2109.4505323948074,684.4952460878859,1229.50904023106,218.10477096263685,1493.1744470206172,1178.2658929997126,419.9647793082008,2768.5234246366185,24.360000610351562
2022-05-26,652.3871319793465,634.2742858480068,2083.157715468132,688.1985505512092,1236.3627261774936,217.92994734473876,1460.433020347354,1154.0348942869591,420.3828359935606,2791.7848372931185,22.540000915527344
2022-05-27,652.4835621557074,648.8294165218157,2103.915501640559,703.3967739809054,1263.0311870850603,218.9210970032313,1495.9304448674404,1150.4568600156867,434.3181887103641,2834.4883566615804,21.200000762939453
2022-05-30,659.2401024688658,661.9408671117387,2150.5048993904047,715.949711728311,1304.856835225711,221.02730483788181,1533.566350965655,1174.9597635821942,437.66269595746616,2884.652556391541,19.719999313354492
2022-05-31,668.506146608263,653.2077920753914,2125.5034249495284,712.2944447182881,1321.4729921530693,220.03613806547608,1563.4089387194488,1184.697464521731,431.99563378932805,2918.578880782515,19.68000030517578
2022-06-01,667.2030565946523,652.8054784242131,2123.7504123300405,715.8535370381848,1307.220595475762,223.1747842317455,1557.1838813926845,1184.9237375655662,431.7169416957556,2931.7885726124696,18.229999542236328
2022-06-02,659.2883597116298,652.5451834730333,2082.373438220442,714.8916388990363,1310.3284820297667,221.23376790201527,1543.1652855211037,1192.98576447725,433.0640078279661,2937.2750910103164,18.3799991607666
2022-06-03,661.4118316050264,651.4564366321221,2089.75414439448,712.9678090748398,1347.9795908249841,224.33112971932005,1563.3613163071316,1241.9009234208313,430.60213550120045,3011.7970965329273,18.739999771118164
2022-06-06,652.966141150957,644.0486613195667,2073.5631417313366,711.4286550538552,1325.779716646575,222.7618321997438,1553.0495037204294,1246.3396331112071,424.09892703436145,2964.3539226711787,18.649999618530273
2022-06-07,649.877533558692,640.9482983756177,2036.1529801465351,704.4548220556231,1334.3045457286844,224.86806274248266,1507.4304388569487,1246.4527910651425,427.8150251789779,2945.788676454605,19.43000030517578
2022-06-08,637.4745709292002,642.3210371494931,2016.7325858748143,698.779686566501,1324.891750325521,219.87096009350418,1492.2237965347895,1230.260968517713,430.3233874434492,2937.450713843211,19.389999389648438
2022-06-09,632.3106467544236,642.3919983690421,2002.6638232148334,694.6433764120208,1315.5677694893513,219.4992616021764,1479.013282300665,1227.4075206691546,429.6266479604756,2943.243661069149,18.15999984741211
2022-06-10,644.7619787446998,635.9782777627149,1995.3290332491636,690.651436191135,1308.5523874648798,221.9771512339188,1491.2259994861777,1223.5577842447772,426.0498895700351,2942.2778778025236,18.260000228881836
2022-06-13,635.1097691801823,619.2694493477306,1989.0560106559958,656.118896030366,1253.585376766595,217.22786738607,1442.9933920785138,1184.9692504760867,410.72102863648564,2802.229755076651,19.579999923706055
2022-06-14,645.8236673561756,617.707379038741,1992.746043369991,654.7241635784713,1245.9932304081092,217.26917867397242,1449.5507737641215,1183.6782159302647,411.88230725275895,2786.650094774694,18.950000762939453
2022-06-15,650.0705952901009,614.5833214454613,1983.3495101776343,659.9664728110403,1259.9348988081592,217.26918631686965,1462.7140568176358,1170.5211912252462,416.7596707159718,2809.7345069159724,20.950000762939453
2022-06-16,627.3880517572891,604.9272160672077,1987.1187109042944,650.5398527248025,1236.0919312149667,214.33702655012465,1441.5200564860902,1156.7524198124486,408.9094361752225,2750.090797397265,19.75
2022-06-17,615.805559153699,601.8978385488166,1954.4972394276388,644.4316818180885,1214.0252932515164,213.55232573161447,1407.923460949695,1157.7035234680366,406.2152608235677,2654.2390062170584,18.020000457763672
2022-06-20,612.1377401737531,612.5716430424657,1962.0823814267471,651.7903411029278,1227.2120995273342,215.86502744001368,1384.1159233899803,1141.8512172581657,400.1301609658986,2693.869800970946,16.0
2022-06-21,618.218592756695,626.72455857973,2021.6479144811628,662.3712458174364,1263.397816167282,218.13643480874302,1403.6465903367634,1145.112415821389,406.54043438286834,2743.375821953139,20.479999542236328
2022-06-22,619.1355542874778,626.3221167580701,2034.584925523086,659.0046444876252,1274.2758102801847,218.79721258878322,1395.1882218142434,1132.7477291666964,413.0900066314862,2793.934927975882,19.31999969482422
2022-06-23,625.2163694862313,624.097470763331,2040.2165092541566,660.8322390102239,1272.4999822666275,216.73227994785418,1408.0182992321243,1107.3843432520748,414.3441832542056,2829.0019403695915,18.360000610351562
2022-06-24,639.0671175974996,633.5879763381755,2103.457664155553,679.6375770249666,1268.8592264937179,219.04499691203588,1415.1466001720914,1117.8014186070498,421.0331738068587,2876.8841283984966,18.68000030517578
2022-06-27,647.8505851576647,639.9543127160139,2138.8251524369907,688.8238573904828,1301.0491434910748,220.11872998604753,1434.8672628463542,1123.9383995696694,425.5389178027619,2902.3392121800593,19.549999237060547
2022-06-28,652.7732127590662,633.5169131560658,2120.024698894455,680.0704593018035,1290.2597541406712,221.81195120798998,1448.5055095364096,1124.187598454475,425.49246582294194,2872.5827922794106,20.510000228881836
2022-06-29,651.518400396134,630.1325387583134,2070.8364482410825,674.250934304413,1293.8118342756918,222.30753387338697,1449.7409881271856,1132.7477384681235,425.4924734719425,2871.178449917376,21.450000762939453
2022-06-30,655.3792277838762,632.3809665940282,2060.0403802819483,674.4914174450397,1292.0357622839565,224.66150406137047,1465.6126777027002,1162.187557726763,426.0499008697052,2857.1345378380965,21.540000915527344
2022-07-01,642.8314943031892,629.5645429261943,2050.9194781374963,667.6618559824033,1280.8025462113708,224.00077250865996,1458.4847734663044,1071.150907551117,427.86149406727816,2854.544879724983,21.139999389648438
2022-07-04,642.8797527905587,635.3393133100445,2118.3024796740488,678.0023782972332,1298.2519163726479,235.2337864556439,1473.3109172013787,1071.6490989100685,433.71432965875215,2830.8453680013654,20.920000076293945
2022-07-05,656.3927508946213,638.2028974999491,2207.2789510668454,690.747589807576,1307.1318587687915,236.01850137698244,1484.1453702826973,1094.7478514073186,437.56975197672665,2814.9575797580337,20.239999771118164
2022-07-06,660.3983825364469,637.6349527152158,2233.71114676327,694.4990884032364,1305.3557731895742,235.64681314368588,1474.8317229046997,1081.5678387167336,440.26394644847693,2810.832698701231,19.81999969482422
2022-07-07,661.6048847083007,650.5808109266956,2294.672679578048,705.0801136602931,1328.1771952712536,238.28991799099774,1487.994530266296,1075.6800503518655,447.4174419504805,2865.955845113616,19.010000228881836
2022-07-08,662.7631623134713,660.1896057642597,2282.85287724535,716.1902054621572,1331.9511906435466,239.85918954577298,1537.748143861327,1079.0996326989614,450.7154731855187,2852.745414807298,18.219999313354492
2022-07-11,636.0267286323781,659.4795477972783,2308.1680435559565,726.2421828202414,1302.1589736556825,241.22203830841744,1571.3924125779288,1073.4154479368833,450.5761264780428,2726.3469713524055,16.649999618530273
2022-07-12,637.040214711185,657.6571877869562,2275.0816413374237,728.8392914180108,1275.1638853794875,240.2722013129126,1567.258260942965,1088.8146344584836,448.8109346632436,2703.7443666293075,17.299999237060547
2022-07-13,618.7011657098327,641.0193188510601,2290.85672635887,721.3363896428781,1277.4727186568018,241.75893723180653,1562.838744817762,1074.7742754785731,450.15802903756315,2664.0252652907757,17.739999771118164
2022-07-14,606.8772888777237,638.6526054134325,2297.1856689370916,720.2782384731875,1255.6279613595361,238.82674035505147,1553.524779913389,1076.5632467388843,442.95809259308453,2611.212087556013,17.75
2022-07-15,620.8729332861758,637.4929454810771,2328.690542605013,715.8535430344874,1252.6532276522264,239.11586196116835,1567.400545712814,1079.3487135847495,441.0071840415013,2598.8905812888142,17.530000686645508
2022-07-18,626.567593060191,635.2446578389066,2357.542405698242,728.9836128758354,1285.8643184329112,242.62620405629954,1606.176870069609,1083.5155743058108,447.8819378133518,2652.8400018798093,16.469999313354492
2022-07-19,640.0323263186067,632.8542367511087,2347.955991867715,737.9293744700864,1305.4446169198009,241.75894418512763,1628.98643352729,1087.1389350761635,453.3631749213971,2666.7008823385627,16.350000381469727
2022-07-20,644.954980862087,641.492663496681,2359.9157201268895,750.5784529637742,1331.9957532776436,242.50231697751036,1642.2446073004521,1126.0670869457035,464.88306874464126,2726.54681875147,15.65999984741211
2022-07-21,647.8505974985587,642.8416484646634,2412.1288677174807,750.386107821899,1334.7483380319422,246.13653423135128,1650.9061414325038,1117.484465892399,470.7823666026297,2767.03063765082,15.970000267028809
2022-07-22,651.7115067117455,644.8770203644754,2430.1382542048914,759.0431842271174,1325.0249071257533,246.2191257838622,1686.9545331907111,1130.0303289124045,474.916487089741,2766.5469323972993,16.15999984741211
2022-07-25,653.0144924608419,654.7698119942409,2431.022242330499,766.738554338088,1314.3245716730378,246.7973521150167,1694.173846120256,1088.361726850526,473.0119924472466,2771.475376902359,16.18000030517578
2022-07-26,646.9335900717808,656.189895033676,2362.2427237400657,761.4961474412256,1283.1557398113582,248.16012015745923,1676.7031061198352,1092.1437462800975,476.6816235598744,2725.1830298245063,17.360000610351562
2022-07-27,646.4027587170096,655.2195315104202,2350.050382165021,764.3819432048724,1283.1557197414088,248.28405041467175,1684.499951318633,1087.908840568981,475.8919735247016,2737.063723775086,17.75
2022-07-28,641.0941387878623,667.8813080826944,2405.893161341902,774.6262684115555,1322.9824146761307,249.7707982735891,1720.0668475679686,1096.5143960795697,491.9640750160222,2817.723762864332,16.84000015258789
2022-07-29,647.6575454693675,669.9167317996424,2416.130686239388,777.2233927048,1356.859655449305,248.90349190231746,1726.8531437569043,1115.9896583759382,489.36276830459843,2882.2777092112715,16.489999771118164
2022-08-01,656.4017486091443,676.8984191557296,2401.239597895777,786.1691173306066,1365.6506978612158,250.34893292217774,1723.2916715118092,1135.7370437974075,489.03767124679666,2878.757233650227,15.890000343322754
2022-08-02,660.376715962102,673.5850853482716,2418.923272259807,781.2634003960286,1357.1703247119033,254.56135294553908,1709.2380126707567,1160.1717542868648,493.4040391236026,2879.329394508913,17.489999771118164
2022-08-03,666.0482171113284,670.7213200112976,2417.8992072482,780.638174336426,1367.4267796780443,250.80320937351948,1706.6390565516044,1162.8440902328596,496.70207891211163,2884.0824388181722,17.950000762939453
2022-08-04,659.9403993073412,668.8043606176687,2433.814499572328,777.560021005119,1398.5510710597634,253.6940790920237,1708.5641761309848,1148.1469933470867,486.9938128814101,2910.748715052076,17.6299991607666
2022-08-05,675.1131351939966,672.6857428860559,2445.494578089244,791.7481333699551,1422.8378294078434,255.30473063180642,1708.8529479162944,1144.5009315875282,491.45311935571334,2952.684645379227,18.010000228881836
2022-08-08,677.6823253238499,675.5020558450844,2444.0987184027517,804.2893695647675,1417.2433080496378,256.0893487028322,1723.2433663277554,1146.3352600049257,477.37838624175544,2935.96302696034,17.780000686645508
2022-08-10,684.4688078564641,685.8918486744243,2448.8916282309997,814.9338754953446,1410.22833119954,256.6675523749457,1754.0457329216222,1158.1336946618562,476.9603724089837,2935.0830245531556,18.860000610351562
2022-08-11,684.1779563102965,697.9620623413853,2425.9963228277325,830.368359518387,1435.0034408313697,252.16602459946768,1785.7623384761937,1168.6186906335156,480.4906793530958,2970.330590557669,18.200000762939453
2022-08-12,685.099059078402,698.624617003692,2405.985934863655,830.7554861138741,1412.0487289334715,251.5052815179966,1769.206041232787,1169.5245850188705,487.8763746840825,2975.7868229198702,17.40999984741211
2022-08-16,679.1365842624125,704.3521157975206,2411.0585873295126,848.0770282021615,1412.8923031334775,254.8504166742715,1773.0565978015986,1189.9512045412775,487.73701530607804,2981.2871276067444,17.010000228881836
2022-08-17,680.8816641444332,703.2634314733141,2461.2706342100078,850.0123906157576,1407.475519060068,256.8740525190067,1780.805218079896,1202.746205068067,487.1331501731273,2966.853804993196,16.549999237060547
2022-08-18,698.9144846975278,709.8428693302802,2480.024450651735,846.7705909046541,1397.7074982537147,258.1956012713577,1780.7570466117797,1199.6955520359063,488.85182076049057,2958.844989313771,16.719999313354492
2022-08-19,703.8588813488378,705.2751039852128,2444.5177245784657,836.3680359264401,1407.564370285095,257.03922321144205,1821.9070367176244,1183.6779742626552,481.6983226855611,2966.986083984375,16.8799991607666
2022-08-22,702.3077341145463,694.7197000209609,2438.5615313187377,822.1430152518094,1397.707390574249,256.87402663436967,1804.8213359028475,1175.0672431781986,473.8016505396413,2945.996082460912,17.200000762939453
2022-08-23,700.5141000714267,686.5309409144127,2406.125610033763,815.5628798591476,1361.2995342191398,257.78254168228005,1795.86939843781,1177.4982950302235,472.1758708824076,2877.877238729922,18.18000030517578
2022-08-24,696.1028531818422,690.6961991270781,2383.8350567622633,829.3523071984492,1359.5235511147102,258.5672960876847,1782.2971419939547,1197.4917062121833,475.93839883163315,2860.4515652345717,17.989999771118164
2022-08-25,712.8267882600649,689.654966674725,2387.6975700156136,838.6904660215745,1344.205705841227,257.36964985284914,1802.8962915235854,1191.6981161929027,481.6983653333934,2829.25256881732,17.270000457763672
2022-08-26,705.7978544953895,691.6428581204374,2384.486888864015,839.2710376950179,1347.491326858414,257.7000077613236,1816.5646268098794,1184.6096383933834,485.13577839745057,2831.056466522553,15.829999923706055
2022-08-29,693.2912709687097,676.2120734809305,2373.318367501299,819.6270735800813,1287.5958190364718,255.09821469092915,1791.3452901685614,1171.4547933496005,472.64038671940847,2711.5412538067208,18.219999313354492
2022-08-30,690.0919253922798,683.0755001251575,2406.4514495172953,831.3360357366329,1301.8036310962184,259.5584180737679,1818.441725373144,1170.795945790086,481.18740325812036,2765.314783665754,17.260000228881836
2022-09-01,704.3436381487461,690.6015696459982,2414.269189677967,835.109967295738,1288.5282470130728,261.00382241565404,1821.2812407881618,1159.0270403092493,485.18221468066645,2746.74524299192,18.110000610351562
2022-09-02,697.7026301280982,693.5363360089872,2405.892509020244,838.9807893180364,1285.8199018463954,262.69702875252466,1829.1261336403513,1147.6671567250864,493.5434117940799,2746.1286065456165,17.399999618530273
2022-09-05,710.8877957843207,702.4824303889295,2406.916772042064,843.3837546344351,1284.3547477166785,267.4050361368849,1869.4098692278017,1150.0754462865928,498.2348974147237,2739.0440066723772,19.450000762939453
2022-09-06,717.819768416265,703.594773527377,2385.4173350938354,849.7219663261209,1283.5554395953404,269.59380594632364,1878.2654751809969,1168.7057123414318,496.1911437224278,2733.8516227618284,18.649999618530273
2022-09-07,665.2726411282197,696.4237030597683,2383.370227085367,844.303046547282,1276.984075161572,268.64399898764697,1861.6129673447415,1167.796974159679,493.8221277215004,2730.0233995480266,18.280000686645508
2022-09-08,733.9619614624886,701.5594328865137,2385.417173218734,856.8828858383836,1299.672441718108,270.50242640736667,1874.65595823249,1168.2513462113554,497.4917279520944,2781.1559093890387,17.299999237060547
2022-09-09,739.6335477401842,707.1921065293857,2404.450426728119,868.6885793199527,1314.2356907860071,272.5673197476658,1871.2387741016476,1165.0704903678632,509.1045789770801,2788.548847209157,16.549999237060547
2022-09-12,741.1847821342966,705.2750678740501,2395.6551003574687,873.623765094288,1350.7769427256635,272.5672911834894,1874.9927511361454,1168.046804859231,512.1238146322019,2838.2742936280874,16.389999389648438
2022-09-13,746.5169857123645,709.3221807419732,2400.308814565452,876.0430663849053,1368.669908200499,273.06290578828856,1889.6237660107427,1181.8832020191865,514.4464280870226,2838.273595799271,16.860000610351562
2022-09-14,752.0916427686642,706.3874726655264,2370.246543782957,869.0272980667082,1307.1317890233854,273.35192817916004,1876.4367391810376,1169.046493026583,510.2658674059135,2740.408121912217,17.260000228881836
2022-09-15,758.1510596452887,715.6884927996414,2374.2489469742636,886.155245578044,1268.9922765591873,274.9625954495669,1881.6345028195192,1161.7760353689525,527.5921796293119,2728.2630976032406,16.780000686645508
2022-09-16,752.7703214790469,701.9617876785321,2344.1399170451355,875.9462274246139,1215.0907667170163,272.3195004971111,1843.3242279688518,1131.8995628990685,520.5314536194188,2640.2549247847733,18.299999237060547
2022-09-19,748.6499330485184,700.5416864112245,2334.274783788315,866.4145235666459,1225.9688818685945,271.8239444836186,1833.6985705244686,1127.5147655140897,519.8347594839756,2629.5173540244687,16.469999313354492
2022-09-20,761.0595487828951,714.6944925602131,2400.867186370175,878.0267461614467,1229.9649090518215,276.69713513009464,1852.949941570213,1133.5808482063046,532.1907032602358,2666.6570072003938,18.110000610351562
2022-09-21,755.2425298625958,712.3751501709676,2401.239427723081,876.3816585683393,1215.13514453256,277.1100727439219,1820.7999033728038,1133.7173348356014,525.2695562395763,2638.626001280077,18.309999465942383
2022-09-22,752.6733056750024,701.8433622049612,2438.5142238749268,866.3662034255022,1207.6760620818068,281.5703403083569,1802.8961837930808,1123.3116153435435,522.1108580501693,2622.0365926375753,17.40999984741211
2022-09-23,745.2566592823497,680.1881018946707,2488.7267086043034,850.351026172373,1209.4520782930736,283.5525749841519,1783.211599637522,1106.9533532004177,510.4980864989918,2621.772729524154,17.350000381469727
2022-09-26,730.2293321364696,671.1947294615087,2459.9205336656387,831.4328334230806,1203.2361527470398,274.0127125116955,1749.9547447438458,1079.257816102584,495.16914428439395,2575.216305765953,18.809999465942383
2022-09-27,734.1073522794878,665.9879860224158,2469.5535293622083,821.175383834994,1223.6598650205738,275.87111093252213,1763.9120529519444,1072.4191704410875,495.35498186626154,2619.1325854860343,20.790000915527344
2022-09-28,731.9744794577766,656.0005115959231,2468.297168875616,816.7240110221086,1222.7719967699986,267.85934749553525,1757.2701609356707,1057.4241154049128,483.4170228594841,2622.652760305555,21.489999771118164
2022-09-29,736.1432650789496,652.6397498004962,2504.64206269058,813.9177001404912,1236.9798654027875,270.70888734748166,1730.1257005181646,1051.017313085339,482.6738506213195,2631.4539990051267,21.06999969482422
2022-09-30,738.2277414200952,646.1077536442672,2483.0494329658763,810.434112194796,1221.8839576743449,272.6911849859782,1748.077800661641,1050.108360317172,479.5151789961069,2596.338215395767,19.700000762939453
2022-10-03,773.7115624438268,663.1952779695787,2436.1876941403398,818.3691483472479,1230.7638969660875,266.99208827603354,1746.1045013904595,1073.7369732258553,481.6983710394965,2617.372391035595,19.969999313354492
2022-10-04,782.8733282409067,675.0524555373647,2451.637799324869,832.3036911166118,1255.6280440611135,270.91538480226563,1766.6071565337306,1086.073664575446,490.3382983419329,2660.4966649685857,19.450000762939453
2022-10-06,762.6592608793967,678.8627381029233,2424.5537098285663,844.8352463345713,1282.3565344267981,274.673507567667,1807.805241792317,1098.797103333005,496.65559788661494,2721.61844169452,18.59000015258789
2022-10-07,760.7686893858001,672.3069910888432,2396.585897974441,844.5932332889068,1278.8490738177404,273.64106979296014,1831.8215604821096,1097.2065545320427,489.1769456983304,2691.387421404363,18.690000534057617
2022-10-10,755.9211913465936,661.8225402090238,2365.8722412607012,842.5611487090385,1266.5947604561948,269.3047744720419,1813.0030532759417,1085.0969133921378,485.1357537466073,2644.6549464085288,18.809999465942383
2022-10-11,752.334019297685,662.4141973381068,2368.6644143812155,837.4808260633214,1261.0447896892608,268.52009057360976,1801.2117821713866,1068.329679997323,488.20153911237713,2687.2070246042927,19.09000015258789
2022-10-12,745.7413874383611,661.3966169107936,2377.227098382573,833.6585076058656,1255.2283273173289,268.2310214320715,1788.5058478137416,1064.6944639855953,488.66604724404766,2694.8640961111873,19.889999389648438
2022-10-13,744.2386832917853,655.1011599044915,2385.3242915619167,823.0140016911945,1256.5158580930706,270.9154039809895,1798.324007212113,1072.419200033899,483.2776863091275,2686.326958190763,18.399999618530273
2022-10-14,739.7789947811444,669.8929652889377,2392.1187263792754,840.4807212033883,1302.913780870934,273.2693671638556,1827.393675924989,1076.508681223135,488.66601452131914,2702.7398640850824,18.079999923706055
2022-10-17,736.6765125080963,675.4547565184473,2390.070970275546,840.4805926396025,1310.239894696481,272.2369205105713,1808.0942051566212,1064.9216983657,486.99381716787735,2710.132396730235,18.260000228881836
2022-10-18,745.2081434882487,681.6081374235195,2417.0615109595665,862.3503758106311,1329.553590285518,275.49944841618117,1822.2438214250476,1099.7055601937943,507.94326009440294,2760.5157980657386,16.579999923706055
2022-10-19,755.7272172690998,687.9509442623435,2399.750123779902,856.9312832993331,1315.3900942154946,280.6617264534334,1830.4738159901044,1109.497912475689,512.4026113622147,2745.91240201647,16.229999542236328
2022-10-20,754.5638545994884,682.7914400176263,2390.210313735455,851.6574189961223,1309.085333326775,284.7915574492113,1815.698494951383,1129.1734452455337,506.596144356835,2739.735936783408,15.569999694824219
2022-10-21,765.6647007394557,678.768086852019,2425.4384623748915,857.0764493698978,1324.314501823941,284.54374564177084,1797.2170219448064,1120.994103570685,517.6980206478074,2759.1474909324643,16.59000015258789
2022-10-24,775.6020687273686,688.3769222390107,2373.3180665194227,887.9454085329098,1341.7636768252662,286.60868507059917,1828.885680696917,1115.6778227953112,525.7340251260505,2783.853839012355,17.06999969482422
2022-10-25,774.3417235563361,683.9748664222344,2326.782102875839,893.1226144069194,1350.6881126041244,283.84168731405646,1820.7519155011846,1107.8166013928017,527.6850254611185,2780.456366973794,16.489999771118164
2022-10-27,779.6739940953365,686.9331650572058,2315.613478966108,890.5099114613905,1357.7738493894442,284.0068974229033,1876.9179218088511,1105.453847178534,536.6036362901586,2765.6331510594896,14.789999961853027
2022-10-28,786.557443816972,685.1108379889911,2337.951303605031,871.8819573928411,1352.8365077395763,285.03934916865416,1890.2976592544958,1117.5633290375395,526.7559713396231,2775.0306699127677,15.850000381469727
2022-10-31,794.9921285189115,694.5066614551414,2365.9189062729406,875.3655960584165,1373.70805956196,284.7502280712986,1904.1585751513678,1150.620804946696,528.056674284823,2803.9717333524763,15.069999694824219
2022-11-01,796.0101436213687,709.487870043139,2386.993534336973,870.478873418532,1388.8343418542265,286.7738538875155,1915.5652503399326,1139.6243422706675,533.8165101750305,2826.604888628481,15.109999656677246
2022-11-02,782.6309892232644,715.4991886100082,2343.7053205926095,873.1883129460064,1386.9490568451713,287.8475766628655,1925.1429428591143,1142.805264482869,529.4501560045153,2843.0159124546703,14.680000305175781
2022-11-03,779.67396485054,708.5884649206265,2350.1707398729995,868.059636799892,1365.987675554083,291.56440417344214,1918.4047661326736,1147.3719146666933,527.6850481717524,2819.1481100504548,14.989999771118164
2022-11-04,784.5215225101441,705.0856916268333,2356.6826063748276,871.1077508587485,1347.5849165055247,291.15141170175997,1929.7149003322631,1159.2088516372303,539.2048435079216,2793.692006783395,15.479999542236328
2022-11-07,784.3275447494075,706.2690933816195,2358.3224877050116,874.2528266341956,1338.5628351175721,289.08651659676076,1918.4046731393707,1169.6145286927685,564.5672390755263,2819.2363488543742,15.279999732971191
2022-11-09,789.611417592047,711.9018633497144,2335.5074009596337,876.4783983979495,1347.5398034514983,291.7296360798615,1921.533076393655,1176.9075752515669,567.2148712528526,2825.015774743182,15.020000457763672
2022-11-10,792.6168393011152,707.6654279233491,2343.377855100694,874.7365759789626,1333.086979052459,292.47303988877786,1896.4581669428699,1164.616195791804,559.4575953177317,2797.0890301257955,15.489999771118164
2022-11-11,798.6762689845347,727.9953006169394,2337.7091547392424,874.3011436475601,1388.430143367214,292.92724984100755,1917.394005159663,1175.9759587388326,556.0202679253599,2872.1340832542387,14.279999732971191
2022-11-14,792.0836419993747,756.3956729493768,2300.3714172362206,862.4470895379831,1408.0001044253945,286.27831000752195,1920.570570547153,1183.7689145270133,549.6564670534292,2919.737268748946,12.5600004196167
2022-11-15,797.5612694911171,759.8274043968535,2290.064767052659,869.7530773449218,1411.8604825736588,280.12485004591844,1904.062387287912,1176.8847439241665,550.5854269638519,2904.7372765347063,13.829999923706055
2022-11-16,802.7966104912177,763.0225465635551,2275.026981501953,878.7525139570553,1430.4876342122222,282.1897567570709,1910.752403269555,1172.954245151571,553.6976218118226,2930.72279268046,13.930000305175781
2022-11-17,812.8310202228489,763.9218419167568,2299.528265107938,880.9297899025129,1421.0168803841925,282.9744097611162,1926.2016860795047,1172.3409009131724,553.8369956817869,2927.4586383025658,13.09000015258789
2022-11-18,805.7535983293432,759.8274808186842,2294.4687464064905,881.1233510578792,1414.3289457404594,280.6617316697377,1931.7363792642893,1168.2967693410817,554.7660533312614,2930.3257712012855,13.859999656677246
2022-11-21,809.5347069685124,752.7036881737774,2314.332083932797,884.5102393874712,1404.050138966508,276.20155135197825,1931.8809106653694,1155.5736016352212,553.0937466607794,2887.9724983225788,13.359999656677246
2022-11-22,819.3266097518753,753.0822911181793,2339.583186234649,890.6550480500273,1402.2099116423676,277.27526850722194,1944.009094210069,1152.5746494360667,553.8370035945674,2872.3105502563512,13.319999694824219
2022-11-23,815.9333780685696,754.5022952638185,2344.267703371319,893.8483633697614,1417.7404034167669,278.7619870250983,1942.4690316358024,1159.7313656787815,558.3427877471263,2903.8549588633055,11.880000114440918
2022-11-24,812.2008347718881,756.9401332689004,2352.8409246248293,897.5739874507686,1422.6327148727294,278.80333359391636,1952.479667284796,1157.8911489931052,562.8020169277778,2919.1197215276015,13.0
2022-11-25,815.933365736757,764.0164618309748,2359.4467194505132,897.5255471136236,1448.7110454604212,279.0097733402139,1981.404963545634,1173.295044904841,563.2201142032641,2954.1495911194506,12.770000457763672
2022-11-28,810.552586262827,754.526075630677,2362.8200504505535,894.0903096613513,1454.276649943721,279.79446589499196,1975.1964533531093,1136.8978915395971,559.5969271253315,2969.635427166336,12.40999984741211
2022-11-29,809.5346500940592,753.958012039269,2367.8790865656842,903.380081259393,1449.8330561316118,280.8268675497193,1962.2979828106718,1224.1419904117938,564.0098389072251,2985.0323478503824,12.40999984741211
2022-11-30,807.2078054421341,755.9697158820187,2457.6396335894415,910.5892299501535,1448.12755589009,280.00093773220857,1968.4584350267207,1226.0504438987869,555.9272881877424,2977.9734243991,12.75
2022-12-01,815.9333912454349,764.4424842676656,2479.9864607226045,905.9928274928515,1483.2726403329877,278.1838162038997,2001.619027285603,1234.1386516701657,558.8536933108481,3017.679815108769,12.989999771118164
2022-12-02,813.5095747908919,759.7801370262731,2442.789040807247,896.1707582493461,1466.799593723397,278.14254951321044,1991.7044907795441,1227.1410088571656,561.3620314857226,3011.5029688165296,12.960000038146973
2022-12-05,815.206172465586,755.5437391888083,2422.175864621739,898.396443052703,1457.2390778283009,275.99502928900836,1991.4159910949577,1216.871700030192,564.4278663316044,3006.2091763355406,13.449999809265137
2022-12-06,804.396348443554,757.3423153362178,2439.6972215426445,890.4615023443921,1443.100394052047,275.9537548902143,1989.635046850277,1209.146894711336,564.6601775110471,2971.797367361695,12.180000305175781
2022-12-07,806.6261803057554,759.4487233693498,2488.7934967481283,890.8969868787426,1433.3600699527174,278.0599268457191,2017.838647960985,1200.5815364526634,561.5942601313284,2959.4438659290595,13.800000190734863
2022-12-08,801.0999702857476,759.7090942722001,2516.434069441538,893.9450616831225,1434.976113956099,278.76202378915127,2040.6513104834282,1199.6500849785011,564.0562138201916,2946.6053484812223,13.260000228881836
2022-12-09,798.8216788394028,766.8091320460886,2540.3265221110823,895.1546659620226,1401.4020860579217,279.1749910060446,2057.496155781221,1182.2692798901842,565.8678226421276,2890.928753775441,11.90999984741211
2022-12-12,800.2274784961888,767.4718494913106,2519.1511611848982,895.1547131011699,1373.5284545512598,280.9095387232414,2054.6569562639006,1174.612713657261,567.6329899879643,2855.413747710101,12.529999732971191
2022-12-13,796.9311333632568,778.6426700715715,2527.724309065042,897.8158497651402,1383.4931437594348,282.809223679283,2071.9349266162394,1184.473147579326,569.0265669434187,2883.3844058485947,11.430000305175781
2022-12-14,802.8935332152181,781.0093971925995,2502.9419662859514,890.2679812516951,1412.0847653639985,283.9242762415949,2093.6409810924283,1186.4272326920325,573.6715773865283,2947.8845622993376,11.529999732971191
2022-12-15,799.2093714424335,770.1461712097657,2481.4852768769233,875.752688807537,1378.1964900565588,279.1750353462136,2092.2452533167266,1168.2514331327313,570.6987789256705,2910.869971774407,12.59000015258789
2022-12-16,794.8952054196182,761.6024388526127,2486.030024304303,870.5755791397158,1357.369860981026,273.64103134440154,2080.1165314071477,1162.4124217557498,559.3646613248847,2845.7958391238103,12.489999771118164
2022-12-19,796.9311477848175,769.7438910954138,2502.894726078457,872.0271172648877,1342.1089696118938,276.9861957719093,2074.389465382466,1166.2972711057284,560.2007571408708,2818.70677293607,13.5
2022-12-20,796.931134570608,766.903867720086,2485.982941398127,866.7532863583488,1330.797859741164,278.14252049348465,2057.9775441411216,1165.9794185762812,556.9956170902503,2791.4860905554474,13.039999961853027
2022-12-21,787.5754069170345,760.442734825503,2483.0315740758383,858.3344006248467,1348.662092527513,276.284147877286,2062.646216689083,1170.5687080191292,547.7518940838596,2858.8546488077627,12.460000038146973
2022-12-22,784.8123559795246,761.6024355451656,2475.441911173368,857.7053730160692,1357.1006736784477,272.4847010607174,2018.4156922863135,1166.3200787009303,545.847408427578,2863.3554261612308,14.4399995803833
2022-12-23,780.4495731803689,750.455271214228,2443.632519823627,847.0125232068142,1340.2687853624557,268.7266037421143,1973.3676337133884,1132.4677804528467,530.9365372076268,2838.5600510219747,14.479999542236328
2022-12-26,776.7170247074708,752.6090257343659,2442.414296397516,846.9641920368803,1343.2758922315616,268.85049383872786,1974.2338817044974,1132.5358801607608,530.1933732483348,2845.6629086139424,
2022-12-27,780.4495702257499,763.732477566371,2412.900143471746,859.4956148959698,1344.3083199922382,272.6911678653941,2006.9613863936404,1142.9188116159999,551.1892632547101,2851.3546391063023,14.930000305175781
2022-12-28,777.0078255042388,768.2765309952387,2415.570366255285,866.8500306870021,1345.206059437163,273.80625745311204,2034.5388604460804,1145.7587436629801,556.0666638645115,2846.5010704529063,15.270000457763672
2022-12-29,736.918883449088,762.5491020807658,2379.3098383558627,860.6084863817653,1347.4501233533117,273.8475133136792,2015.768653878031,1147.5762834083114,554.766128291004,2848.2658992590823,14.710000038146973
2022-12-30,780.4011597174627,766.8092066123324,2394.113921595018,859.8342785729984,1350.188200066258,272.9802863053131,2003.2074067957167,1154.6647942823151,567.9581196143295,2864.324794362259,14.279999732971191
2023-01-02,781.0312744083493,766.1227799099893,2378.0453542016885,865.108226635378,1350.1881862761663,272.2782178580357,1997.3836956834186,1157.8911210447166,567.8187798800892,2854.619475605265,14.569999694824219
2023-01-03,783.8428334228406,767.85048648393,2375.1876157832367,867.7693259886192,1360.1079543805422,272.7737598488454,1990.549428850039,1157.7093889350726,566.70391631606,2863.5307119778577,14.3100004196167
2023-01-04,781.6129845649347,760.6557193091794,2367.7385064163905,865.8823119142538,1338.5628377347775,269.263449942248,1980.9720494334788,1142.3506838068283,561.1298510820882,2899.619245178543,14.329999923706055
2023-01-05,779.2376638046463,752.3250213655542,2377.5299860576115,843.8191446066974,1318.948269310685,271.08054807381785,1991.0790667743029,1137.806869836127,559.225284571544,2895.869579901462,14.8100004196167
2023-01-06,767.8460497065405,747.0235849749788,2412.572084001759,832.6908012981177,1298.5253975354353,275.1278080317646,1994.3037380006733,1144.3046224842542,554.6266828234792,2823.559891136948,14.619999885559082
2023-01-09,776.6199933793855,752.6089543445569,2407.9814114278147,834.4326687249722,1300.051455589557,277.64695993055625,2022.1217747621163,1155.6873320113693,557.5065919949155,2842.221953738348,14.529999732971191
2023-01-10,766.1979460490285,740.7755436187888,2450.2380050779525,828.9168137454193,1305.3033424100618,274.67350954312764,2018.704772304196,1156.891435377878,548.6809203213877,2850.119304301601,14.5600004196167
2023-01-11,728.7265872972611,738.4088473774297,2424.9401405510166,827.2233681992996,1314.2351934207732,273.6410763974821,2018.6083859139487,1145.5767715508584,550.2138588671233,2886.340350306403,15.119999885559082
2023-01-12,730.5686591648848,749.8399908708047,2410.55743502238,827.3201962654273,1306.1558239189717,270.99793770714246,2038.8225695435297,1120.0852177263125,548.2164256822556,2925.5172535387624,14.420000076293945
2023-01-13,729.0659742694048,750.7157179871916,2404.842052094002,830.5618765632579,1317.8260159746374,269.59381366137814,2037.9562299896563,1106.2717897707075,551.5144397532472,2916.208300195114,14.399999618530273
2023-01-16,731.635163090786,748.017643383427,2421.098566027576,833.2230748614112,1348.6172135046606,270.5436833888196,2052.4912573209976,1102.8182596793808,557.9711280349228,2976.2231200624447,14.460000038146973
2023-01-17,735.6100897002358,746.6922588614403,2437.7761459522812,830.3683427746539,1368.097342887301,271.82395030026686,2056.437431793555,1113.542012722695,544.4539154242008,2996.9331766913624,13.84000015258789
2023-01-18,742.6390077179154,757.2003331678316,2492.307225288396,830.9006315092457,1382.1015138518171,274.5496018183956,2117.656973858372,1117.9724269094495,545.8938090272761,3043.1827449112166,12.470000267028809
2023-01-19,742.2996759232751,772.9625625915704,2447.2391922770157,834.1423579533002,1370.0273269921345,273.9301432486104,2157.122362232024,1116.2910462380278,545.8473895456789,3033.030348681528,13.890000343322754
2023-01-20,735.173826706846,777.8852577053577,2376.1712415001334,837.577548077101,1368.0975320601096,271.9478489744216,2154.667977347857,1107.4758620574123,548.8667036910736,3028.157150767711,11.640000343322754
2023-01-23,740.5545103531202,786.4054381729433,2391.115967929602,836.6582882575105,1371.777926420586,275.08646143199167,2143.646605926097,1101.9094778576764,550.8641156658481,3028.1573821258276,13.479999542236328
2023-01-24,737.7914536619912,792.842815267551,2418.100087508677,839.9484311634187,1391.213108045872,278.84461529945156,2117.6571790062285,1084.8014472016187,550.9569545645247,3083.8362182605956,13.300000190734863
2023-01-25,744.5780143271088,778.7846872191718,2430.4681647563493,820.5947431838545,1381.338454399183,276.90359212553494,2074.3413456934554,1081.4617181061994,527.127547840379,3072.7369055632244,13.520000457763672
2023-01-27,742.4450159711201,752.5852477560804,2415.6644508941163,786.8226273934423,1353.1955355242728,282.0659080263967,2047.4857952408722,1050.403647808396,494.4724280088681,3052.2519856113963,14.579999923706055
2023-01-30,739.7305067288842,748.8223006723755,2370.689823043603,770.2753259951805,1364.5064664421677,282.3549422107496,2005.8063298695308,1045.5643456626856,487.9228544901303,3055.185081317517,17.290000915527344
2023-01-31,744.9658418420958,754.9756422717883,2380.996773311189,787.7902803548072,1358.222785821618,281.694180516648,1995.0734074254208,1063.7403362487162,499.67494137585163,3024.005764167,16.56999969482422
2023-02-01,733.525686996076,760.18239548965,2386.29058767451,796.5479318096759,1371.7330909295972,271.8239331250567,2002.4370965329172,1047.3819702702858,463.9075551645127,3027.615625744506,14.850000381469727
2023-02-02,741.7179449161832,752.0173625008308,2401.4224222425783,799.4025728057139,1393.2329580209157,297.6765767540571,2028.9563009657668,1050.1084290116537,466.833981131225,3086.363161059032,15.510000228881836
2023-02-03,754.6608403628155,760.6557016062386,2465.27557021236,824.5621976829931,1412.084711865144,307.25764949867965,2051.2879419338315,1041.929212987467,482.30223807957736,3115.9624021902155,14.270000457763672
2023-02-06,755.0485573480703,779.2105920792565,2435.855641655891,822.1914932310632,1401.8506763029516,313.53495226542634,2062.116857657459,1047.7455820077842,498.4672306622053,3101.4787169293004,14.1899995803833
2023-02-07,759.120547652853,772.7732040823922,2431.6861528791146,819.8207185448867,1396.0157043631311,304.3255277315778,2069.576403385871,1041.9292904027159,502.64779475723776,3123.6332079139006,13.670000076293945
2023-02-08,741.6695336365851,781.0092321762584,2415.8047055476436,824.3687924228041,1405.3518929839772,306.8859534537413,2045.9935397884458,1048.290888887822,506.7819992974434,3138.658220197554,13.539999961853027
2023-02-09,738.082351421905,774.1696293119086,2404.2329551058538,824.0784487262168,1423.79979497045,307.38159731824504,2055.7635969070147,1060.559599329042,504.27362722243805,3163.249283575588,12.0600004196167
2023-02-10,737.7915267754929,777.3172329126792,2394.2547806952557,824.465487275508,1433.1357691390035,305.8535510997639,2057.5444339439928,1054.7884945677279,507.710993148678,3165.820802706398,12.210000038146973
2023-02-13,743.3176485496116,778.4296267994425,2389.241670462938,821.9010841882861,1405.8007934239577,305.6057546003046,2079.3465770320886,1051.2672523692866,495.4479153661014,3134.462212995343,11.829999923706055
2023-02-14,742.8328874385353,784.7723886188783,2408.1685349542227,824.5623320724267,1416.7079103135172,308.7031194861325,2100.4749570293147,1055.8565481440585,493.07886719263996,3153.9542158741274,12.449999809265137
2023-02-15,748.6499411710541,784.204397425203,2377.061675051212,832.7875850885544,1414.7778957082892,317.7917540823391,2076.5070520501445,1078.2809718116707,498.6994786767496,3122.504969647513,11.279999732971191
2023-02-16,756.7936857374958,786.2160428519792,2363.8035747277663,836.9001875567873,1434.3926112378667,319.84852470474647,2090.4162219910077,1101.9321273600988,500.27878393689315,3182.831654026723,10.170000076293945
2023-02-17,746.8077916216745,777.6722882594793,2348.8588215110553,827.5136827888803,1414.328939750233,318.3794013713562,2079.154050879854,1095.3662876043543,490.29183281792535,3149.442510168604,10.800000190734863
2023-02-20,753.4004727508019,773.8145926677021,2350.0772019998967,822.7720059106903,1420.6127131506628,320.10038432075044,2132.095637084714,1095.1390690194628,485.0893350789315,3135.951226496393,10.920000076293945
2023-02-21,754.4184377934881,773.4358630789981,2353.9187292349884,819.4819799285804,1414.777722133191,320.43616575193863,2139.507525492875,1096.1614739086865,485.321595381503,3108.6081716824324,13.380000114440918
2023-02-22,743.1237877745673,761.6261321413451,2326.231425421773,807.7729920906293,1396.1954567000723,319.0090621451135,2100.3789062189317,1079.2124090771258,476.12421242954093,3063.712402699568,12.380000114440918
2023-02-23,738.6154575442454,753.6029959990215,2323.7488244366887,806.6117457753803,1389.7768444892642,321.61150291630275,2072.8975031089303,1072.9872927091903,475.05583971454416,3075.443660607491,14.520000457763672
2023-02-24,731.974444238244,750.3369782178833,2316.112599913136,808.5471431075151,1386.9490818059621,319.8485741021876,2039.4479053420125,1076.0089953829322,480.86224238671736,3052.2515558298396,14.010000228881836
2023-02-27,715.9291532065624,746.5976127581428,2301.1683006015505,806.6117467803197,1348.3479787508859,317.4139739320152,2004.17004241129,1068.6024012348664,482.1628813381515,2992.4214241424907,13.75
2023-02-28,717.0925982421638,751.993669356785,2282.100959545673,822.5302127066509,1329.7655850233577,314.8115528547274,2006.9615125595578,1051.3126158801917,484.06738614268016,2977.8921119899733,13.5
2023-03-01,718.4014260682596,755.3307307505042,2293.6722519640143,824.3203268741219,1329.9449890099597,313.63623525418024,2021.4000511756965,1055.6746563210354,485.9718525366277,2991.5190869485177,12.279999732971191
2023-03-02,713.3600201730414,748.8222761897821,2289.924764102306,823.5945759500078,1317.197682560526,314.5597090253691,2028.6671109432734,1054.9249246750653,494.70468818610954,2994.2262980645087,11.100000381469727
2023-03-03,720.873664371522,751.6623001418777,2300.8397776918437,822.3849766837857,1322.3144070030216,315.73500724306933,2052.442749362237,1063.9902277008234,503.298227506256,3006.047977690829,11.979999542236328
2023-03-06,741.7663273277292,765.8862015978312,2319.532360820119,837.3840811954593,1340.40316723241,323.41644343198453,2059.710191182808,1090.5495987349282,519.323840992175,3031.2256043654165,11.84000015258789
2023-03-08,737.5006138338476,766.8091679963849,2311.6619142323125,833.6584222779096,1329.5858287787105,323.29050424848003,2060.4801987112014,1083.7336057675889,516.9547188770576,3005.8221644268447,11.899999618530273
2023-03-09,746.710873472141,770.1225701404643,2302.0112295079657,826.546025121793,1323.7506846342324,323.7522192644157,2090.2238196409426,1070.147279158801,518.394813682795,3005.8220589057696,11.779999732971191
2023-03-10,744.7718606458342,750.2423327911828,2290.9547814170396,809.2245326625901,1308.5348642940003,321.9472879541555,2053.1644830138507,1051.9485130130206,506.31745982451406,2968.9578603459922,12.729999542236328
2023-03-13,739.8759320649216,740.7518050492812,2290.861586859306,797.3220964813469,1281.9180875951263,321.1078088957629,2028.138017219187,1033.750107312473,490.9421669468635,2952.7150665107374,13.40999984741211
2023-03-14,740.6999766155792,738.0775680892785,2285.941940320513,791.8062622910114,1266.6571346659055,316.6584285700909,2054.512309884596,1031.046698611293,483.09186615388154,2896.222976618514,15.0
2023-03-15,729.5506983005664,727.3326499748621,2242.1393392404925,795.6286081458696,1271.9085107865455,317.3300726560751,2079.154188666598,1012.120862693993,478.957719678139,2880.521443910695,14.520000457763672
2023-03-16,720.8251463694127,725.1790009533352,2255.959778594288,784.1131634393323,1255.615279699322,316.364627485881,2052.202295703525,1000.6701985245505,477.79647683963054,2862.4731425382656,13.949999809265137
2023-03-17,716.6078498676474,728.9420761958121,2285.9891230052194,792.1933587502203,1267.016186133299,310.3202381474808,2104.8548438952967,1005.4413153341551,483.18475617807985,2837.205114597425,14.600000381469727
2023-03-20,725.9635022409798,731.4981015299404,2272.122002260381,798.3380534729109,1243.1821248798633,312.29303726156525,2071.4536174306236,990.5826039210764,478.4467863850695,2793.0320130478685,14.520000457763672
2023-03-21,732.119897424009,736.6101030086518,2303.7444284912676,811.9340030740609,1247.80524645178,314.01400849486106,2100.330804833309,1007.3951430408976,479.7938877574261,2795.197605797223,14.079999923706055
2023-03-22,730.180958027629,740.9175746776272,2299.6684625659,823.4978821113282,1240.758298512187,314.139947920916,2125.261113337968,1031.47816188993,483.1847658665671,2803.003751733395,14.239999771118164
2023-03-23,733.7680533525457,737.722493547406,2310.5376107798725,825.2396338332466,1229.851204859829,314.3078899178114,2118.186560876074,1019.2321704434514,475.19522768761806,2798.4008026367956,13.899999618530273
2023-03-24,735.7070815246252,736.018485653395,2314.2851097545336,821.7076319212885,1236.584082982878,317.3300144631462,2072.464187422415,998.7617116838695,467.7165821618938,2802.9134594440998,14.199999809265137
2023-03-27,736.1917857811085,737.8881669466679,2308.663274684874,816.7724084776924,1233.5319439925304,315.9448837369688,2069.5283767572687,999.7613722312702,465.9514072018612,2802.913086548761,15.100000381469727
2023-03-28,720.1465539561249,740.3495294210122,2316.065588531859,820.7883391486262,1235.1028501650894,317.45598088565663,2043.0096195362742,1016.4831753805086,468.08818231320515,2806.6580152242736,14.869999885559082
2023-03-29,716.316981730259,748.7749763296413,2323.7018229114383,820.5948160711663,1224.9589261056296,316.6164942736706,2041.6137661004404,1004.7142894261991,470.36425711315877,2801.1990211073035,13.319999694824219
2023-03-31,719.4193551133378,753.7450781349003,2357.900425036272,830.755487911108,1251.3063709749888,319.00901618889503,2070.057772993362,1024.5260415402947,482.4880211813495,2844.424646148771,12.069999694824219
2023-04-03,729.114452129229,758.6439926938963,2356.49501636752,840.7709875930993,1261.4054833442367,317.7497755734311,2074.341210655856,1051.9259454677697,485.04281397560624,2864.0519824028015,12.470000267028809
2023-04-05,732.9439420739641,764.9158157360166,2344.2679197469993,845.7544911485221,1256.7823002469104,318.08557963436516,2083.9668728935403,1048.995215362799,482.20931556065125,2874.6555889687143,12.050000190734863
2023-04-06,735.9494474295445,779.6366978740349,2392.053029789677,844.4965709573414,1266.073518560293,322.53491726045695,2170.069211650343,1053.357419977002,484.62483699624335,2901.277154078457,11.649999618530273
2023-04-10,743.0753113213163,782.9026369160893,2365.8179345190356,836.4648086702014,1270.247698163105,322.9966075913583,2192.7856876585674,1054.9022279148219,487.1795928002729,2901.2766286777637,11.800000190734863
2023-04-11,744.7234506710112,781.5299783108553,2373.313664093931,837.0453728791858,1246.9077377115614,325.72504135609034,2201.689686941137,1056.0383079017138,489.73445079520377,2880.656589162442,11.670000076293945
2023-04-12,741.7664194284957,789.4347845187364,2359.8680901156886,851.8509210177381,1256.7823760661174,329.1669297702602,2196.5398366696613,1058.7646577412916,488.66603821179706,2886.8383344135827,11.979999542236328
2023-04-13,742.1058018793781,794.3338262706332,2365.8181314992144,857.8505626165031,1241.5212084434136,330.5101273624119,2158.5182903950295,1064.1946609026813,489.73448085407773,2869.6924586935834,11.84000015258789
2023-04-17,731.3443155599758,782.571377912893,2381.1841950233493,864.2856641308982,1064.0457840517952,329.8385360430229,2118.7636775591404,1067.3980510351955,490.52403259277344,2770.6517749633886,11.90999984741211
2023-04-18,729.5991593885673,784.0386831315956,2370.5030168211597,865.2049618009515,1124.9098727143887,333.28052365574223,2106.106348647248,1056.9242116194696,502.1368669691831,2807.064393679631,11.859999656677246
2023-04-19,732.9439185391218,784.3936604333247,2351.9980589345573,858.5763632484744,1103.6345720960464,332.4409948905821,2125.4538671043265,1059.741493449773,500.0465946465739,2771.779897861731,11.109999656677246
2023-04-20,739.3426996365507,788.7720629382435,2323.654692747772,860.4633391974846,1096.4528876003903,333.8681605394353,2139.074153306863,1059.6961482625013,498.5602105166989,2777.6461771131376,11.579999923706055
2023-04-21,741.136276368386,787.2811171507625,2328.948763469482,853.8831078765245,1095.1959823564707,335.00146836475506,2119.582433336614,1061.6499382780762,501.39367553995163,2798.2205892743714,11.520000457763672
2023-04-24,732.6046428887988,792.4167640167948,2319.0637555419476,866.0758981865458,1093.4007163156925,339.324821607002,2104.7103437022383,1066.9210188410907,504.9239523489952,2821.097181701511,11.579999923706055
2023-04-25,738.5185193436264,786.6420186043182,2321.8278620036335,873.9140767553679,1090.7074586862907,342.0112412126051,2135.079400678418,1068.0571198634168,515.6076442134857,2840.364305894981,11.430000305175781
2023-04-26,743.7053787052291,783.376007072747,2325.7161047822374,876.4785336633281,1095.6897216700977,343.3964324563322,2160.0583863261677,1069.6702254865136,516.9548068709435,2870.5948910586885,11.300000190734863
2023-04-27,747.8258059042053,788.5117639010149,2302.1049156521044,879.1879872737524,1100.0434436269843,345.03350074102445,2182.245689039856,1074.191342363561,521.2747540041349,2861.254563139059,10.960000038146973
2023-04-28,763.1925034337291,790.4760695239482,2266.5007043645164,880.8330221437257,1117.5937079744554,347.30011703160113,2225.7537390339317,1082.2568535921685,525.3624250345678,2884.3569105201195,10.789999961853027
2023-05-02,764.5012492186048,796.1562664231507,2295.5461338359078,889.0099636211668,1126.2116409241175,353.5962999016182,2284.374440695244,1103.3181951274973,532.4694319090614,2896.7649083596743,10.949999809265137
2023-05-03,753.4973935103067,795.0438832970477,2298.028742765095,882.0910771536264,1132.989395915365,354.30991031392773,2260.599073347352,1096.4794053699195,528.613973124418,2863.5102353696716,11.130000114440918
2023-05-04,750.0557168977118,798.5702121515963,2323.795100203347,882.3330043393024,1133.3482975814445,355.9469461589209,2255.160629359921,1097.1836913545592,528.1495490238584,2867.8876502834637,11.1899995803833
2023-05-05,756.4543863369626,767.8032049269116,2337.4277970008134,893.606458259458,1125.9423114267645,356.240730060407,2268.7807146876644,1106.9077915916328,534.2345705860378,2896.809961242115,11.529999732971191
2023-05-08,761.2534888278593,771.5425380292702,2339.7233859589787,897.0417745579132,1126.7949851195513,360.4382509736069,2265.941166955207,1110.6113241430285,536.3712809475688,2915.9868320573555,11.720000267028809
2023-05-09,766.3917824957996,776.2522902407883,2342.440673095588,901.6865656790576,1131.7324559214633,353.848159761522,2279.031785626116,1119.2902356444074,531.4939619981551,2929.2520796847634,11.65999984741211
2023-05-10,764.016440860648,773.0099158578086,2347.875243820309,898.2512826316067,1130.3410516063245,354.43585311887716,2262.0427945395186,1127.4464419348942,523.2722078576629,2947.345364010718,11.539999961853027
2023-05-11,759.799216311197,780.6543818274131,2364.506251200738,903.670275317878,1124.8652248185404,351.66550301604906,2153.6093372092473,1125.3335267806174,531.4011353422231,2952.714803365684,12.819999694824219
2023-05-12,760.574740647795,778.287657790037,2423.3469741129625,904.8799152854667,1112.2972159671344,349.2729295245968,2115.1064574908896,1116.2228762779578,530.9829783895638,2941.8858917917887,12.739999771118164
2023-05-15,765.4707351871797,788.1567347587811,2457.68683286568,907.8797388732504,1118.2222777596694,351.79145254826733,2132.095668762845,1123.7885720856236,533.8630336631455,2931.372538570999,12.539999961853027
2023-05-16,760.0900804050127,787.0932626645074,2483.499988913077,912.5246445049526,1133.5728739365072,355.5271841877558,2139.8924656477784,1113.3375770795326,540.6913091994442,2933.2677265181874,11.710000038146973
2023-05-17,759.993116847242,778.1641970070733,2480.1737897980543,905.5573533737447,1115.3492784510368,354.7716297300872,2127.4751259140494,1103.7271032383842,538.3687520293435,2886.161319057114,11.899999618530273
2023-05-18,770.4152480110216,785.1781855528116,2456.562707020694,911.6536723389962,1115.349126750092,350.9939446418551,2099.368117255338,1102.8864225456616,530.8436935790718,2883.228648558824,11.140000343322754
2023-05-19,769.0579747251202,781.1326853109591,2436.6988396496045,911.1698318764588,1124.6408945483902,345.3273103533905,2087.336128698186,1099.1149119209986,529.450144687857,2890.49338684266,11.6899995803833
2023-05-22,775.117261604368,781.6831554747228,2457.687070200414,915.5728047480459,1140.3056104941186,351.83342080764004,2096.8655686557204,1105.2494084549478,532.7482117209831,2903.126907529479,11.5600004196167
2023-05-23,773.6145837367858,782.0422085660649,2459.5137070518767,914.4600050088006,1164.3640238293533,356.11485302589,2111.881484060454,1113.9283950164865,535.8604035179653,2969.0485451363493,12.319999694824219
2023-05-24,770.754571277164,772.5387790945629,2443.5856020562355,908.1700692529853,1159.2023290054685,358.4654262086875,2094.555358692274,1105.749113749558,537.2075114091327,2956.324611866416,12.40999984741211
2023-05-25,773.517567898261,764.7587591498904,2417.8657944863357,902.7994055425181,1157.361841386736,365.01347261947217,2096.480542555405,1097.842640709934,536.0462204931116,2948.2934123355303,8.180000305175781
2023-05-26,788.5934138147607,767.1047828039214,2438.9942457939405,905.3153554715091,1172.398482842331,368.95913601863043,2118.619679752026,1113.6102893364032,539.3442236128685,2969.8606669045807,11.699999809265137
2023-05-29,793.0531569575247,777.9248603912886,2478.299966302625,916.2018938052257,1175.8546221650074,372.8208239793013,2137.101050339944,1139.2608448772517,546.3118350190275,2988.811393753336,8.8100004196167
2023-05-30,788.0116667643929,779.696324831423,2483.7340945705564,914.1213552721521,1175.2260715243845,378.5340511282782,2124.587383600532,1142.50963326853,549.5170739881399,2979.201016847023,11.770000457763672
2023-05-31,793.0531876954162,768.2537737690359,2471.6939627695965,910.1054136571358,1179.7145799188752,379.7786896234105,2117.6570247174614,1118.2678159183406,546.936503435379,2946.5330909329136,11.579999923706055
2023-06-01,797.9006572217169,766.0274971750312,2487.1537616787796,902.6542546695372,1183.2606516913986,376.8173337216044,2119.726370021547,1116.9046059479208,550.251247096706,2975.7265225443743,11.220000267028809
2023-06-02,801.7302143248082,766.5062458740007,2521.962025898736,904.8315086794461,1179.104315999841,377.5040146499432,2129.352079506498,1113.7238061790024,552.1454372531686,2975.681286269555,10.859999656677246
2023-06-05,806.7716192974345,767.2004021873126,2514.934891601561,912.5246936605699,1180.241587621195,377.7615491165868,2156.159818627941,1117.1090229973545,554.9866659182792,2964.4921269930105,10.319999694824219
2023-06-06,800.9545839695002,762.3170981340278,2501.817055942623,907.7828956332198,1158.1340462786784,378.01904508042327,2178.973053416641,1118.7221336360576,552.1454267581223,2906.330658002561,10.470000267028809
2023-06-07,802.0210194089267,764.112497093835,2510.4376028778556,903.6219933280021,1166.7769408938925,380.036181282122,2192.7375583702224,1123.5386905370437,554.9866177418588,2924.739872252775,9.640000343322754
2023-06-08,809.0983598261323,767.5834304077028,2506.2678486143086,904.976783728994,1165.5031332892086,379.30658833417493,2226.186681197083,1131.899585359948,555.3181330686974,2917.52024384417,10.130000114440918
2023-06-09,803.6691584900361,769.3788668136775,2454.9226883162682,905.9443691039659,1149.9462124982956,373.5127150558858,2250.7325108835266,1125.9925399615922,546.2261879311128,2892.569033684028,10.3100004196167
2023-06-12,806.3837567043073,765.7642009992537,2467.00937587941,903.1381322087851,1158.1342150829948,372.3968643315873,2245.7751799816538,1120.085385478967,547.1259008663296,2897.667213061257,10.579999923706055
2023-06-13,807.3532994720553,761.2876940266594,2461.856176131241,903.9122121660633,1180.0141088524708,376.2165069157611,2239.9998228789073,1129.7410455483066,543.8584775170594,2922.9347007928154,9.989999771118164
2023-06-14,794.0226467370427,766.1231829378727,2484.811491141732,905.9927783452874,1176.5114958499232,380.8945538913721,2252.4170621125127,1143.7138887627082,544.8055557290528,2911.0686537442966,10.630000114440918
2023-06-15,799.0640370874277,755.9733914813049,2509.312859789837,894.4773163743614,1166.9135288571645,381.7528689711605,2261.0800036394144,1152.120393540196,535.3347705864633,2918.3090542596706,9.6899995803833
2023-06-16,795.7677831518149,758.3672313699111,2514.044503108003,897.0417071602234,1165.4579252792078,384.4567146426835,2264.208407357929,1163.3437504987226,537.039480808149,2869.2152311642453,10.5600004196167
2023-06-19,802.2633543650288,765.2375312003252,2526.831966831268,889.0099629857297,1170.9164175038359,388.19056478835836,2272.6311546885913,1155.3692013285906,535.950434203992,2886.488750625675,10.329999923706055
2023-06-20,801.6332140553098,761.5510703742875,2501.4217702752153,885.2360229801786,1174.6009515510648,386.3880297965198,2266.326082836546,1151.893084884151,532.7776786865753,2910.1721522414337,10.569999694824219
2023-06-21,805.074899824143,771.2939332038942,2520.644795113001,890.2678596475248,1178.1491003379751,382.01042067086826,2292.8448914507394,1157.8001247424693,535.7136188531458,2930.990945518115,10.770000457763672
2023-06-22,809.2438541528682,784.7234386393332,2501.9884986425827,890.9453680771945,1158.588924773524,382.6970604624499,2290.9197773861874,1150.5297472760415,531.3570872845204,2936.5823870603735,10.6899995803833
2023-06-23,815.6910127735891,782.3295552385844,2481.915369106827,889.3002746615077,1149.354940265523,379.9933109720935,2294.0480584764578,1141.441900396204,524.4907637219954,2917.5353831715756,11.140000343322754
2023-06-26,820.5384625977553,779.7680665871447,2495.8016280600636,893.3645221055212,1148.3542924289115,381.10912103063964,2279.320744624804,1130.8546930683367,525.1537538676326,2884.6704423318647,11.239999771118164
2023-06-27,827.5674003675284,784.4840048316838,2489.9923296006514,892.3968434482118,1159.2258317923613,380.3795233692762,2282.786272917095,1129.9230146151945,526.2428712590395,2893.1256488765357,10.6899995803833
2023-06-28,837.2624010328767,794.9929383437692,2495.660004697041,904.1057681310743,1165.7761494538163,381.5383112044259,2300.5939538192865,1135.0122016455275,538.4601367390198,2903.2170571492807,10.649999618530273
2023-06-30,840.6072468028977,805.8848271927366,2504.4924909968513,900.5737584353333,1186.7461812925758,383.34083366071934,2324.65798795887,1151.1888070463274,540.0228754582851,2922.036027465169,10.069999694824219
2023-07-03,847.9268511125974,818.6919081822313,2512.14285501147,906.2347047696655,1208.5807755595015,386.30214664819135,2356.3748821229733,1161.1400387375704,543.5270409961187,2971.719808516399,10.800000190734863
2023-07-04,827.2766166429986,820.5112555769142,2526.831771285446,911.5569231484889,1211.2645002907818,394.6711108059222,2366.1930162860926,1169.2736896643748,551.4351030041416,2979.493160479394,11.520000457763672
2023-07-05,836.7291766494715,798.8470106542848,2546.7631646422487,910.5892530851423,1219.9983999394044,398.53371095448574,2362.4872802004325,1170.432411192628,557.0701916178066,3004.6756362735196,11.569999694824219
2023-07-06,837.1170019471442,794.9450691746598,2584.1222087067363,923.1691439746393,1216.4957873550766,403.8555371781294,2375.192904862369,1170.5461356600117,557.922496326865,3001.948240187536,11.779999732971191
2023-07-07,836.1960068164162,792.9821345334826,2541.9460074716203,913.2987483173766,1205.7605007879629,401.3662748624045,2353.102102326423,1194.151966693268,554.5130934090871,3001.9478820539534,11.079999923706055
2023-07-10,838.6197072821819,789.8222154878739,2504.161420460869,910.9279130803762,1200.2564625432983,398.0186926997213,2329.4227339345207,1215.508392547687,559.0116380586246,2968.4925202267236,11.359999656677246
2023-07-11,859.2701517331698,787.8113925946035,2499.4381773549544,911.4602011815253,1207.2616391546826,399.9929153943561,2355.604730027937,1243.9536302912918,556.2651084792831,2964.4923069892843,10.949999809265137
2023-07-12,856.1676491096487,779.0261026386073,2496.1321289676907,910.8311101398883,1207.26158386156,403.81261058479845,2356.182162077166,1254.8817149747802,557.0702178075081,2954.764772000077,10.720000267028809
2023-07-13,856.3131347685646,784.2446291019418,2504.350358648507,911.7504947834543,1210.7640473114604,404.28470720721316,2354.6904012967957,1243.794632147719,552.4768908483136,2975.356759075,10.699999809265137
2023-07-14,852.8229811880643,782.7844139927244,2504.208676033007,920.6047706053051,1256.0706748916025,404.58513564282515,2357.0002629542596,1238.2736675009803,549.9671202346848,3047.4049393977743,10.609999656677246
2023-07-17,849.2841977953386,781.8268204083179,2522.108996496163,922.0563000505355,1286.684431680645,403.9413428294161,2372.738665800387,1239.5914489485467,553.2819226326304,3161.0917295383088,9.859999656677246
2023-07-18,836.826167809372,799.5412040971963,2529.00483940802,939.7648803965843,1300.0578928736984,404.28467948145015,2375.722365610935,1269.1270172578058,557.5910982073067,3150.136639084645,11.069999694824219
2023-07-19,840.752674544697,801.934971315903,2513.512849060663,936.2812498523813,1328.8975058703597,401.79551271892757,2374.0860069315577,1270.944719940005,560.6690764111024,3132.545354564023,11.539999961853027
2023-07-20,841.5282842102112,804.328853626943,2510.962361431316,940.6842032435259,1310.7022519481309,408.8339932499008,2376.6369110344153,1270.1421687973038,567.0617851030194,3131.9403423330245,11.369999885559082
2023-07-21,848.1208680579838,801.0972104283851,2448.4293274769584,956.84447144192,1187.2466172377842,418.01835927513474,2426.738526828327,1242.3763715855305,576.7693674749186,3061.755687476042,11.0600004196167
2023-07-24,853.9379019264227,799.5890751426567,2432.3708753693927,958.1024196639266,1213.8574296627578,401.8383501304543,2487.188021314795,1215.6443158350814,581.7888690919402,3073.6503948838067,10.539999961853027
2023-07-25,852.2897046385892,803.5628884699448,2420.3740726173273,956.3122688209883,1204.759709076421,390.89435750965157,2457.4446086094536,1220.9119513502328,572.2234090326344,3081.0333776826646,10.109999656677246
2023-07-26,856.3616334105965,808.1590121278992,2429.8207142199776,958.0056893867065,1218.5426339683336,396.60241549420846,2488.2468525810405,1223.3733833366434,576.9114760463759,3085.4090157010746,10.220000267028809
2023-07-27,861.0637625249478,798.3203692500316,2411.5895752902356,955.2961388953374,1225.5024420215238,395.78698105932125,2547.397210694087,1226.0072859774648,580.6523754641814,3085.454295510359,9.890000343322754
2023-07-28,863.3905327957872,785.7048288838802,2423.1138780906617,945.4742265790718,1215.4495028674003,397.7612172595792,2526.749928611294,1231.0286064735196,581.1259407812325,3036.1878482954903,10.039999961853027
2023-07-31,858.2521652768063,784.5557544882844,2412.5343684077006,956.6510035025354,1212.9475890459607,397.847038754469,2532.62151345569,1239.5946718037708,581.9783022582515,3063.4412963787145,10.140000343322754
2023-08-01,861.0637720939054,789.9659121084937,2404.0329515663525,958.441094913932,1234.55459874793,398.1045619490417,2555.964195064803,1233.3672005487501,578.2846606992431,3112.753500683223,10.199999809265137
2023-08-02,845.9878655955879,781.8986144970055,2395.5313910233,945.9097092186121,1226.7760211098619,393.12607331371055,2533.7898667279774,1212.8381883521488,562.6578941967817,3111.477553853232,9.949999809265137
2023-08-03,838.7166648978001,777.039216150682,2396.6643059679495,929.023619238488,1227.2765555039189,389.9501657308603,2517.824141529422,1210.1058926997707,554.0395552258084,3069.9136819497357,10.979999542236328
2023-08-04,839.7831577347351,780.0314207032054,2394.6338605350475,930.1848616052202,1239.1034713632262,389.9072384807844,2529.7011451533126,1216.776590964359,541.159269416028,3100.220594527487,10.479999542236328
2023-08-07,857.1371836318807,788.7928549114002,2398.128518750945,936.910199431587,1252.7501133948201,387.07470068003323,2553.649684572805,1233.2195480808575,536.660759225921,3136.680374620139,10.399999618530273
2023-08-08,853.5985335417967,786.1597188833139,2413.9980104274414,940.8776941737979,1259.482325527499,387.1604976084215,2558.711898289551,1230.536470478926,538.3654179490715,3150.6719384869994,11.100000381469727
2023-08-09,851.9988643227318,780.9171055719207,2400.2539106551667,940.1342639638341,1257.7538204969392,383.5983485127932,2546.0075858667665,1221.453442754676,538.270714326323,3121.9136546042855,10.489999771118164
2023-08-10,841.7221562172219,780.8692141779015,2387.596326050389,936.0853435299007,1260.5739920409878,385.4009156497953,2552.23793670521,1234.9179033647526,539.9280558044107,3126.4717689822373,10.630000114440918
2023-08-11,842.4719364827722,773.7835398495799,2360.5803876759437,926.8654844949497,1243.6977576448737,381.75293065325945,2561.584043547988,1236.8377961469016,541.7276179100518,3111.8419612799826,11.359999656677246
2023-08-14,835.2646101195944,766.1472113841155,2350.2840570922026,922.9628451701761,1242.378570429603,382.01040620449373,2546.737750609227,1243.065489745762,529.0366603790627,3109.1076379281085,10.479999542236328
2023-08-16,830.9792568594177,757.0745330516527,2384.5734824149445,923.5482159431574,1278.5873165202784,384.7141974241364,2581.8331195239016,1255.8654425931288,524.6802126897423,3131.1658720380547,12.0
2023-08-17,827.8625448688899,763.1549690708855,2392.697385139432,923.4019001385633,1279.1332405349353,377.67575939844517,2572.049486039114,1246.930140835009,534.1509955189327,3111.113233332602,12.109999656677246
2023-08-18,830.0539443323734,759.085349306415,2391.8473490611345,922.9628475581766,1261.0743232513742,376.38820490169604,2563.0441191813243,1234.9671961841154,537.3710579967587,3059.431330874163,10.789999961853027
2023-08-21,831.8557563199429,759.8035093045302,2398.4123470528325,925.3043886702031,1261.9841437074754,378.83448668712066,2553.9904206772794,1242.8371963360953,540.543686550049,3073.559239908139,11.170000076293945
2023-08-22,843.6406124892178,756.4522249006168,2411.5898514651053,926.1825113015468,1270.626854331071,383.6841841982633,2591.5197564062078,1234.6115281978846,537.4657046302118,3067.2246127209246,11.59000015258789
2023-08-23,844.2250407375834,753.2204087970642,2420.563340218901,926.7191010359882,1278.814705879977,385.05754478075903,2611.4282095534713,1243.4796423923776,536.0451323697911,3077.205089476201,10.3100004196167
2023-08-24,841.6927614293203,754.6089370548672,2424.7669313374904,943.2075058123395,1286.8207457961107,385.65838876553767,2609.6273820948204,1220.7782590700385,545.089597779111,3079.1196943322775,10.199999809265137
2023-08-25,838.6734713750204,746.1107431818068,2410.1725783860866,936.8169966020404,1284.046125180156,379.43533886130297,2561.340697866157,1206.747529523438,537.1816123237163,3053.7339446114943,9.979999542236328
2023-08-28,843.2997542798929,747.5949720764402,2398.3651931903514,941.5489150273396,1284.0459634347399,378.53407266956555,2579.886151705616,1201.0660879981488,539.0757992325795,3062.712621128665,9.5
2023-08-29,826.4016679540526,757.1463475103358,2382.40132007785,942.1343908286685,1287.594124022955,376.9890314639849,2624.911699848258,1189.7277154191993,541.5855290696916,3067.1787231057706,10.649999618530273
2023-08-30,834.1445747365004,753.4358760513546,2380.41727851683,932.133938729812,1295.5090234553786,378.10487283275666,2635.3283434558416,1193.1119215700844,536.1397874711188,3083.6315577486384,11.460000038146973
2023-08-31,824.9894229427475,748.3609484150296,2353.118146314614,930.8168478402002,1299.7395500542452,374.3281113666927,2607.4371755987763,1185.6517981191516,529.7944220656501,3047.7185475864435,11.760000228881836
2023-09-01,830.540925500741,746.5656081528945,2361.5251517569636,929.5972223729281,1299.3301072963106,376.2165284481097,2617.1236757046854,1186.5164632510111,532.3514974630689,3059.704683185733,10.40999984741211
2023-09-04,837.3100300416575,754.0104999128797,2353.9684133903925,937.1585143582263,1305.2433158683236,374.8002422414889,2633.3812354194174,1188.3197691016735,538.3654431746227,3071.7819850635196,10.859999656677246
2023-09-05,836.0437803520641,751.9517756465584,2363.509040547854,938.8171248357994,1325.0763856474239,376.388208864281,2647.9839823665243,1191.852196412095,541.11192284817,3103.7753953952833,9.369999885559082
2023-09-06,843.2510517748638,754.010454511239,2368.5623517069744,927.6460085088062,1331.2629855860807,379.3923974380785,2640.1960077872495,1194.2234900414205,537.9393161837204,3097.3496132666887,9.8100004196167
2023-09-07,850.4096315229147,759.8753480460392,2361.5249576092338,931.4509828721614,1330.1256765994524,381.62418154440905,2657.7193067174526,1191.1358550222296,537.9392393188474,3119.4077066466084,9.800000190734863
2023-09-08,855.2794562391008,769.6661070326583,2362.989317897267,937.8414652280092,1328.4424261958688,379.26370193386344,2796.3977680010184,1197.039593881822,549.0200586567578,3131.029101522507,10.079999923706055
2023-09-11,860.5874806368574,777.5179726424265,2370.073744210262,945.7441402430992,1332.3546400444875,379.950362534242,2813.5317497299884,1211.3916036780722,554.3710410982075,3140.0985716091377,10.34000015258789
2023-09-12,861.9510023570922,778.0206512071577,2350.190096421303,958.7203389445621,1343.8177976883615,382.4825063700108,2854.8094297204716,1203.462102676104,553.7080231418913,3174.7351921738095,10.710000038146973
2023-09-13,862.4867236741721,779.7202486339522,2353.968522510699,956.671424968705,1354.3255672096375,387.2034322790102,2811.974022458341,1198.6699696902265,552.5716154680572,3231.2481881992735,11.539999961853027
2023-09-14,886.3973105608121,782.8322428256791,2355.007554146237,958.3301071739512,1363.8781225031132,383.81297147813405,2829.059679021925,1207.9332388900991,563.6997617490858,3231.794770182642,11.210000038146973
2023-09-15,886.2999480632333,789.9658552054733,2329.408553136842,964.5253974626502,1372.839338313645,383.68418669430196,2823.2183182311783,1210.156437431325,563.6997408474365,3247.153400937542,10.069999694824219
2023-09-18,894.0915380083131,778.5233316755201,2325.629945327959,963.257084308504,1353.7341230453653,382.9975176451221,2830.03309546238,1201.5353689892672,565.451845299319,3258.820748484001,10.449999809265137
2023-09-20,881.2353256094291,747.0683576854377,2309.571603660966,956.7690679161975,1342.9988490854248,385.8729663086368,2809.6377836801394,1163.4694916701224,567.6774923043499,3263.1502992373726,10.84000015258789
2023-09-21,879.8231146761332,735.8891231351594,2307.5879994831007,934.1340401518692,1342.8168939622524,381.5383528272174,2770.6968388884243,1165.9396084396587,553.7081214953073,3215.7522827621383,10.619999885559082
2023-09-22,880.2614119912647,729.5215142987016,2321.851595108828,924.328738198691,1351.1867819544711,379.607035447625,2825.4090005241683,1160.9992172819989,560.1008276451988,3249.52323591542,10.390000343322754
2023-09-25,878.5570068452753,730.1199506265053,2323.7409716241323,918.5724443637747,1338.768415761757,376.2594476637083,2794.9863493217053,1153.6379525434304,559.2010838964593,3243.6898418366063,10.270000457763672
2023-09-26,884.3519607919844,730.1199143423902,2324.9213185800086,924.0360956107078,1327.3509120486192,377.418249491901,2832.9535025928753,1153.8849803976213,559.9587646901778,3223.0444721045315,9.25
2023-09-27,883.8163949553692,725.3322361649047,2332.242243125125,911.6453345707359,1319.2085123948889,376.6457148790023,2834.560080468828,1155.3178333556975,557.0701905339704,3241.0008935775677,9.390000343322754
2023-09-28,894.6759213221188,726.9361049439,2317.3169458092666,911.9868181606855,1305.51651996519,377.3323741461521,2899.396776816536,1148.6482103293206,557.6857816238776,3215.159824951922,9.399999618530273
2023-09-29,897.7925940550438,728.8273018844358,2314.7670569193406,920.718853267733,1288.2309672949007,376.98902964917204,2925.6817851216942,1153.1440405649926,560.0060739159695,3195.28932540776,11.3100004196167
2023-10-03,892.1923840293892,721.0233866976592,2325.441111964675,916.1333420529505,1292.142918222993,377.0319579229584,2915.8005748120545,1144.2017734963838,558.3960500586644,3172.091799849083,10.779999732971191
2023-10-04,894.3837222764186,713.0039997369529,2328.6053956574083,902.4742355248961,1290.2321421817628,371.9247303066969,2910.884388189136,1133.8764332853668,553.5187240237176,3169.5398507426544,11.119999885559082
2023-10-05,895.4551600426539,733.7585952718871,2357.1326714710435,911.7916630335349,1319.3448718155562,373.4268548621111,2952.2588912485066,1140.743519950406,556.0283764943421,3236.8992030912727,10.84000015258789
2023-10-06,900.2274618736151,732.4420234594476,2355.85744996211,915.1576965156688,1331.262862333814,374.8001841652087,2991.784080715004,1142.2502923697696,560.8584932959413,3258.638351141779,9.729999542236328
2023-10-09,892.6793602974075,723.8960254791839,2343.577247470783,913.4991247477328,1330.261986939683,375.3152785260447,2974.650086859704,1133.8269798521974,550.7721076337612,3309.636364246382,10.119999885559082
2023-10-10,897.062136877964,725.4280415474352,2364.689536585054,917.4504398891626,1336.5394039477924,378.0619717641228,2990.810432819148,1138.1497733893898,554.7498738857847,3282.610673537835,10.859999656677246
2023-10-11,923.3102388457227,731.7956204103215,2376.8750243529425,927.5972049567132,1347.7750842911132,381.7958282598694,3002.73616417195,1142.7196339530417,556.5018511818047,3285.9373308805875,10.390000343322754
2023-10-12,922.3362704194988,733.2798325755078,2398.553814754688,925.3044467752193,1320.9826627670805,382.9545742837949,2985.845501112843,1155.1446622546925,554.0395781309901,3224.9585427168286,10.569999694824219
2023-10-13,921.6545398322344,732.4898505097352,2401.8600973497582,921.54810546393,1273.6746332154582,383.68418669430196,2982.3897652485557,1150.6984190160554,544.3793105785601,3213.017707877958,10.399999618530273
2023-10-16,919.2682563883359,727.965556654919,2411.211959678051,923.1092330870941,1300.9676064898863,382.99753751274835,2993.2929111730336,1154.0826283801794,541.2540588138621,3207.640002736549,9.149999618530273
2023-10-17,921.3623841426489,734.9076433348039,2405.4020266243865,928.3288926243248,1308.291422679862,385.40090581968064,2981.90280308275,1156.701030917525,544.8528559901324,3193.284253235353,10.430000305175781
2023-10-18,925.8912799385872,726.8165287202147,2398.8847211293287,916.2309136675367,1308.5642404911625,387.11758542128985,2956.736914878537,1146.6719261602773,539.2178030278637,3175.6467737942685,10.489999771118164
2023-10-19,916.8333585325432,719.682834983418,2385.1403533078123,911.2550796643318,1297.4195403384058,383.5554563119322,2927.531525485519,1136.7911799610206,536.9921782679586,3154.529105910934,10.050000190734863
2023-10-20,912.5967401079557,720.5445716148215,2347.40342381898,907.3525517570272,1296.6460412954737,375.40106005869103,2898.471943464089,1134.4690747739153,532.3515077863527,3147.355068054905,10.069999694824219
2023-10-23,912.5967661308616,718.1986025878159,2342.963779383942,902.8645252231158,1278.4509573114844,371.7530959964487,2870.9210366886005,1114.1885998234964,521.8389808834517,3108.288023694424,8.819999694824219
2023-10-25,895.0654987424481,714.0572999767982,2328.463769809878,889.2054574209906,1254.4967997562355,366.56003908686273,2833.2456057768604,1108.1366760976812,524.3013003927678,3086.2641415822154,9.970000267028809
2023-10-26,876.6090424319761,699.1198622279642,2319.6317617764566,877.1074351720209,1246.940214740459,368.7059364802493,2781.4057085022037,1096.9219477593886,514.4517813350399,3043.1300770713924,11.3100004196167
2023-10-27,882.8423849869006,702.3036331507926,2327.377722123193,889.1078817029663,1256.6623976967833,370.98055203087665,2781.9896947836364,1104.6536704890175,520.8918604785226,3049.5271870419792,10.670000076293945
2023-10-30,886.6407854243972,699.9097753123232,2326.007684246207,886.083378183647,1256.155513264206,367.6759084759495,2780.5295418073392,1121.4511352518443,527.047841054176,3046.5571476248833,10.90999984741211
2023-10-31,888.6374152862979,705.7028013255851,2331.10874018349,891.8396443321832,1256.0634389161826,367.28964504506666,2830.95782512763,1127.8490026208185,533.3458876676318,3061.4529873832034,11.260000228881836
2023-11-01,872.1288877050039,700.077362339955,2330.1641770787037,887.1565663286538,1245.6038569027073,365.22959487034984,2795.034875839621,1124.0449807279863,534.0088597881594,3025.7667578631294,11.829999923706055
2023-11-02,892.5333208104419,702.4233167339939,2343.923767528903,890.5713353440126,1254.819348447591,367.9334004313936,2826.333711001975,1140.2247162104195,537.5603622114079,3055.1934450392946,10.949999809265137
2023-11-03,898.1821493333966,709.3654501545199,2365.3334507176373,904.2304016776113,1269.6562183795236,370.03638947895035,2828.0861316384444,1144.078220526126,543.1007938170342,3056.198197111951,10.640000343322754
2023-11-06,905.779094718412,710.0116947770078,2370.376346204631,914.5723162669136,1281.6823697767961,371.2809891494467,2849.7471060172343,1148.9445800808262,542.911425349224,3069.631895379179,10.380000114440918
2023-11-07,908.165253949526,707.234875115352,2364.8098616648895,907.791509730304,1285.4145181543718,370.93763553590844,2877.833232586396,1145.9556184844287,542.2957654048678,3076.028858205322,11.0
2023-11-08,910.0644986914863,709.054207384732,2376.656871467739,911.3526206284945,1277.6736323081873,371.0664116096857,2882.603381980581,1147.042553778562,548.3570694499737,3079.273509776776,10.630000114440918
2023-11-09,906.3147012302634,710.2511563874616,2353.20105155686,910.2794541600472,1262.5602919196745,372.43979150805103,2917.6504541724935,1138.3720609954937,545.9893873646721,3054.14243153224,10.369999885559082
2023-11-10,904.8050894642947,708.5993770450763,2345.874557796132,909.6941336341723,1254.2203756878132,371.23804922028273,2925.681769164546,1135.3337858785344,544.9476989622101,3036.139325479398,9.859999656677246
2023-11-13,909.4800446940695,711.4001377601898,2351.250550859455,909.3038036701303,1263.2975323492624,373.3839199606116,2951.3824109782036,1142.0773370771153,544.758218934174,3040.388555601047,10.5
2023-11-15,911.8175981093002,718.4141432279705,2356.008150196764,915.889380375436,1283.7096640915788,375.52984259383584,2974.1147567296093,1149.6362714370953,551.7665375465191,3066.9358969333903,8.399999618530273
2023-11-16,918.68397449334,719.9461810912933,2355.3896975279267,911.2550642225477,1299.9287446892533,375.61568108723014,2964.3793799724904,1159.4923201233041,552.0507465135635,3120.076815913559,10.619999885559082
2023-11-17,921.3623481313145,712.8843283809061,2345.5413365463196,897.7423862479302,1322.4605464148888,376.2165202019907,2964.5252387125265,1162.011941225828,532.3514867895021,3191.6770664120663,10.1899995803833
2023-11-20,917.4178719155799,718.8929272981045,2378.8450481126865,895.1569211892373,1321.170530438921,372.9547840084122,2994.753282828709,1154.2801575494677,530.9308715478544,3190.489151953326,11.199999809265137
2023-11-21,935.9716820380419,723.9438525479579,2376.9424125352384,899.5473528298736,1324.0272357402534,373.81310251348316,2981.367130290127,1166.0384122376151,531.3097260798711,3199.39923794906,10.760000228881836
2023-11-22,940.7927537249071,719.8503972552013,2382.6511564418797,892.4738699417713,1323.5202369954038,373.21224181294997,2981.4160793644346,1171.9669066696931,525.7693472920832,3181.2132931771357,11.020000457763672
2023-11-23,938.601429993264,722.2202676591917,2384.744493416554,896.1325339733714,1334.1180718038254,376.1735859800582,2950.798661389042,1179.8714953518393,528.7526088304325,3198.4851276900877,10.979999542236328
2023-11-24,945.711268689527,727.654327789123,2385.9339300524603,897.7911785979928,1321.3546973396635,374.97189136347384,2959.1224954975814,1181.2795521879546,529.6523311651066,3155.5341196594813,8.680000305175781
2023-11-28,945.9060587755622,730.5030178431152,2378.8450166305024,899.2545864139374,1315.088314388403,373.2981000157129,2954.6442158683403,1173.4737106297225,531.4044086282419,3137.25699707058,11.069999694824219
2023-11-29,965.1416532092849,733.9501353957551,2386.5526291753827,903.4499021267856,1336.0534165206054,372.6543610031265,2968.273569238954,1184.7379555197092,535.1927406049756,3176.369623647199,11.329999923706055
2023-11-30,966.8461010346036,738.3308218551477,2394.2121445967914,905.5963835772053,1335.8230230312827,372.95477527576713,2977.716454924804,1170.8306260067593,533.8195064246602,3181.1225332354234,11.760000228881836
2023-12-01,981.9424185341052,743.0946053120196,2418.80969477302,910.2794258014757,1332.6896647955414,375.4440185618797,3038.415754394254,1174.6348945757863,536.5659761965393,3189.3922594927312,11.779999732971191
2023-12-04,998.4995526216359,753.4120264631497,2450.210223340399,937.987840581793,1335.592754839841,387.11758761137577,3163.9516210257934,1185.0097900344595,553.6133502732071,3196.657419148335,11.34000015258789
2023-12-05,995.4803679951552,773.9271671672425,2432.416642500019,970.8183804617602,1328.8651682789625,386.3451026125334,3192.232537981082,1196.3973123183705,563.5576052803208,3201.044028590681,11.479999542236328
2023-12-06,987.0557086092214,773.9990142449448,2438.791993776988,975.8917211232683,1337.2053455420607,388.0617650793012,3233.0718511685723,1202.992899973077,572.554854148129,3221.468564387526,12.6899995803833
2023-12-07,972.0080207519532,773.7835244385168,2377.5128213731346,964.0864250614673,1347.1118322726165,392.61109586480706,3248.6969492136564,1206.4511149904754,572.981055454185,3282.2854733793333,12.550000190734863
2023-12-08,965.4825450351345,780.605970823838,2386.7426777330106,969.0622036170539,1351.2128512985264,384.97174185663044,3276.880654475666,1207.9331869400896,573.3125340795355,3291.7436364771834,12.140000343322754
2023-12-11,966.2130732870257,788.5295114407461,2377.8937999697705,980.1846526032307,1365.7271318060862,385.65840761706403,3271.0390513228176,1211.589137099235,580.6524163565841,3303.5785421234236,12.229999542236328
2023-12-12,961.2945748899067,781.2761637720791,2375.990570138473,984.0383797983786,1352.5029110424384,388.27638983558137,3243.7807227947615,1195.6561708810905,578.474145313708,3318.199834425044,11.6899995803833
2023-12-13,965.6773882789307,773.256926701281,2376.9895509561466,984.6237939125858,1320.7097241735976,388.92019351204266,3257.6046835275934,1188.8137803209581,579.2791271049712,3256.058066070388,11.539999961853027
2023-12-14,973.1281470224825,787.5720569174692,2379.9868913870355,996.3803367600569,1346.697140932601,385.7871609993032,3310.077579667778,1206.7721356331074,589.4602587363645,3315.0927276038888,11.0
2023-12-15,962.5120133121887,788.3380380661904,2385.506134433826,1000.7219338654228,1401.6672393803897,390.55099669356895,3341.960417707955,1220.3089603608373,587.0451518194214,3350.824789993706,10.800000190734863
2023-12-18,956.5708197826721,790.4206800343679,2393.118225591137,993.2095035223759,1437.88390638634,386.559637047059,3374.2327305613626,1230.634354917611,608.4016920876163,3500.1942230934515,13.130000114440918
2023-12-19,960.2232112835669,787.1172310907685,2412.1492751148458,987.9409865576811,1422.171380842129,388.01890208942376,3384.0167076919533,1247.5553868731267,606.3655180156144,3463.5026541544753,13.550000190734863
2023-12-20,943.7633114344723,787.308648353673,2423.5676872365284,977.5991390020248,1409.9609881911038,385.6584068932969,3322.198060540597,1244.9864450577063,600.3989720837247,3442.0728971992326,12.779999732971191
2023-12-21,934.997683797329,790.0855201370065,2413.1003895903837,965.1108754745596,1401.897594233354,381.49538888446534,3244.7541420451216,1244.1218397625619,594.2902502559922,3420.8717407298955,12.279999732971191
2023-12-22,950.1426931868274,798.1528041148157,2423.3771518428653,967.4524087503736,1403.5103106025122,386.73135932353364,3318.352734070145,1258.6466348491601,601.5354215427969,3437.9148467634514,12.229999542236328
2023-12-26,963.8755115070319,798.847074435413,2442.6461021278706,965.7938054158475,1403.5104847882335,390.29351894461826,3385.866509074923,1266.0820526143013,602.0089733268344,3463.6395233033168,13.710000038146973
2023-12-27,972.0080310358865,803.6586070355986,2455.8242051287975,967.8426879365178,1422.862643983342,389.47811868092634,3411.3727131093397,1271.2201029702012,605.1816911844077,3443.3978189924524,14.470000267028809
2023-12-28,995.5778317699823,814.8617312916912,2480.517227084653,974.7697219298256,1432.9996108186176,391.4952144071042,3407.8191553354204,1278.0132649417642,612.2847794498366,3465.421686382815,14.960000038146973
2023-12-29,997.7205364167932,811.9891593992248,2494.218983225006,969.5012235366482,1419.1765012951132,396.0015180905103,3402.4650548630925,1274.2831724837226,605.7025002108935,3441.021252396023,14.369999885559082
