Date,BHARTIARTL.NS,HDFCBANK.NS,HINDUNILVR.NS,ICICIBANK.NS,INFY.NS,ITC.NS,LT.NS,RELIANCE.NS,SBIN.NS,TCS.NS,^INDIAVIX
2019-01-01,6117146,6373440,807345,7759872,2943390,2586466,786846,9746670,11837127,1094883,0.0
2019-01-02,6218991,8134232,1598707,18243156,7416655,10316782,2058504,15628818,25559853,2100463,0.0
2019-01-03,6230813,12771664,1182624,12884409,6827249,6350450,2290756,16288287,17548347,2611668,0.0
2019-01-04,11361086,7287120,1454134,22896026,7889310,8105747,2711485,18516544,19514041,4280862,0.0
2019-01-07,5511088,5387012,909032,12719847,8046340,10133320,1851513,12060290,14579399,1856423,0.0
2019-01-08,7194973,8343460,1262707,21501136,8621545,7768619,1437271,12304389,22949961,1691756,0.0
2019-01-09,8018192,8568628,1324628,21730142,18130292,12651287,1413005,12614237,21109911,2414376,0.0
2019-01-10,5748158,7691540,1313981,14497154,9572493,10684824,1063647,8925160,16295468,3053461,0.0
2019-01-11,5922578,6408040,1113837,12537973,12281903,17419014,2489197,14139060,12702551,9209862,0.0
2019-01-14,3674704,4855160,1018068,14844029,19312937,6646635,3080984,8994060,10372933,3615370,0.0
2019-01-15,5706902,5087556,1614600,12960779,19671304,7490965,3079248,22011407,9444374,7711653,0.0
2019-01-16,7705383,5252452,2054033,15106484,9658944,8083821,2454470,13961606,12111480,2359280,0.0
2019-01-17,4569576,8240228,1941204,13171721,6903771,11009380,1610419,16379077,15974634,2625816,0.0
2019-01-18,16359865,5207976,3234056,12212121,5902151,11418250,2135781,56181172,9082501,1683728,0.0
2019-01-21,8621248,17561512,1628067,8908581,8129422,8519267,8813681,48206814,10188647,2409803,0.0
2019-01-22,8770625,8796976,1776472,14756076,6723375,10727385,2544978,36207430,11297989,2457093,0.0
2019-01-23,5617992,7624288,2321782,9726450,7212099,41735950,1821323,19313542,10304608,2578169,0.0
2019-01-24,10389592,10111572,1350870,17521254,7429783,29105831,1654706,28775487,11532528,1962927,0.0
2019-01-25,6040052,11262236,1131790,22978238,5543112,9240591,3136788,18703992,11121223,2327080,0.0
2019-01-28,4546062,15360436,1289774,34362360,7944693,9338450,8004136,18744303,18905470,2769033,0.0
2019-01-29,3210022,14762788,1319822,20738442,6760819,7267917,3685535,20405845,17435611,2557626,0.0
2019-01-30,6553462,18514160,1259978,39400056,5763026,10852162,2385425,17164298,18908654,2429575,0.0
2019-01-31,9493241,16579404,1880257,85917249,13825233,15937442,5852257,22279301,25546487,4094319,0.0
2019-02-01,9243929,15654188,2342251,25605469,6276585,19060690,2515736,20187323,60015958,3064163,0.0
2019-02-04,3895812,7938288,1116390,17039321,3945391,6289877,2308931,25528059,20642919,1590764,0.0
2019-02-05,14678663,8690288,1278708,12197271,4694366,10205529,1447400,20479210,13291133,1111404,0.0
2019-02-06,5202682,10875684,859789,15396216,5880482,8409442,2034886,20586783,12149759,1789812,0.0
2019-02-07,3852519,7217308,927434,10247434,3961797,6177040,1556295,20150710,19733315,1339945,0.0
2019-02-08,3413931,12235644,1222765,9308651,5915169,4575570,2993525,14230054,19781908,1684474,0.0
2019-02-11,3303611,7036364,797453,9419635,5500216,10335615,2981408,16457901,15420017,1778730,0.0
2019-02-12,2226134,9772388,990035,14924394,7310690,7624089,1571390,13998153,15326106,2422903,0.0
2019-02-14,8573394,7441388,1341658,15172596,4610535,10378675,6974738,14496604,26372671,1724085,0.0
2019-02-15,6727458,8416524,1177218,20316848,5586389,38998388,3620228,20994460,23366091,1930065,0.0
2019-02-18,4440252,7138744,1513430,10601490,5346825,42232590,2186849,21106139,14781744,2942184,0.0
2019-02-19,7593977,5268636,1598381,14384763,9401334,35777932,2389086,13658461,19064306,4408554,0.0
2019-02-20,6216966,4892500,1430235,9474758,5210675,6208106,2433082,13776558,15514595,4645778,0.0
2019-02-21,5805770,5261544,1225418,18631331,7202786,7264425,2392129,23142949,13760702,4683919,0.0
2019-02-22,6199607,8890708,1360163,10997730,3750833,9100951,2390188,19152470,12536918,2271955,0.0
2019-02-25,4154758,8140596,1490746,10344411,6547552,31204722,5873730,17176522,20793897,2934880,0.0
2019-02-26,5562215,9607428,2190515,18096382,8319610,12233273,2417931,22160532,15274303,6453309,0.0
2019-02-27,4527145,7030092,1491740,17325417,5936354,13634026,3555914,24308835,20571652,4732082,0.0
2019-02-28,7687680,11645376,1895136,18347113,8559921,44873000,9321535,24688859,31636468,8454295,0.0
2019-03-01,29577827,9352928,761115,14190221,3998826,9170950,2831577,17329606,20024726,4148548,0.0
2019-03-05,11396759,11837276,1406843,17638277,4826505,14103324,3948051,15577500,21533972,2449622,0.0
2019-03-06,7093395,8458044,2193045,31436190,6076668,20817638,2776738,26332276,22161376,2635047,0.0
2019-03-07,6466583,10204852,1566441,15355303,5951551,14837761,6207580,17738092,14899105,2539884,0.0
2019-03-08,4441514,7053460,1419614,16143455,7193994,13169854,4868283,13211934,19943319,2031071,0.0
2019-03-11,17059011,9224108,1427771,11449587,9932198,15287916,2661353,21258869,22931245,3111689,0.0
2019-03-12,30070085,15097292,1861116,37108265,11997387,14686757,6631152,24561597,20828136,2658550,0.0
2019-03-13,13993813,57166348,1744331,19574619,11348867,11496644,2241672,24577591,23725641,1833163,0.0
2019-03-14,6931287,15379864,867427,13182462,6415187,10503481,1838850,22753310,16164017,1905495,0.0
2019-03-15,11536718,12763088,3571762,31466545,14638664,22219476,5723980,34764353,37928480,5184318,0.0
2019-03-18,5844953,14358720,1621113,21220626,8065544,9519926,2450686,22104063,23782967,2349915,0.0
2019-03-19,5639437,11957992,1456211,11670392,8917337,16363247,4053209,21448030,27218691,2373993,0.0
2019-03-20,3309504,11711992,2312268,14181408,13471173,16221492,3871744,21639437,18820555,3091165,0.0
2019-03-22,9113700,30403880,1636228,17409249,8883260,8378083,3788604,25078643,17865957,3148149,0.0
2019-03-25,5253505,9199260,2039945,12345034,7644966,8324586,1666203,17394088,16895511,2429205,0.0
2019-03-26,4247229,11786848,1452899,14063632,9406261,11178168,2021089,20734876,18303791,2316539,0.0
2019-03-27,5951916,13885300,1520533,17950017,7387487,8757278,2558997,22079870,35956450,2266166,0.0
2019-03-28,13616927,19554328,1852958,23117485,9277241,18436077,3184285,22930248,63244736,4054489,0.0
2019-04-01,7080411,9647076,1283162,16106604,6584982,6442182,3842703,22088854,22372357,2095740,0.0
2019-04-02,22251488,10910496,1227869,13010810,7283600,10228747,2737093,17526740,27897583,3719663,0.0
2019-04-03,12250809,7659452,1233102,12317200,6897127,9413878,2366304,17169813,30552104,2939886,0.0
2019-04-04,12168154,9211552,1212398,14521564,7688525,7233298,1980318,18320845,27832294,4397518,0.0
2019-04-05,3728070,8351180,1468074,10853927,6276040,8107661,2037782,14717266,23117232,3152103,0.0
2019-04-08,5656181,6398132,1647502,6305407,4919911,5492542,1013017,19081843,17394139,2194294,0.0
2019-04-09,10073980,10777600,1232434,13206348,6730692,6413515,2209945,20774977,25556039,2690970,0.0
2019-04-10,4759411,108128700,1720236,14000018,7031088,5540095,2014958,16651949,19237974,3313062,0.0
2019-04-11,18189273,8793300,2026954,8704774,8200995,11179559,3110225,12558520,14897935,3422442,0.0
2019-04-12,8349759,9170444,1437818,7035256,7043212,22658578,2751659,12948769,14751964,3198471,0.0
2019-04-15,10210051,10219780,1035378,9770752,31574803,13098155,1933204,9285737,13864791,9189201,0.0
2019-04-16,9519380,8273776,1625738,24487788,12524411,10121522,3217456,17360317,14940726,5771952,0.0
2019-04-18,16138821,10614856,1475552,18660434,13801105,9178504,2594906,39286534,15691168,3413728,0.0
2019-04-22,15339393,20980420,717781,10493872,6455426,6929432,3101477,23607922,15665440,2007135,0.0
2019-04-23,11627154,15282400,802947,10203957,5516668,7784732,2016454,19807450,17324274,2163524,0.0
2019-04-24,7161510,12354128,1169461,11397163,8285120,11888770,1753395,16101112,15228591,3003071,0.0
2019-04-25,11517967,18086636,1704890,16524091,8005235,24135743,2886022,30469914,30842477,4211526,0.0
2019-04-26,5000316,11707568,772993,14286163,6895168,4834044,1767153,15069884,14987906,2716958,0.0
2019-04-30,6139942,12536836,1171594,19375553,9920046,11593138,1905624,22348580,18178758,3488395,0.0
2019-05-02,7925814,17169300,793819,16572948,6351352,7781859,1985540,18992003,16640100,2457699,0.0
2019-05-03,9901409,12351520,1442888,24431248,6348116,6112578,1239667,14240262,12452689,3780886,0.0
2019-05-06,14870120,13748092,2373878,20751521,8858265,6997113,1515052,15832114,10639216,2891422,0.0
2019-05-07,17735230,9924204,2212617,41519416,5747536,8989234,2596385,19417647,15219845,2201698,0.0
2019-05-08,4864438,12064208,1243338,22509400,6247642,8179360,1601700,31958919,22103678,1824895,0.0
2019-05-09,7998137,9027724,1204995,19739885,7396525,10617358,2464425,42670173,12654440,2264162,0.0
2019-05-10,7855974,10594200,1000696,18361701,8352335,7170576,1466154,24557430,60739833,2039633,0.0
2019-05-13,6620278,11071632,1160287,13828080,6808993,37262425,3422913,17603659,40101505,1701744,0.0
2019-05-14,10954653,10494744,1442817,21481226,10513001,21959611,3132767,28438234,30521436,2456110,0.0
2019-05-15,7782551,8956348,1235429,16183425,6668929,18583184,2054728,24419559,27932459,2346876,0.0
2019-05-16,4591691,8050136,714690,13430281,6468556,7637614,2058450,14451308,18147559,1946529,0.0
2019-05-17,4117918,14758780,1502484,19096980,8155948,11626049,2776586,17276949,25838962,1947908,0.0
2019-05-20,7858379,17699632,1279236,33350816,11213708,11437612,6210427,26979100,53207071,2625116,0.0
2019-05-21,4316609,10325176,1337466,18286421,8645535,10923996,2961180,30343560,33457162,1863157,0.0
2019-05-22,6791987,11386660,1162653,15370847,5795713,14266773,3304912,24689918,32002499,2595795,0.0
2019-05-23,5449864,33081996,1551172,43279956,7233736,32589058,10485813,38766006,74413322,2541294,0.0
2019-05-24,9756740,13692800,1603085,37708344,7016424,11298665,5626500,22269265,35703403,2274208,0.0
2019-05-27,4004333,12049024,1373845,23397222,10247544,9371741,6730594,16076686,31374994,2329820,0.0
2019-05-28,8643505,7364840,2863139,23389724,23860490,16199349,4987068,42594251,23501608,5872979,0.0
2019-05-29,4581547,7475216,899619,22132254,10293077,7534947,3070738,15558515,28370210,3281320,0.0
2019-05-30,14152211,9359200,1038433,18281037,15089296,8989691,2675199,23494381,25712604,4971725,0.0
2019-05-31,11028688,19785080,1329926,24644955,8290306,27294002,3945900,25724066,32588069,4265370,0.0
2019-06-03,5214139,8480860,1415582,17125380,7744761,20323304,2617068,18556942,18380919,3682419,0.0
2019-06-04,6749428,6442988,842283,14514451,11733702,14384170,3854101,15442761,18130636,2408658,0.0
2019-06-06,10510811,15634924,1626007,17762399,7563925,11071548,3268594,16764835,41941144,3735467,0.0
2019-06-07,5879853,7970932,698970,14107696,3218358,7995725,2572146,14722419,29739710,2659446,0.0
2019-06-10,5992522,7077140,814577,13074522,4435148,8947150,1608705,11768468,20500542,2080593,0.0
2019-06-11,5668149,7103292,591026,10939138,5733127,8787243,1745105,11492074,16281297,3048937,0.0
2019-06-12,2868026,7308620,709916,11136959,8738342,8565517,1495586,10297599,11564970,2404448,0.0
2019-06-13,3839377,11107948,697830,12164077,4808577,7475823,1828211,15686169,15509948,3320916,0.0
2019-06-14,5170880,11956920,632971,8601256,5556353,8212601,1854211,14942768,10347594,2131408,0.0
2019-06-17,7087101,12810020,669276,9539802,3085588,10398919,2048759,14908257,13779496,1489497,0.0
2019-06-18,4977568,12419652,995083,17761348,6202838,14378973,2098714,16797371,21957480,1877447,0.0
2019-06-19,4008250,10744276,600455,17010384,4596253,9394923,2140698,14492763,16416903,1652817,0.0
2019-06-20,3563847,11171492,603514,24315929,7148684,10973042,3483179,10748848,20626861,2199377,0.0
2019-06-21,9764198,13250260,2512357,13909654,13200318,19311989,3028524,23236832,24749090,3871804,0.0
2019-06-24,3310679,6915000,762144,8545999,4758178,9279182,1941777,11267228,17919504,1382424,0.0
2019-06-25,2848907,8899800,941132,12964387,3677911,12856683,2384122,14966899,15922634,1386077,0.0
2019-06-26,4732848,10533636,1075017,12261068,5447130,7707084,2789166,11593027,15835579,1762224,0.0
2019-06-27,13137225,19879236,1235049,18787957,11122346,24205884,3763146,24905533,29658120,2813464,0.0
2019-06-28,8737050,12756844,1008229,13459208,5919494,8775151,3002811,18942165,22708464,2372928,0.0
2019-07-01,3469130,8524160,553283,6871979,3224968,5236646,1537022,13478857,12348793,2769940,0.0
2019-07-02,3816212,7246828,763979,7787303,4837606,10360661,1294135,10146746,14482172,1771746,0.0
2019-07-03,8473243,7463256,815571,10415896,5958379,18818695,2800104,8806492,12626285,1656881,0.0
2019-07-04,8565250,7993964,646633,11810688,3274064,10071080,1981745,9351405,19252646,984140,0.0
2019-07-05,6878479,7583060,1098940,12154330,4926289,38474130,3693134,10926753,30019347,4088470,0.0
2019-07-08,3543845,14607140,776755,12184946,7177092,12637923,4697122,14009219,27247892,2788062,0.0
2019-07-09,3931858,16482688,1462668,11679067,5022638,8003290,4329323,17535754,16579914,3977224,0.0
2019-07-10,5299464,11569148,648476,16494282,7573816,8477115,2823544,12018196,18681819,6343581,0.0
2019-07-11,3513505,9097596,813618,16535185,6252688,8727346,2156264,8608376,20048321,2400346,0.0
2019-07-12,4750306,8976272,1107445,8824728,7874441,10872126,3495971,15692436,14661748,1560725,0.0
2019-07-15,3524295,8233184,725180,7825336,31064152,8865479,3950399,10659498,15665939,2900415,0.0
2019-07-16,3651688,12770568,1259786,12149205,9924322,6602372,3654380,10070773,16251836,2735399,0.0
2019-07-17,4765414,7759736,1278232,10961022,6754348,6536611,2225647,9482233,17545177,1802969,0.0
2019-07-18,3711155,10802584,1006299,10651654,6534471,9447100,2342881,11942908,21691056,3072096,0.0
2019-07-19,2517348,8939228,983217,12260757,6812754,8294444,3199700,16336536,22213173,1953177,0.0
2019-07-22,3120156,22171296,1729722,17937246,7107151,14037538,2646126,29092589,19682038,1920167,0.0
2019-07-23,3682410,27802864,1556691,14207080,10782564,14951457,4013444,20316348,27956145,3538588,0.0
2019-07-24,4840787,17363740,2621818,16505930,5745146,12537555,5434450,15189179,20823143,2413196,0.0
2019-07-25,7600173,19462008,1297267,16852479,9773568,18350433,4181824,21805071,19857643,2544464,0.0
2019-07-26,5089100,12829828,771408,17493739,4941763,4972441,3019850,20387504,16139052,1720592,0.0
2019-07-29,5072884,9976492,688427,46754670,6244316,5738104,1987927,17626045,17060483,1647090,0.0
2019-07-30,12960949,10394136,747251,23617273,8673253,13743007,2714475,20853117,24437235,2851672,0.0
2019-07-31,11065547,13891840,1371879,22329888,7350584,14175457,2693653,21229950,22741445,3000677,0.0
2019-08-01,9957404,18241676,1072498,18269866,10066407,6153824,2774996,22628222,40853304,2375236,0.0
2019-08-02,28586783,27825536,1051529,30939803,10838336,9233326,2776965,23766807,64472348,2500816,0.0
2019-08-05,15513355,19822440,1539739,25033370,9976238,12001827,2287548,30399133,48815899,3039682,0.0
2019-08-06,17339262,24890940,1409075,30665326,9331718,9770895,4152548,29067994,30442970,2885467,0.0
2019-08-07,12759435,18750136,2507314,20977349,5130457,8816780,2247223,25349369,30820114,2165362,0.0
2019-08-08,16351434,19711600,1761732,19046657,8009009,6616227,2788577,31198568,32929233,2073298,0.0
2019-08-09,7844936,30436112,1730596,17664017,4362520,10309668,2419380,21970009,23377581,1744550,0.0
2019-08-13,14292351,15440068,1907934,18389104,7517099,21801393,3135817,104827144,24231272,1647281,0.0
2019-08-14,7813907,14254052,1910376,13307755,5940968,14340858,2798429,31688983,18523649,1945002,0.0
2019-08-16,5827109,15247560,1468390,15154141,5128088,10735480,2654524,21977767,20047399,3755507,0.0
2019-08-19,4606667,8498200,905742,12304262,3881451,13006987,2509331,16317602,19831459,974884,0.0
2019-08-20,5364922,10270592,1231835,16181488,8435344,15577976,2145169,14969299,23204417,1843611,0.0
2019-08-21,4122882,10472712,1933855,12868183,5926896,15303762,2361165,10677848,28226325,1214408,0.0
2019-08-22,3171984,13992044,2543055,18182520,5222488,10917955,3780476,14031953,27728925,2131601,0.0
2019-08-23,4676421,20099616,1278546,26883695,6895015,17073495,5252370,21307915,35212444,2826425,0.0
2019-08-26,5024254,25280244,855849,26701988,5412074,13352257,3759248,19202504,64066440,2345475,0.0
2019-08-27,32805677,20660832,2510386,28793372,16061642,15089362,5431422,28401906,45164811,3432106,0.0
2019-08-28,5628194,13662588,2519453,12154347,5881134,9237042,2272465,11605488,18979998,1294621,0.0
2019-08-29,6040518,14783716,2837369,30331105,7830413,11532941,2421312,18890222,27083514,1670652,0.0
2019-08-30,4855098,19233320,1766858,18314194,8174186,12225631,3715119,24735240,45702652,2583625,0.0
2019-09-03,4305439,11428676,1195923,20194305,5647088,9913882,3617815,18730619,21241863,2545060,0.0
2019-09-04,5241168,15060704,1147464,18614965,6199015,7303230,2786181,32949395,27309675,2228092,0.0
2019-09-05,3325608,17296252,1059065,25022673,7926895,8777107,2758679,22995486,25085139,2055943,0.0
2019-09-06,6392799,12870004,631575,17564286,6106841,9039911,1694661,23186819,16675146,1890550,0.0
2019-09-09,3782198,10643404,1175372,18651819,4377870,9435127,3508361,11747929,18616889,1703945,0.0
2019-09-11,4900745,15209116,1055039,17463978,7981036,9314093,2545642,12127900,20999669,2627440,0.0
2019-09-12,5639186,18132300,862635,19577114,4400017,8395088,2249695,11880005,21964832,2118859,0.0
2019-09-13,5012583,15371340,1299932,17775449,4832021,14572355,1771658,12947715,27303181,2291174,0.0
2019-09-16,5104088,11030184,945889,17629622,4846496,7357494,1835805,20547730,18267680,2597948,0.0
2019-09-17,8486044,10656556,1424258,20793363,5540901,11083300,2210178,15640772,21533362,2796530,0.0
2019-09-18,7631530,12959884,751391,18477377,3199389,20724917,2081625,14933909,25478758,1454663,0.0
2019-09-19,11891538,10623310,644684,22647508,6601607,8810026,1808736,13766222,23387797,1652691,0.0
2019-09-20,15819981,46150034,4539742,75217723,22462366,66016326,9975807,48165560,84481749,6941979,0.0
2019-09-23,5854791,41920410,3783357,57490445,17279260,54044544,12082820,21610844,54178171,6323401,0.0
2019-09-24,4811334,23379048,1784798,26639931,13717998,17828419,3831602,34958974,40096711,4620978,0.0
2019-09-25,4697149,15608976,1874109,19987241,9313576,21390350,2746428,18192270,73063465,4002232,0.0
2019-09-26,4958745,30671560,3907951,40909369,18442824,18534981,3560962,18350457,79005946,4234281,0.0
2019-09-27,3416220,14873170,1458672,19432963,5087642,18211017,2167976,19058663,37851718,2046795,0.0
2019-09-30,19984719,18218458,2169407,27524660,8178091,21381205,2961398,25263770,41094131,2620039,0.0
2019-10-01,7344343,18768352,1080409,30623906,5881438,16035574,2578275,17920384,79350077,3342877,0.0
2019-10-03,5037665,16298876,1423468,23275379,5497672,12832216,1966976,13524851,56207921,2317618,0.0
2019-10-04,4794009,18403632,1723988,17952697,8201713,18781574,3266487,14992253,60029186,2163251,0.0
2019-10-07,3566103,22513220,880275,21933703,3679845,22082491,2192329,10061584,39160623,2177916,0.0
2019-10-09,8848384,17427270,1066739,34533981,6335025,22332047,1818865,17588647,60328507,2066920,0.0
2019-10-10,48555442,11556858,1492290,19074005,10402917,25230638,1626821,35006390,37577511,2881452,0.0
2019-10-11,11113337,17186318,1934337,18004922,20636344,26037798,2024214,16597126,43272106,12593069,0.0
2019-10-14,10930620,12267802,2135148,17211042,15150858,15280471,2220364,13394275,28265136,3510704,0.0
2019-10-15,8746356,8400374,5761733,14971985,13762133,10373904,1797471,9672791,23444973,2261310,0.0
2019-10-16,9079900,10586816,1661705,17833051,10767032,16681940,2446615,19403660,30892295,3034082,0.0
2019-10-17,4877679,12243614,2001245,12452421,9860495,14175284,2304434,16038940,37061013,3818774,0.0
2019-10-18,4053714,11233806,2202270,15988455,10037200,13327812,3516394,28121951,33203721,3087901,0.0
2019-10-22,11570680,20006228,1737401,34966169,90152532,18979485,2858390,27786502,27574295,5552505,0.0
2019-10-23,13588127,10190214,1535786,25196183,60516887,13325639,2410781,18446160,31789622,2348134,0.0
2019-10-24,74062675,13107494,973453,23542540,25666433,17438024,3646005,22642488,63943183,2798671,0.0
2019-10-25,28275934,12993542,1612038,34397573,16549337,33846376,2013793,13539957,105518180,3954245,0.0
2019-10-27,2033141,1750082,85187,8206762,2945281,3252338,398258,3014841,12183625,224405,
2019-10-29,36912144,14232568,1229516,33686172,16709764,12397313,3351491,25768505,51033578,5064173,0.0
2019-10-30,17185921,12011366,1195298,22396012,22879467,35611812,3722066,16341366,51469048,5195136,0.0
2019-10-31,13034332,13217706,1752830,21198377,27405901,17296427,2210277,19463741,128449327,4879261,0.0
2019-11-01,13938891,11512260,1609685,13522994,9713519,13055757,2287220,13904301,44894016,4172620,0.0
2019-11-04,7763797,9935176,1523698,16254715,29381982,8199342,1459894,14063434,31535656,2646411,0.0
2019-11-05,6766429,12367810,2167085,14952189,12897805,10674212,2401916,12685356,50080853,2693475,0.0
2019-11-06,8335534,12130336,1093243,24922680,21372589,9198544,2434431,14625505,32157080,2540719,0.0
2019-11-07,4906572,16963034,1970785,18312032,13733737,15351749,1999085,14084039,33926772,1915598,0.0
2019-11-08,6094415,13251496,1537851,52207121,8585630,12357632,2217408,12019353,25423362,2788759,0.0
2019-11-11,2826663,14286610,1050170,24766065,6951494,7524183,2097492,11357841,20491942,2983768,0.0
2019-11-13,6544841,9293496,868433,24272664,9973690,10664859,2929404,25225749,32675829,3823365,0.0
2019-11-14,21487581,11055218,1291198,35396276,10539902,9222757,3000518,14258133,43617772,2995915,0.0
2019-11-15,56210391,9279012,958290,42074833,7362623,17386229,3409434,15691605,95199897,2724180,0.0
2019-11-18,43462375,9130292,1200573,22910109,7490916,8167820,2733161,14076051,39009263,1611089,0.0
2019-11-19,63965674,10570578,1413218,27939336,6495885,12621028,2396206,30176255,41372145,2975313,0.0
2019-11-20,56689066,11054258,989673,22606112,6142171,10362358,3914075,43538120,29972583,2894129,0.0
2019-11-21,22595291,12019526,1397175,25745594,9692973,10793493,5719318,14897371,34116162,2052574,0.0
2019-11-22,17090583,7688010,835864,18462401,14415826,17000856,2363205,22352865,28974967,3742049,0.0
2019-11-25,34112216,7893556,862520,25692878,7334511,10994413,2956576,15146156,27561300,2737010,0.0
2019-11-26,23906748,8716002,3188224,286857658,27253106,20539741,4853977,35330983,36464072,6561580,0.0
2019-11-27,13586924,9580666,1259986,29866539,3861635,9182137,7904745,9642739,33971305,2907521,0.0
2019-11-28,22352772,12366040,1026831,35706498,4837683,11416080,4503913,13747479,42538227,2924429,0.0
2019-11-29,20386454,15567626,1298616,13324549,4262379,10185713,2515083,18559594,23081823,2064271,0.0
2019-12-02,56782244,8946204,1600494,10130049,9383736,10356741,3044008,31225364,20648850,3809860,0.0
2019-12-03,24319749,6991906,1199012,12795657,5239013,8442322,3068849,12990426,26482178,4664774,0.0
2019-12-04,16851755,11395614,1046309,30992538,7427886,12406762,10230371,20987607,26789483,3334301,0.0
2019-12-05,17642464,12772494,961085,32354118,4814422,11699738,6644324,19942460,30429507,3902721,0.0
2019-12-06,11629491,13774650,657658,24868376,5226096,10773814,3302384,13085234,47027528,1829461,0.0
2019-12-09,8012971,8265350,964222,12980877,6435865,6981671,3038475,12642677,52435239,2244747,0.0
2019-12-10,7274085,9788900,1610623,12021443,4457939,15972570,2759100,10173333,52155809,4520045,0.0
2019-12-11,6931352,11054642,967708,13768156,6043554,14331297,3949135,12364641,52557951,4943024,0.0
2019-12-12,7527779,12913148,955318,12385216,11112042,10704007,3264836,10326606,37804216,7137306,0.0
2019-12-13,13320154,11775186,1212988,17884861,10302412,8521473,3655956,12668303,40955226,5711133,0.0
2019-12-16,7093336,11327576,1683941,13070575,5616324,12476974,3969819,11892718,35027613,5574177,0.0
2019-12-17,23423482,12427354,2189167,11516163,10525565,16534369,3719446,20324601,26734601,6059673,0.0
2019-12-18,17986000,17447172,3986106,12906168,12215295,17794641,2961222,14742077,26449075,8251081,0.0
2019-12-19,14236801,13018376,2035095,12082790,7199210,9699414,1936623,20507816,27516289,6251505,0.0
2019-12-20,21689127,15026044,2169685,27691592,7794167,14495913,3297390,21271510,51839714,5548338,0.0
2019-12-23,10630886,10195782,807062,11521942,4975608,19817033,3394916,25107772,30150335,2247329,0.0
2019-12-24,6974012,7179208,790621,6715007,2890759,8200254,1803814,18048449,21747782,1805896,0.0
2019-12-26,5997570,14949758,862164,7831074,3821806,15017235,3723801,29761019,24616942,1880367,0.0
2019-12-27,5997611,7092992,937907,11247684,3399094,9048085,2459664,17677571,33477173,2720261,0.0
2019-12-30,12141748,9334190,1117498,13180302,5368416,13680470,2072838,17123749,22775554,2288830,0.0
2019-12-31,5212590,8357056,706593,12491978,6927885,7417112,3043254,22203005,23801635,1909289,0.0
2020-01-01,5154996,3673698,543035,7642793,2112415,4370931,3123998,14004468,17379320,1354908,
2020-01-02,4933053,6137166,663275,10264223,5658200,8726602,4335359,17710316,20324236,2380752,0.0
2020-01-03,5154587,10855550,1598825,9594690,7882938,9642051,2059871,20984698,21853208,4655761,0.0
2020-01-06,7538915,10890186,683129,12534334,6519403,7930726,2646905,24519177,35645325,3023209,0.0
2020-01-07,4353883,14724494,808935,16101835,7899363,8740894,2077893,16683622,50966826,2429317,0.0
2020-01-08,14118818,11332110,1889685,16094310,8639443,7314466,4147568,16047902,44527485,5197454,0.0
2020-01-09,18180867,9546316,1544334,18934019,13521186,9816703,2067779,14982742,40348407,3734173,0.0
2020-01-10,37724966,9214580,1003336,12335407,9341405,10357864,2360798,12478359,42377838,1915807,0.0
2020-01-13,15206224,7451568,2040089,7901800,36952038,12715178,1825244,18282382,23615129,2843893,0.0
2020-01-14,8238486,7886290,1610737,13939440,11414418,12299570,2046500,15816535,26296117,2948452,0.0
2020-01-15,10875259,11787448,1559491,12353176,6047430,5687654,2127677,15817859,32625740,2620681,0.0
2020-01-16,16290593,7150400,2468958,11249232,5740586,9730522,1773135,12847975,26653623,3117214,0.0
2020-01-17,61915666,16918814,994719,18312609,3762957,7677106,2941837,29463471,58396326,3281059,0.0
2020-01-20,45298836,22178450,829399,19159996,3887680,8329721,2542477,32545850,30682902,5817599,0.0
2020-01-21,65202963,14984804,750000,13477994,4448374,9939680,1361576,18922720,30591772,1902980,0.0
2020-01-22,20285793,18368310,983169,17527408,9733935,7949731,2449753,10322817,24994911,1773686,0.0
2020-01-23,15772863,11508920,708017,17061293,12528017,6356150,10056067,11247739,33293610,2069866,0.0
2020-01-24,23824625,11831756,914993,17851868,7540490,7063834,5837319,14628445,22706879,1319430,0.0
2020-01-27,11856786,18888552,429312,38149166,3741610,7100949,2510013,13387750,23309355,1549101,0.0
2020-01-28,31674769,13412158,777052,24009224,5121009,15144538,2352852,24532236,26488426,1743024,0.0
2020-01-29,20037283,13788350,873433,16400827,6832757,21258057,3678474,24746565,23914114,2306761,0.0
2020-01-30,15337903,12111984,952768,14319317,3859680,10794458,2743506,22402689,35802330,2098567,0.0
2020-01-31,18356252,11178268,1930834,16292578,6092028,19166671,3939306,34750310,92656638,3287223,0.0
2020-02-03,15212799,13077010,4012542,22531888,6416745,82836335,5767353,30712290,56060158,4728073,0.0
2020-02-04,14646591,20897704,1932121,17781475,5771311,37145337,3604309,25383901,51141567,3509339,0.0
2020-02-05,30647706,18020682,1514368,18782476,6310409,22072147,4220104,18472100,35014841,2439322,0.0
2020-02-06,17180298,11827550,1302116,15296851,7341622,28443398,2354458,15538577,57757656,2640065,0.0
2020-02-07,8967847,6815448,908152,8297149,2853344,17793265,3053804,12209212,37126803,2083442,0.0
2020-02-10,8570467,9219834,1389847,12536053,3827682,9987781,3039992,15142476,24816396,2383032,0.0
2020-02-11,6622800,11613520,777506,11243552,4312817,30951617,2200796,13999816,30188757,1335820,0.0
2020-02-12,5160923,6297930,4753325,14026335,2948825,10310789,2568696,13533565,38930849,1620407,0.0
2020-02-13,5729055,9112140,2950407,9227235,4387430,9505645,1545536,13565659,62516057,1645948,0.0
2020-02-14,37517890,14688858,1728651,14458649,5321680,14260540,1780119,21227841,48205947,1500115,0.0
2020-02-17,23354434,10152690,1420851,7793293,2929629,16161290,2155085,13149130,36950692,1774724,0.0
2020-02-18,21865560,10529116,1194605,15918303,5083346,21741128,2347917,11127161,38588583,2486223,0.0
2020-02-19,22088140,10012268,1299800,8704234,3985192,9403278,1820353,14084409,39846727,1760463,0.0
2020-02-20,16010058,11123414,1555224,13588526,4564569,16193373,3034681,16892268,40150409,2317278,0.0
2020-02-24,9834434,16568084,1409245,16940750,6627536,17233132,3414064,21370214,45273936,3092877,0.0
2020-02-25,9804202,13886680,2237493,14942960,6996695,15903285,3133077,27745062,39050709,2674567,0.0
2020-02-26,18965240,13814786,2896154,15743918,8760569,18557438,5721483,29362748,43915281,2686842,0.0
2020-02-27,11381143,20655098,2446802,26315054,5223386,17936226,4003149,25054993,47010040,2349001,0.0
2020-02-28,16934165,24313056,3837330,32737933,14123957,33885063,6286647,39315769,59705346,4298076,0.0
2020-03-02,10096159,14664898,1707337,28642076,9821523,19274852,3177486,29500495,66711413,2667076,0.0
2020-03-03,10563605,22369550,1753148,19661945,7826587,18638624,3134527,27398798,61949382,2757585,0.0
2020-03-04,18066379,34288870,1515878,21883404,11013444,28729502,3135151,22105261,73675736,3237002,0.0
2020-03-05,14344961,19549708,2272645,16671516,7755293,20797182,2625152,30510390,149245973,3937056,0.0
2020-03-06,9503868,23053566,2479414,31024353,9216022,27795285,3956575,33734039,106043172,2595027,0.0
2020-03-09,15664232,34420590,2485118,42027175,10308654,22633662,8038295,88187018,101286241,4940975,0.0
2020-03-11,21401999,35538240,2861629,31018779,16165009,29032759,5628125,59578576,90845604,6796449,0.0
2020-03-12,14471096,59000770,3655780,50757033,13965574,54043896,9200130,55970485,99767083,8728786,0.0
2020-03-13,24254296,66342364,3667035,67104335,16903113,63962722,8117911,73297403,155701316,8029720,0.0
2020-03-16,14936276,31986322,2948679,34833637,19140152,34535653,6671806,38482258,75583409,7844271,0.0
2020-03-17,12629709,42676838,3732382,47232699,16059887,49492914,4720207,45445979,65403057,5713248,0.0
2020-03-18,29342689,61181406,3910994,61202289,15390183,52178352,5586097,44730415,101356399,7258778,0.0
2020-03-19,24017236,67220048,5095006,57985870,16583991,93204936,7251950,61404010,93533467,5135111,0.0
2020-03-20,19758966,88637464,4252245,88640642,21354894,64384067,6130185,63360475,77391650,8547498,0.0
2020-03-23,14907385,50276954,3574673,56867949,17146150,53330913,7308612,40670949,61750037,7003490,0.0
2020-03-24,12947855,61057272,5788124,67895418,20027097,54576761,7110384,45734887,67491360,6350865,0.0
2020-03-25,14093189,47228042,3959038,66544138,18339548,64913270,16122446,73130298,71567553,2765520,0.0
2020-03-26,22302573,57043156,3201540,76173940,14843813,60694283,9028497,45744488,107260359,4556067,0.0
2020-03-27,16378409,55235936,2918646,72889985,13495283,33893412,6573448,41657940,114740377,4331250,0.0
2020-03-30,10210726,39268444,2809606,36559880,14624804,29203338,4474168,30229866,60081554,8513547,0.0
2020-03-31,17059457,35211092,2809269,46279768,15175521,44272500,8045468,44292810,59543412,3927593,0.0
2020-04-01,9646905,29103504,2774626,33141186,13083824,18840671,4104403,41597459,52954239,4941878,0.0
2020-04-03,14419445,34996280,4121436,57326314,10221655,65288649,4268480,41367807,64448494,5735369,0.0
2020-04-07,15553539,60412638,8510114,57661076,15145605,37509626,5768998,54373624,72130500,5427577,0.0
2020-04-08,13639333,56219352,9791862,73931321,11806896,39007671,6151091,49880330,80435759,6285615,0.0
2020-04-09,11962829,44457146,4770068,52431174,11931114,44268652,6410296,33032857,62416005,5307397,0.0
2020-04-13,24416550,34158056,3249551,30994190,8330276,18427550,9462711,23673784,51847146,2990438,0.0
2020-04-15,26277115,57978752,29485531,49132329,11963447,50983406,10435477,35321842,72190004,4761399,0.0
2020-04-16,17401120,53854396,5388243,56494027,17783287,28122965,6980512,37455706,61165773,6245533,0.0
2020-04-17,16430317,55883462,4540936,69006835,8878320,27694463,5827648,33269335,89851063,9895823,0.0
2020-04-20,11688508,66232986,2985268,55810736,13322913,37141676,4958362,36030932,81958510,3244282,0.0
2020-04-21,15781695,33178006,3227335,50118175,11660575,24232310,5122305,61371628,53042420,5122541,0.0
2020-04-22,18447565,38289354,2837815,49115085,8266728,26132520,6090168,142683366,61503413,3829836,0.0
2020-04-23,12767355,40901222,4095570,45953398,14451289,34237726,6321888,65464502,50955312,5934366,0.0
2020-04-24,12161869,33284568,2169013,38513206,7319940,18744844,7960368,134986308,65137305,2987102,0.0
2020-04-27,10074370,27421072,2013715,38980019,7183306,13589672,4224177,58482901,42996571,3374741,0.0
2020-04-28,11729091,29441436,2164023,32933194,7296571,18488267,3772704,78453401,49590230,2678505,0.0
2020-04-29,8371711,55877778,3642151,39341745,8639056,22287597,4837925,37494672,57470466,4241510,0.0
2020-04-30,20170888,43793134,8448047,45734705,16253821,31326446,6332497,71345899,63063889,5915544,0.0
2020-05-04,34658164,26722324,8474573,38837299,9122740,31461042,4678576,53456868,58118177,3729348,0.0
2020-05-05,30498970,29672858,4304136,45069968,6393053,18389548,4296433,44903763,91050439,2905528,0.0
2020-05-06,26074684,33785846,5127656,49952812,7934250,68112675,5081524,40489094,73156432,3517431,0.0
2020-05-07,15823732,21831730,185669922,27656346,4779548,25183509,3529134,50026966,42942399,3166754,0.0
2020-05-08,13847608,20807484,16100226,42968091,8400321,26281664,4394509,84262770,55932236,2686530,0.0
2020-05-11,14490804,28550784,11158755,83665601,7370186,18792383,2882920,67085063,54591827,2449841,0.0
2020-05-12,23041211,49568418,14881008,69072308,7356039,22211224,3024381,100683202,70752542,3256595,0.0
2020-05-13,21509772,44346966,8432979,72816461,8287101,20785966,8625444,66430125,81720683,2656665,0.0
2020-05-14,13428330,39554890,8510002,33999095,16888262,15525762,6778584,49266771,48136531,2263146,0.0
2020-05-15,14758117,24349628,5491136,31828868,9255353,15526021,5653901,62152260,35495540,3173682,0.0
2020-05-18,21991328,46649964,7675561,74034133,10435442,21602419,6211249,62796089,77349435,3727694,0.0
2020-05-19,73259076,47460692,5963193,61827491,5902208,20917906,5533176,42315854,71522334,3198693,0.0
2020-05-20,36412918,40014306,3926496,42238419,5794636,26295911,5949898,55320985,66168767,2778505,0.0
2020-05-21,20673544,48478908,4261625,43075357,7213225,60630670,4701930,39167981,61147471,3400908,0.0
2020-05-22,11630640,42047432,5339946,80358245,11867731,40516307,4607479,37828973,87064198,3663418,0.0
2020-05-26,77933211,38005152,4628932,46681705,7099606,55283582,4335209,33216635,48275988,4575317,0.0
2020-05-27,22948762,56025754,4261645,80541990,8774636,25491463,5159287,35667956,88195120,3482160,0.0
2020-05-28,16574283,75488806,5500796,66136408,9440091,25524647,11481079,40126278,76968678,3475681,0.0
2020-05-29,55206200,53025166,8778345,60487477,28290128,37214719,10166556,40022527,58363280,7237735,0.0
2020-06-01,40024637,39190230,6592547,44024770,12276438,29606349,7617144,39943702,92740893,3747773,0.0
2020-06-02,32573015,41623594,3268728,47558213,7059304,23502975,7325471,22153960,70419104,2443886,0.0
2020-06-03,29783799,50546088,4895117,69689299,11378568,19710133,4651554,25381289,113168889,3699799,0.0
2020-06-04,30007267,54275882,3264730,57061575,10782424,22843181,5355931,34202350,83494674,4048593,0.0
2020-06-05,48771843,35195984,2981853,37251097,7718679,15193091,6071040,33076685,201321234,3573289,0.0
2020-06-08,20813563,49812664,4298456,46827341,10719105,20304292,9858804,31414953,151741826,2957841,0.0
2020-06-09,15219451,61844146,3127904,47621969,10078029,41451482,5117749,25857161,96654191,2909439,0.0
2020-06-10,19489440,36497730,2421659,36292403,7263049,28247205,5175923,22132647,67333317,5168397,0.0
2020-06-11,27803048,30897714,2566927,36999490,8825715,20611505,3602957,20385805,91726802,2269513,0.0
2020-06-12,19224358,42644876,2338438,47509067,9795316,23431727,5411314,38548899,92758901,2842642,0.0
2020-06-15,13838935,32009936,2830788,43500660,7857344,25404661,4982324,53107403,63613412,2399022,0.0
2020-06-16,19430678,45399970,2806772,57511237,10131760,28700454,4661460,51187003,63925976,2146528,0.0
2020-06-17,20916747,36957838,2293301,37107002,7291916,24952658,4681085,41782053,73866905,2703527,0.0
2020-06-18,19692591,40870126,2326907,39285919,6670195,30000032,5869802,40471557,58261857,1944389,0.0
2020-06-19,41924711,47877752,4673528,51367236,22438862,31707306,5409996,105804173,76895151,5681758,0.0
2020-06-22,12954502,29694474,2487234,40133602,7804096,32605144,6839642,60198705,80023958,3196138,0.0
2020-06-23,9944839,28830512,4308814,32493320,12157390,27569189,14580218,37962078,65487085,4205944,0.0
2020-06-24,12619809,39429246,3023015,57955780,10220838,56757828,11985132,51586221,74668987,2560937,0.0
2020-06-25,15881470,70646790,8208033,69902888,14945284,78484846,7508087,39679374,73620385,3043931,0.0
2020-06-26,11317405,39969138,3176048,34596104,26030458,74727243,6554103,30921913,49176958,6300722,0.0
2020-06-29,13162970,46005956,3295039,27384244,8954428,95027403,4575801,25621946,50966428,3076341,0.0
2020-06-30,13182057,35746130,2373109,47526095,10411290,42797633,3656480,30276420,43613239,3071725,0.0
2020-07-01,13894655,34846718,1532931,36922617,5477468,46004000,6426017,28464103,54012853,2503466,0.0
2020-07-02,13795692,36954496,2588838,50964311,17263756,40835235,6542705,28789533,52127276,3758699,0.0
2020-07-03,21005887,27597254,1946252,28779044,7796572,39352660,3928063,29434266,38048810,4185208,0.0
2020-07-06,16114629,35558216,2375516,33334074,8810958,36046969,3900219,47016185,43773740,5190366,0.0
2020-07-07,12759442,24349850,2014667,46030825,19362533,32467210,4051767,35189589,55124494,5630055,0.0
2020-07-08,9581306,30056350,3349938,46315597,8476642,22093693,5227021,26204095,143063102,2793358,0.0
2020-07-09,8611659,20114484,3039571,35144463,6854166,19492371,3777760,36418942,89539723,3443998,0.0
2020-07-10,13532330,17562978,3179516,27864858,5206452,16815128,4537688,43759967,111406477,9610320,0.0
2020-07-13,16660491,29922114,4556662,32379935,10804688,21079233,3821300,69608392,61949761,2963503,0.0
2020-07-14,32935464,26612674,2403256,34031256,8961822,19185879,3646237,67331128,62239932,2976738,0.0
2020-07-15,20062926,20974394,2474512,30442553,30060599,24692471,3229770,139669773,58527305,5569321,0.0
2020-07-16,11528871,23662456,2495150,35535437,90432109,22997164,3134451,60961724,46546803,8582118,0.0
2020-07-17,12189475,28405738,3088712,27511781,31682878,15455455,2040517,49726765,47035238,4509135,0.0
2020-07-20,9789671,65124096,2816219,36312529,18421053,19643434,3035845,36592938,45672856,2952646,0.0
2020-07-21,12005925,47512422,3037810,45559912,12877784,29089491,4756570,42173371,59281860,2665286,0.0
2020-07-22,11034525,24718012,6950011,45500191,14354201,33826583,4977432,59771457,62276152,2861534,0.0
2020-07-23,9718786,20149122,3936886,37838027,13051307,32700809,9075059,58333751,70801412,2265766,0.0
2020-07-24,9960443,19598440,4203314,52980980,18209580,62500933,6059379,120597372,65265493,3665100,0.0
2020-07-27,10895560,37970094,2209409,73275058,16827870,23517850,3615970,80304827,50697767,4248480,0.0
2020-07-28,14210206,35596450,1567837,125939354,15818463,20029937,3793721,55114422,51488617,8092319,0.0
2020-07-29,9979767,33592086,2404978,50194622,11152710,15402845,7245021,72663399,73763368,6090431,0.0
2020-07-30,45326361,26956266,2044966,40820253,12492320,16943579,3364408,72857444,48472816,7098496,0.0
2020-07-31,13917435,37726696,1715659,37345191,12704346,17294202,2943858,74958061,145892485,4723290,0.0
2020-08-03,9392745,31783542,1683773,32119883,8479792,13776301,3583167,46715383,72454278,4012337,0.0
2020-08-04,12035116,60306168,1981720,30811518,11133170,17849565,3860346,92041055,43866676,2927928,0.0
2020-08-05,12920232,33221360,1715477,37057881,9614176,50646546,3007723,74549993,68888892,3800641,0.0
2020-08-06,10620956,33646888,1824483,48021824,10976491,18574935,2188023,49322975,59740172,4748047,0.0
2020-08-07,7346008,24836784,1777905,28510964,8010948,21717194,2461109,32984416,44822338,3165491,0.0
2020-08-10,9594610,22172854,1476289,22856010,5716319,17108987,11861641,26958997,48784530,2929353,0.0
2020-08-11,8290695,20136148,1665204,45446107,6802442,57266693,5427516,46828306,43890305,2774423,0.0
2020-08-12,12613101,20666432,1170430,25706005,6908726,22106836,3672458,30264617,157818228,3415751,0.0
2020-08-13,37464752,19892740,1453227,26257336,5097703,23573090,8816193,24830322,70443118,2695682,0.0
2020-08-14,18550546,20924512,1341664,28893259,4663873,29858596,13443785,33224635,56169088,2270405,0.0
2020-08-17,19369462,19561012,1559579,24232497,9008210,12192938,4735094,30979066,54787889,2625630,0.0
2020-08-18,13771669,24040824,1339001,26517363,6141761,12969115,4362050,30547672,46294169,3493374,0.0
2020-08-19,17395288,17715624,1585107,35790233,6622744,16070316,4914223,34087543,59296062,2843005,0.0
2020-08-20,13690809,19216734,1768939,68444775,5656501,17561721,4791040,22537845,37504602,2895164,0.0
2020-08-21,22244899,28924302,1374411,34109928,6513773,17897538,2806380,25280895,68041871,1975294,0.0
2020-08-24,29714401,36779740,1665474,32907235,5798574,15304895,2026255,32717218,53850253,2167966,0.0
2020-08-25,19881871,27601738,1774886,53072303,6233918,15784633,2914757,19388008,105394375,1663419,0.0
2020-08-26,26386996,25190062,2148146,37163882,5153601,23502769,4482066,59870421,66749637,2618149,0.0
2020-08-27,22268191,20645996,2172203,36910405,6154280,49030500,4466609,28085062,80997993,3579393,0.0
2020-08-28,22217757,38696610,1939520,83472297,7593610,35979788,7821191,27166900,95974037,2941136,0.0
2020-08-31,190329697,38501166,3534275,72744175,12808355,100730476,8489726,62076132,119986476,6018154,0.0
2020-09-01,75732733,28877884,1738003,34872793,6907773,41311165,5099949,38616258,75048313,3610908,0.0
2020-09-02,35680638,19761682,1667810,31295799,5678118,21378178,2107714,26949439,47608088,2084137,0.0
2020-09-03,25084656,19833362,1590711,26135555,8827948,16295787,3278899,18586429,38594129,4654146,0.0
2020-09-04,28610361,23661370,1590491,33118984,8650342,42983034,3130721,28475945,54435758,5231303,0.0
2020-09-07,16450037,17615466,2362992,22323904,6700385,33918419,3470806,21926473,35687359,4620401,0.0
2020-09-08,33745174,14624918,1804209,32052920,12891964,26574542,3738931,27397082,34146789,7453998,0.0
2020-09-09,32068518,15728872,2009898,25285238,5528947,28901363,5656245,55310877,72715826,3866535,0.0
2020-09-10,21400064,15188088,2137794,24852274,5171884,18469229,2948599,140304404,67789617,2308813,0.0
2020-09-11,15888599,20794730,1934110,22678353,6671903,19997552,2632298,59470807,48487971,4145424,0.0
2020-09-14,53032505,21650590,2096908,27140598,21871587,32185628,5006356,44063445,63605531,7512131,0.0
2020-09-15,31436333,16505110,1224058,24967618,11608203,31956903,4488829,27178393,51761038,7318770,0.0
2020-09-16,13379581,18710112,2087841,22068622,10059251,52591750,3596197,33952295,52404964,3074003,0.0
2020-09-17,13750507,18318686,1741644,24084936,15628241,35240133,4512652,25828669,41223296,4828176,0.0
2020-09-18,55830089,23481778,4475166,78166508,12897633,30929813,7496145,33074915,55286316,4183256,0.0
2020-09-21,23162880,19842878,3483963,28932482,14140637,24811451,4597697,33627381,57611375,4598809,0.0
2020-09-22,18950065,18620678,2345687,28593292,12625762,19242719,5089087,34792254,51210889,7499613,0.0
2020-09-23,86810146,16079828,2410295,22740143,13486204,64164525,3709291,42988708,44320497,7502280,0.0
2020-09-24,36458719,19809510,3798089,25840472,14427432,32698988,11609426,29826318,46114798,8424708,0.0
2020-09-25,34232784,20321544,2528873,23231600,13311078,27650738,4961967,28374935,46550127,8228267,0.0
2020-09-28,21445626,16152422,1523704,18495592,8554526,24087933,3853608,19666849,41921548,4347166,0.0
2020-09-29,18187111,12644446,2298844,17080848,8708463,26602326,3362381,25842539,35688726,6995811,0.0
2020-09-30,27686374,18813842,2417367,19565058,8048817,19193371,3582787,24465159,37641083,3917166,0.0
2020-10-01,13593932,21203080,2131531,23237122,5563358,20517295,2506154,20783227,43588724,2610337,0.0
2020-10-05,15282146,16940126,1646110,26530105,14212509,25234767,2788003,18922799,41694686,17412105,0.0
2020-10-06,11078299,19371990,1679499,18093629,9090819,22728054,3497325,18412175,31098726,9846367,0.0
2020-10-07,10393534,21248778,2428544,21845743,9284008,16913783,5073845,53170865,34578053,9656101,0.0
2020-10-08,17018635,35060674,1617365,21085500,21482613,26484289,3918217,21077808,43351606,19839329,0.0
2020-10-09,20948615,44972388,2001026,41641237,10567867,23234939,9668150,18545499,64907230,7739245,0.0
2020-10-12,14326607,19220546,1741166,25742564,14633537,68801924,6188905,14226473,69122798,4623203,0.0
2020-10-13,28303313,18353952,1679160,19922778,17523825,37058708,4548652,23112012,34948525,4209878,0.0
2020-10-14,14374547,22582918,2123033,23368177,16649573,39688050,5286914,26742011,40548275,4395936,0.0
2020-10-15,28378188,28246896,2344437,34234586,44288251,28161148,4927777,20036197,49184123,6629355,0.0
2020-10-16,23786283,25822848,1640399,25339096,18365685,21006060,2373435,21583600,36893126,5273773,0.0
2020-10-19,17237471,42359556,1605969,41072871,12902123,19748904,5800391,31200385,60220779,3331194,0.0
2020-10-20,26395238,27411978,5855290,26158669,10448776,16770677,13188572,18482288,39316753,3406273,0.0
2020-10-21,23929199,35640752,3954242,43124966,19811433,17113482,6390783,34082321,54515523,4570143,0.0
2020-10-22,27014551,21913060,2632958,33088074,11271335,22893091,6151367,30802210,33721637,5262294,0.0
2020-10-23,18512271,15866230,2805684,22151463,9069862,20921450,5102184,23422125,32707020,3499091,0.0
2020-10-26,11956996,19571976,1646050,21712057,6309368,16699886,6975809,37324416,45470123,2672752,0.0
2020-10-27,13021129,24317780,2334808,33571163,10172479,47652264,9638520,36478896,37794381,3537502,0.0
2020-10-28,125905730,16571186,1555483,28145103,7608392,17468592,7369181,29924017,46458319,3569445,0.0
2020-10-29,25537340,23060024,1934367,32615425,6935616,21816186,11852038,30655304,44822673,3105968,0.0
2020-10-30,23483928,11522716,2414313,27225165,8800386,16976909,4797473,34021563,41519686,3427003,0.0
2020-11-02,28703578,21926080,1486077,72698777,7183119,14924105,3682174,99366895,52600119,2571196,0.0
2020-11-03,16337850,28164230,2227402,61813071,7204782,23473408,4049112,88691623,69890201,2879269,0.0
2020-11-04,10191499,23404822,1479878,43426662,15702690,19533203,3369408,80180117,117577856,4893928,0.0
2020-11-05,9407770,21433928,2083827,30129938,9568890,28037401,2889134,37205373,138023646,2816502,0.0
2020-11-06,12195207,35705724,2127821,27831424,8807127,35571152,3419233,66674086,73147085,3884421,0.0
2020-11-09,24953555,26288440,2194404,40995422,10160320,36645472,3040456,35838510,60359458,3646592,0.0
2020-11-10,9800899,41517356,2471703,57535138,15622869,59672371,12149416,36934242,135294550,4760020,0.0
2020-11-11,16032885,36116194,2759942,45609279,12514800,65757234,10254627,56724780,107094861,3242441,0.0
2020-11-12,14785276,27053948,3010512,31071572,9180976,48153554,6743163,40046527,58859905,2437505,0.0
2020-11-13,8428163,22472480,2799165,34815091,6363212,29284742,5025096,45388670,70676525,2548093,0.0
2020-11-14,4014491,1835066,258276,3636073,1136144,8066280,911852,5226220,7753219,298819,
2020-11-17,19050384,31059900,2733542,36127378,12813968,21757459,7611327,46542562,80501583,2827273,0.0
2020-11-18,10504589,18862776,3315051,29156543,9839468,27620283,13436421,30402290,104514060,2893762,0.0
2020-11-19,11541941,20266882,2704650,31896908,10092343,50871154,10841151,27796343,82284278,4167501,0.0
2020-11-20,12090462,20405362,2827038,30089190,8063554,47052232,7009257,57471248,84411129,2711471,0.0
2020-11-23,10193531,25246636,3244576,29513544,10546363,24073204,4998877,45327567,57538324,3706418,0.0
2020-11-24,9346208,40154400,1989749,23135994,8515426,47160760,4623887,30936268,47636611,3120516,0.0
2020-11-25,14497115,24152602,1786536,34168305,8958701,43263598,4651911,32637879,74767232,3302249,0.0
2020-11-26,11535113,27943126,1630887,28707911,10962256,25155854,7360928,25838637,64248318,2341099,0.0
2020-11-27,18491882,17994580,5687861,48390771,25306145,32594141,18995549,47336811,54355703,6086808,0.0
2020-12-01,18534936,17147574,2226742,20120049,8933802,16505446,3551604,19750687,37003272,3605017,0.0
2020-12-02,20948620,17892150,1634682,21244707,6741637,29520716,4434968,22188887,56723083,2509032,0.0
2020-12-03,20094168,37933222,3469163,22701738,16212632,29087754,4087608,27785372,79266442,2852548,0.0
2020-12-04,31622330,26912322,3712143,39547014,10564055,23005484,6542918,18464552,79252024,2686527,0.0
2020-12-07,22541162,24316318,4147649,37778332,7792141,37068111,5484461,18242188,76053084,1996400,0.0
2020-12-08,19661141,19457896,2768211,19339943,12308330,32042241,4982626,43403061,65617502,4277818,0.0
2020-12-09,11826802,22069074,2123890,21272782,10039346,41212760,4304573,29175254,48495641,3659996,0.0
2020-12-10,13441906,19727966,3041370,20419020,9488782,67739601,4921373,16065507,38676657,2127801,0.0
2020-12-11,14019094,21356384,2611218,25335765,10574009,62645643,6689415,26944202,50255223,1795408,0.0
2020-12-14,14147649,17222050,1575632,26369591,6728187,28029531,9723233,17312747,31946501,2483658,0.0
2020-12-15,13320211,21561436,2207176,26969145,6905926,24151252,6953407,18551265,34890948,2365509,0.0
2020-12-16,17707777,16832092,1748634,24263586,7788404,20304621,5729223,18561011,24844177,2565149,0.0
2020-12-17,20023766,21924478,1912868,23883288,6658153,23248344,5345257,20252358,25904699,2863460,0.0
2020-12-18,11000487,22995918,2229891,21735833,15995676,24690701,10315248,18466344,29816205,6076692,0.0
2020-12-21,15539470,23761824,2003069,29157759,10858352,43445980,21153346,44135540,55160758,2705195,0.0
2020-12-22,21632475,22851558,1764488,32328041,10901851,42564860,7998730,28140001,51189571,2881737,0.0
2020-12-23,13326963,15467394,1559556,19205951,15878346,24608258,4057070,19501410,29056404,2790988,0.0
2020-12-24,21241048,14952188,2489444,17576807,7313885,23645158,3277840,20776988,28585509,1807144,0.0
2020-12-28,13124256,11699194,1532477,14470472,4607051,16347233,3405825,17221499,36870242,2108994,0.0
2020-12-29,11457626,14495346,1749013,19092649,6878105,27568853,3778319,18611939,45032526,1994151,0.0
2020-12-30,10691466,16216726,1924886,21365141,5194690,19654130,2866392,22043630,30971894,2637968,0.0
2020-12-31,15816475,22145750,1709836,27817770,7430470,18947950,3889877,18781189,29467966,4040956,0.0
2021-01-01,10377082,8810938,830096,13592625,4253550,20279389,2058419,10015175,24531791,2681440,
2021-01-04,13489114,15740192,1614486,16549750,7208454,27927482,4014636,24513534,31450608,5113293,0.0
2021-01-05,10689423,14386824,2356303,23311516,8145280,18718244,2833637,24123091,27393072,5801309,0.0
2021-01-06,30837593,22134050,1641627,28178838,7161715,50957586,4615963,46401468,40765708,3726716,0.0
2021-01-07,39444841,19894842,2403881,21138034,10954918,36298522,4270598,32325918,30546600,3717827,0.0
2021-01-08,14538362,13768764,2797948,21937965,13186251,58600546,4984995,27540187,32543357,5879039,0.0
2021-01-11,19892197,17331392,2787672,19394393,20528626,44625924,3252470,33307825,29703173,9508039,0.0
2021-01-12,25857074,20388156,2036708,16388310,8309868,36989137,2836161,41161546,44307145,3611458,0.0
2021-01-13,85239439,16934650,1702740,21920297,14442997,66387977,4389762,26619458,78042133,3572801,0.0
2021-01-14,16974338,12297166,2120413,13330898,27521697,50164605,5168591,21553242,40123498,6931542,0.0
2021-01-15,57451072,14165236,2042957,15708956,15018441,60567280,2587576,20593268,35307601,4131692,0.0
2021-01-18,21359539,42825632,1733797,21580313,8861765,70211602,3185998,35100458,54969750,4160906,0.0
2021-01-19,11034273,17360254,1495269,20575358,5585744,33009228,3885798,32006615,35803901,2975735,0.0
2021-01-20,13333007,13346052,1380562,16097138,8225838,46392916,3957992,30924537,33759304,3453446,0.0
2021-01-21,17380638,26333054,1521133,18189277,6142421,30116008,2985423,39087742,29995203,2778546,0.0
2021-01-22,12662954,15392364,2548089,24515997,9646591,25663922,3282665,30532660,44440810,3052459,
2021-01-25,12503932,20344718,2124424,23415249,6542611,25929487,4847989,54207104,34034630,2272887,0.0
2021-01-27,15567653,23556276,2460297,28049286,8133665,50338134,8896211,42370131,39211107,2786662,0.0
2021-01-28,15201598,42704446,3867335,29836591,4660690,22984352,2962948,34067814,48717297,3083938,0.0
2021-01-29,25521965,28704502,4472694,33172808,12183519,24679902,5130876,43712383,42300984,5445659,0.0
2021-02-01,14212955,26370544,2717591,69354326,8880279,59968324,11317043,34180952,103414068,3985846,0.0
2021-02-02,21711996,42420206,4215607,42362384,6892490,50324035,14349665,41470034,121434166,2881837,0.0
2021-02-03,30641248,20237254,2353429,27155908,8182968,55709225,6197782,30301696,66420168,2505866,0.0
2021-02-04,51976676,24484684,2908003,29982222,5032240,109894300,3957579,25626981,145203439,2057261,0.0
2021-02-05,35465208,27054716,4036942,32015570,5477481,130323308,3270494,20248046,214955688,2366135,0.0
2021-02-08,21646080,17447580,2780672,18230551,6921922,43093963,5223019,21183400,79389205,2526592,0.0
2021-02-09,20927436,18421366,3131481,27155615,7965949,73377134,3825206,19604141,63869990,2658751,0.0
2021-02-10,31642664,19788006,2055520,23967387,5951207,49104142,2578777,21234156,54163507,2127983,0.0
2021-02-11,19253595,13648618,1824480,16072702,4673317,45311749,2720190,42539278,36392708,1165882,0.0
2021-02-12,15905053,9910106,1222094,19049709,5797875,114826417,1867284,30497029,53589755,2777404,0.0
2021-02-15,17972742,10355244,2449407,27155194,4363513,33000365,1917477,15791099,56608937,2630853,
2021-02-16,15064854,13897358,2396356,24966739,6896421,30271502,3838556,21421660,80365431,3435770,0.0
2021-02-17,16436661,12794426,2447956,21684753,4575741,20615018,2340184,23742994,74161370,3678426,
2021-02-18,22193564,14720560,3205806,27845347,6437551,24997592,2446843,18646877,67154539,4189909,0.0
2021-02-19,19465126,17139508,3364030,24055811,5389696,29208388,3044240,23403483,66155518,3725028,0.0
2021-02-22,20227667,29451838,2678023,27092321,7371303,53531490,6168108,23804335,52535049,5366696,0.0
2021-02-23,23764401,18239906,2062144,23534585,6612942,27703323,3733776,25644108,45462768,3832829,0.0
2021-02-24,8888950,14314332,924143,17762047,4537258,13667471,2380414,10807663,39632090,3774549,0.0
2021-02-25,16230241,20109570,2099460,38571809,8788221,26953713,3168105,34855693,46988836,4224073,0.0
2021-02-26,198547005,27912846,3413194,57349273,15132388,45101885,5579058,37481215,64450414,5553153,0.0
2021-03-01,55091122,13536018,1229276,21527318,5756286,16850430,2494481,17680764,29677890,3265871,0.0
2021-03-02,30622757,16110038,2095135,24051433,10461434,26590262,2089473,17150760,30534337,3306469,0.0
2021-03-03,24669015,11222410,2031893,21036174,9056399,21648963,2184001,31924461,46268223,3509857,0.0
2021-03-04,17678275,16291438,2290915,25057198,12041941,25858155,3530366,21435754,43603653,3916760,0.0
2021-03-05,16658703,17445822,2129837,26645968,6486176,17990773,3306902,25511666,72179228,3203686,0.0
2021-03-08,15293359,15117050,1440724,19632433,5119392,23874105,4150049,19506841,39147858,2003125,0.0
2021-03-09,20181762,15066696,1711842,23056249,6518173,23463213,3779948,15154484,28054083,1942397,0.0
2021-03-10,19013738,11055016,2696085,15838994,7925984,20358192,2210547,11519358,22677399,3053778,0.0
2021-03-12,11624491,15631204,2038930,21757862,9462061,31973696,4885349,16864952,35336355,2938317,0.0
2021-03-15,10875944,12230386,1632022,24347946,6658635,42699297,3181450,16698099,42722585,3097083,0.0
2021-03-16,13252045,13722366,2633605,17925629,9352771,50641203,3233903,13873801,38196452,4894756,0.0
2021-03-17,8482758,21064428,3703365,20214082,7626744,81604999,5178384,19210236,33143064,3838390,0.0
2021-03-18,12465338,18065540,2597091,22776537,10961755,95536034,3381940,20647480,39405038,3656306,0.0
2021-03-19,49597558,21235020,5382214,29162618,12767112,139352860,9920812,41787429,60309145,5776626,0.0
2021-03-22,13581706,14015632,2471516,21755401,4862758,47823778,2964175,18572478,28461974,2821646,0.0
2021-03-23,15239339,19761428,1970612,29486417,7165335,43165463,2564844,17421165,41032380,3305973,0.0
2021-03-24,10801499,16368900,1762743,24434219,6134303,28672557,4237815,16822814,42318999,2207104,0.0
2021-03-25,17572322,23964356,2495833,27170186,8749994,42248040,3894604,22001648,57495003,3179786,0.0
2021-03-26,11148490,12021258,1929236,20724410,4922071,27083832,3093766,20180202,40718848,3697370,0.0
2021-03-30,10691124,25607644,3327203,28011943,10546381,28862387,2801282,20441701,39405124,4694008,0.0
2021-03-31,7712521,30774506,2709756,20119972,8220987,37890481,2400871,16250796,38651025,3530069,0.0
2021-04-01,7111516,35763762,1532653,15631940,5675155,30182056,1380763,11723312,31883453,4285076,0.0
2021-04-05,9376649,16006586,2545447,23260127,9479572,32586507,2548649,14875099,51743981,5317862,0.0
2021-04-06,13115141,15075734,3683538,23284697,5793571,26663018,1824079,14009194,44147709,2291562,0.0
2021-04-07,21391503,25088180,1713970,23984399,5879234,15790468,1841308,24266353,48023602,2491268,0.0
2021-04-08,11367448,17613592,1814515,19262565,5654434,14660557,1644834,15369188,33370259,2578118,0.0
2021-04-09,11641539,28157816,2604858,23239564,6052712,16994483,2015002,14037885,46473100,2911129,0.0
2021-04-12,9869735,22549128,2261945,26601702,20384532,35840817,3755497,20901482,75501713,3791828,0.0
2021-04-13,6657701,18600682,1811781,25445897,14855206,21027436,2063654,19411189,49773360,8654596,0.0
2021-04-15,9989813,34444984,3352379,37614884,25342491,18205903,2625838,19723716,52992349,6062760,0.0
2021-04-16,6273393,15606526,1225517,24045008,10879878,13824608,3752588,15656948,37766793,3224657,0.0
2021-04-19,7368743,24069242,1746316,28526176,12508028,16400507,4157065,18478808,53304377,2679106,0.0
2021-04-20,7369109,23186270,1589508,24425842,8560766,22187707,2989204,17203668,41296147,3141893,0.0
2021-04-22,6675147,38485312,1721265,34942633,6622446,24030915,2398100,14490954,49105833,1988980,0.0
2021-04-23,7123670,22713528,1949756,33749097,7316262,20381213,2062964,11828857,44223940,1615309,0.0
2021-04-26,5929161,30170952,1946867,62584522,7088606,20652091,1431562,20846778,49234985,2490260,0.0
2021-04-27,9875033,20592906,1668456,24239685,3636115,11885588,4303909,19992524,46003023,1471417,0.0
2021-04-28,12195400,24103940,1951215,33292864,4879234,13197445,3220346,17122437,56696255,1639037,0.0
2021-04-29,8846896,24078552,3151150,34537860,5412357,13601150,2221346,17412606,63692926,1621395,0.0
2021-04-30,8331737,35232902,4010778,23653258,8354677,17130954,1968093,19828769,53832840,3072305,0.0
2021-05-03,14556346,22473700,1692239,18010557,4560337,21405441,1653245,23640186,43691860,1545831,0.0
2021-05-04,14196229,21486328,1453111,15115127,4887060,18962501,2029558,21849830,57749307,1990777,0.0
2021-05-05,12095639,14421612,1256857,17253943,3939788,14396547,1813150,12393609,40872501,1939289,
2021-05-06,9169742,11477044,1377740,16949763,4810090,14872429,2333882,14624666,36294427,1791671,0.0
2021-05-07,12894499,12048334,1169518,10941083,4991435,20213092,2362325,12288548,38357618,1912540,0.0
2021-05-10,8365615,11060050,988495,12060808,7195348,16922951,3929224,13941237,41739324,2137153,0.0
2021-05-11,8033470,14519034,1019077,13818480,6420988,14277000,1975828,13478264,41892770,2415625,
2021-05-12,6815070,13774926,2053932,14785569,5241898,17174525,4283174,13177961,53436590,1978558,0.0
2021-05-14,7697716,10604142,1388970,12675754,4824609,64021335,4558155,13291616,51722170,2043935,0.0
2021-05-17,13677009,15120692,811243,20453101,5017129,39465392,9620003,11873078,106555796,2890462,0.0
2021-05-18,34968901,22165280,1153722,19242627,5620150,31653409,3312380,12064918,70917710,2098538,0.0
2021-05-19,19583966,10130916,1323590,13911576,4435878,25345241,3215258,16317002,48189573,1986041,0.0
2021-05-20,14036583,10684184,856235,13900762,4490092,21688686,1996254,11422532,42898608,2329027,
2021-05-21,10492773,19341646,771492,23975898,4969733,23509878,2185322,10785605,192810772,1685566,0.0
2021-05-24,6386039,22146102,1194864,20323003,4225371,29977506,5035538,8551760,142964052,1652260,0.0
2021-05-25,9412913,19236974,1098457,14884778,4099340,26310600,2892219,14780102,56048127,1841613,
2021-05-26,6908901,12283990,811095,14487031,6850024,18253046,3230579,7480204,52357719,1923753,0.0
2021-05-27,22783169,20439496,3755182,23349546,15365391,49385674,3747221,26819294,73392997,5959785,0.0
2021-05-28,10248988,17750020,1215325,14191446,4261312,26583388,2315923,56469931,65137568,1763701,0.0
2021-05-31,12803471,15661054,1178704,21786138,4429904,75852502,2405318,59124142,38291043,1652799,
2021-06-01,8435896,11030162,1141451,14123196,4791325,40247686,2077742,28013832,59299647,1377441,0.0
2021-06-02,10567595,10624016,1113091,16025108,9272276,100377464,2469417,24630162,38657806,2240078,0.0
2021-06-03,6290021,10287260,868532,11805702,5115645,48454441,3025466,23974257,38909199,1281706,0.0
2021-06-04,4878809,9424476,1283795,15111572,4194328,31286264,5677538,14468646,36898769,1836060,0.0
2021-06-07,9674473,8091668,1128300,7556341,5154576,32643869,3131245,16336573,20201197,2559821,0.0
2021-06-08,12822963,9872540,1106664,11912935,7360630,22080199,3945382,9674735,31113823,2574057,0.0
2021-06-09,12674395,10223442,1072858,15823094,5394317,25846432,3025732,11409161,27784834,1710925,0.0
2021-06-10,7018193,11483540,1944339,10712418,3496575,31902690,1584311,14155653,27397712,1874324,0.0
2021-06-11,7777365,7205974,1128097,9015059,6140828,22249404,1909384,13762778,26831924,3452954,0.0
2021-06-14,5714387,8881964,1761632,10170497,7132294,18358717,2005404,20332436,30106015,1847360,0.0
2021-06-15,7264778,7569602,1215463,11039987,5403104,15426377,1831871,15174215,16413658,1304985,0.0
2021-06-16,10045600,7702098,2153668,8601339,7661710,20878518,1504791,10797349,19701175,1635552,0.0
2021-06-17,10214732,9283802,1555777,9720060,7677951,22304032,1675778,15745975,23048331,2273413,0.0
2021-06-18,15000348,11938060,3937751,13820690,13533974,24475206,4649835,29369026,45748727,3380431,0.0
2021-06-21,5742834,7260472,2506277,13407446,5454052,19809308,1970012,12186448,33128978,1130569,0.0
2021-06-22,9114558,14366824,1945883,15270093,6427862,18737552,3862264,12871913,28442965,1708688,0.0
2021-06-23,4767421,7844868,1035668,10950633,5529809,13059519,1818874,16653951,27564829,1467104,0.0
2021-06-24,6419922,14785024,759681,12815724,10785137,23299321,2762042,91461975,19214547,4155204,0.0
2021-06-25,5504204,10383176,1112942,14785922,9780240,14411660,2099002,55355022,29886797,2722861,0.0
2021-06-28,5265796,9356786,694906,12093491,5019178,15190488,1173658,20277042,29370660,1355238,0.0
2021-06-29,8713975,10971692,1354397,12225470,5913567,13839294,2174022,27144063,22275961,1497322,0.0
2021-06-30,5760552,9679022,1447245,14276494,6058722,16556397,2139362,19762858,18337773,1693146,0.0
2021-07-01,6575188,16911442,735043,10517081,4814317,10583793,2060651,12534407,16161469,990310,0.0
2021-07-02,13309063,14827036,860231,10999396,5166064,13187847,1814564,14086620,16423811,1682274,0.0
2021-07-05,6373586,7373882,761700,7358568,4058338,10642939,1605396,11702287,16483761,1972858,
2021-07-06,10494366,17669032,461782,9209891,4089574,11515716,1072506,10070124,20195278,2159420,0.0
2021-07-07,6669192,9629190,623145,7741559,4797120,18568033,1096808,10454892,14473774,2640710,0.0
2021-07-08,5400962,8420922,1114426,10782941,3326813,21730892,1456033,11185460,21433043,2485811,0.0
2021-07-09,7303645,10695842,538094,7069698,3436594,12289809,1248405,9037675,16844494,6365067,0.0
2021-07-12,8932790,14458978,543898,6992783,4588982,13589278,865284,8585292,12886781,1892226,0.0
2021-07-13,8138019,18178142,994396,19825411,4456160,11247522,995833,6717133,12831125,1809339,0.0
2021-07-14,6666859,9788494,1377829,11648541,5657716,21269167,4010254,8532544,12767351,2044279,0.0
2021-07-15,6886797,10438802,693792,8244429,10021355,29963443,9066480,9448356,11030732,2232968,0.0
2021-07-16,11251138,5170628,545405,9212875,6265593,30137464,4157388,8828185,8713863,1256526,0.0
2021-07-19,9130551,25111600,463873,9121737,5669162,17099088,3027093,8354449,14426686,1597058,0.0
2021-07-20,7646460,24174250,1061476,13169127,5069939,24567907,1847026,6741464,14623321,1811945,0.0
2021-07-22,20220601,13207114,3546044,13123569,7854575,19016769,3231269,7972397,11799761,2859334,0.0
2021-07-23,33200836,13126684,1517589,19298083,4179719,46241640,2259058,9937030,17704661,1776193,0.0
2021-07-26,5214592,13167166,1311535,31054759,4586710,49084040,2219416,12389668,14037519,1259611,0.0
2021-07-27,5835018,22401430,1656945,12598869,5892859,25378089,3984778,10824523,24119619,1121367,0.0
2021-07-28,32532037,20670342,912373,18367497,4686788,15304399,4119892,12897848,17636515,1660654,0.0
2021-07-29,15844335,13702230,1012663,11043138,4660873,16204679,1672177,13765738,35263606,1731997,0.0
2021-07-30,10125413,11655488,1708251,14536250,6234257,15515733,2536568,11350608,35196813,2999943,0.0
2021-08-02,6372299,13258786,1229936,9348206,5553389,10046707,1083353,10925104,16926025,2608669,0.0
2021-08-03,21680353,12033120,1733476,10162609,5513668,19179805,1777140,11817299,40922962,3804735,0.0
2021-08-04,21816567,22053948,1588974,28730606,6740391,11421835,2067087,13169800,129761158,2929598,0.0
2021-08-05,72423461,18822408,921757,17774554,5420536,48995450,1831728,21252078,58595639,2534521,0.0
2021-08-06,29055626,13339270,1432661,14701949,3754855,24489836,1192143,16620987,38236066,2292362,0.0
2021-08-09,10078649,10998048,921476,8602980,5018477,21142199,1223794,7494143,22196404,1510489,0.0
2021-08-10,34514358,14838346,1061370,10843554,6846517,18855165,1429931,11919198,27794251,2040777,0.0
2021-08-11,18731287,12585786,1300594,9748084,4899639,16012451,1370930,9184963,23827946,1929707,0.0
2021-08-12,8430316,8597674,1226064,8840339,5659579,28758718,1645811,8137612,16847144,1310205,0.0
2021-08-13,21079044,16658428,1033159,12787590,5612790,19576945,5439442,12780901,20908992,4363584,0.0
2021-08-16,10506327,6252778,1146309,7920846,4564109,11621038,1794407,21935444,17608693,2083489,0.0
2021-08-17,11311229,8282666,1921902,8669653,9510390,8161139,1838525,12658169,22957877,4336019,0.0
2021-08-18,7136872,22985932,1545643,11069373,6686090,11149120,1570228,10075860,17668574,2631309,0.0
2021-08-20,12770173,13150406,5779927,13121808,6206972,20168965,2416059,9426282,25541790,2836148,0.0
2021-08-23,12790616,10843054,2163220,10917371,6189051,10319044,1973841,9854395,26559937,3744176,0.0
2021-08-24,5885050,18381314,1482854,9821388,7602939,12971124,1580003,11864472,19012313,2511141,0.0
2021-08-25,8127668,7727974,1746570,9535359,6153253,10994627,1795313,13380559,16410980,2123263,0.0
2021-08-26,26316897,11119002,2117291,10756731,5302248,15407558,2051262,18589616,15897679,1902533,0.0
2021-08-27,16444274,6382138,1176229,9135827,6698514,10879860,4903187,10480636,15090541,3944728,0.0
2021-08-30,40506274,9049166,1168190,10797869,6559667,12550267,3345934,14027062,20308691,2033114,0.0
2021-08-31,60781970,12062576,2535891,19760246,12255438,26802390,3264644,26485463,26262421,3207480,0.0
2021-09-01,30796359,12422558,1775792,13729351,7801974,16867486,3530101,11145486,18776721,2643336,0.0
2021-09-02,18951106,9618524,1946183,8627956,6830050,14872714,2400278,9956770,14372717,3403717,0.0
2021-09-03,7920313,10735334,1561823,8993813,5339139,10622796,2336258,30664428,14233624,1746812,0.0
2021-09-06,10223448,7876896,1444978,5329995,4876026,11041632,1850835,33641710,10694099,1723693,0.0
2021-09-07,28185127,7245496,1219915,6242711,3520341,38933378,1734879,17349882,14928735,1585039,0.0
2021-09-08,20876941,6724080,946711,7118011,4584896,17897021,1644392,14301651,22817464,4147175,0.0
2021-09-09,19784500,8250948,879454,6243422,3331674,19784972,1225239,8963249,9662128,1441148,0.0
2021-09-13,19704664,8959164,1341412,6967906,4662374,16661794,1578773,16311160,9567921,1691473,0.0
2021-09-14,11694600,9758506,1755061,5241865,4945167,20377545,1407269,8908356,9981562,1991188,0.0
2021-09-15,56796797,14822998,1362350,5936741,4062344,21028598,2757989,9071075,22181568,2461369,0.0
2021-09-16,45001991,10260550,1259196,13557169,3246568,154986538,2128381,13448882,42637448,2946666,0.0
2021-09-17,26649321,20498102,3095032,17075003,7454864,82563658,3473932,34882133,41529478,6477148,0.0
2021-09-20,14330899,8781610,2671330,7943459,5660743,73101936,1820374,11779819,18376916,2002008,0.0
2021-09-21,14216876,14774996,2277437,10009615,4672222,58854434,2029747,9915736,17279588,1568129,0.0
2021-09-22,16348622,10582202,1580594,9740470,4553892,54648494,1487933,10995912,14321143,1744067,0.0
2021-09-23,26497345,13664304,1054473,10412491,3826090,22630330,3702946,15748397,20516770,2003869,0.0
2021-09-24,72175065,20806702,1635284,11780868,8280446,25779310,3612494,15192163,10731274,2320754,0.0
2021-09-27,11282248,16415462,1465932,7712240,5045337,23772123,1650711,15373834,11746892,1673362,0.0
2021-09-28,21944239,12773790,1078052,13491800,6557197,16319138,1442615,18035258,19241170,2253075,0.0
2021-09-29,16729859,16263036,1503894,11453404,7792548,16045073,1698747,9719875,38635938,2489161,0.0
2021-09-30,13911568,15975348,1620199,18487517,6914031,16987893,1792078,13590654,26530369,2252412,0.0
2021-10-01,14952128,11128596,956111,10935810,5733906,16570661,1563937,8958928,14777309,1578374,0.0
2021-10-04,8917898,7051028,1025005,8976533,2947154,11098123,1588493,10918552,16246765,1356860,0.0
2021-10-05,25598885,10257178,562784,7497208,4373310,9578825,1705242,13533634,16487568,1877966,0.0
2021-10-06,10406502,18600830,862471,13200810,4271698,18179336,1845661,10258881,19056690,1678154,0.0
2021-10-07,8121590,11265724,1082816,10041549,5476108,10770973,1378863,6336665,9984651,1647233,0.0
2021-10-08,6297352,7245562,1579941,9383924,4738376,10114327,1755402,15772493,16521128,2934339,0.0
2021-10-11,8792050,13080848,1086252,9337637,8840633,22000303,1528151,14768666,20686981,11845402,0.0
2021-10-12,8579567,8176946,1174337,7376091,7439300,30347455,1671988,6682011,33763609,5752877,0.0
2021-10-13,7062149,6225644,1660007,6357766,7104171,52091422,2105025,9959762,17638983,3545655,0.0
2021-10-14,9820591,14757288,2158809,8950350,19655776,88696178,4440909,8623469,23431826,6442299,0.0
2021-10-18,8574445,28856456,1758177,15345601,13438109,62614961,1918546,13594479,20084248,3590107,0.0
2021-10-19,7328862,8987540,5431133,11349799,10324260,61336411,6639827,8833409,20645100,3135441,0.0
2021-10-20,21217306,10908568,4864654,12762996,5876115,49663940,3295376,12710570,34080545,2933693,0.0
2021-10-21,8908979,9738190,3254632,12166996,8779629,23385990,2774633,20831669,20808243,4871211,0.0
2021-10-22,6587256,12175554,1845622,13248928,7369809,36905793,1520637,11027475,24080485,2691670,0.0
2021-10-25,9540441,16426766,1560381,96124084,5905209,23194065,2488386,17198417,35619415,2595594,0.0
2021-10-26,10953878,12090656,1595060,16925115,5871709,19663381,1930107,9750178,21107457,3878763,0.0
2021-10-27,11878571,13249642,3083879,22898400,5090259,26909428,1408879,9896298,29463032,2510813,0.0
2021-10-28,8884507,17797750,2015791,18750423,5329972,48064941,6379424,9886181,28140401,2424942,0.0
2021-10-29,8602343,12406874,2453400,15701200,5875091,27668175,3984689,14233025,31355893,3960501,0.0
2021-11-01,17121001,8122320,1941114,11406421,3636806,24090945,2316925,15481114,20679604,2020718,0.0
2021-11-02,7725455,13237722,1350154,9452457,3471772,14896284,1687119,10569130,26797820,3087414,0.0
2021-11-03,23261507,10207338,1591607,11839149,3530713,18530527,11580233,11989430,80775924,1537639,0.0
2021-11-04,1064714,1096808,245719,3149310,483407,7295341,764191,1705656,9796046,328991,0.0
2021-11-08,7565546,18943580,2555533,13967995,5245903,21051238,3674523,20337183,36802110,2526082,0.0
2021-11-09,5278131,12695476,1696949,10084357,4016134,11964518,3550645,15682497,25451967,1782692,0.0
2021-11-10,15180490,13714126,1794509,9507347,4780368,13948380,3208195,10253470,15805538,1516489,0.0
2021-11-11,7421118,7999404,1282647,9221059,4731349,8448263,7061537,10722478,23086898,1284514,0.0
2021-11-12,9207508,14914092,1651974,15380106,5069009,12312123,2026320,8712341,19836221,1747259,0.0
2021-11-15,5454742,9533594,1007999,10934583,4354074,40247848,1127678,4803269,13328183,1809157,0.0
2021-11-16,4639931,8245406,1245209,12785837,6034233,15241184,2279531,11337581,19553216,2013204,0.0
2021-11-17,8002927,7598878,956809,11657214,4732492,48496295,2166686,10202029,20488483,1632914,0.0
2021-11-18,4469597,9152874,1236943,20644385,4326924,21005037,1883794,8505625,22471070,2136598,0.0
2021-11-22,36884348,15261272,1629290,20403786,6621839,23443628,2407464,24124307,28800269,3167936,0.0
2021-11-23,18240414,11235214,1932539,24913042,8436160,13950744,2028470,25326999,20000371,2153461,0.0
2021-11-24,21653712,30802286,999070,23186419,7333061,14684422,1361828,16820296,13963769,2161746,0.0
2021-11-25,8483653,10251652,1363272,17749726,4476260,24825493,1930012,42401936,12894211,1849619,0.0
2021-11-26,11142921,18624936,2450902,18987552,4494181,28067913,2796595,15763138,26305817,1941251,0.0
2021-11-29,15885643,12990996,1724612,15878074,3942776,22985358,2111420,24325354,22407465,2981745,0.0
2021-11-30,14272616,25221542,3931035,23965914,14808963,24408641,3385628,32172299,23026652,5588446,0.0
2021-12-01,10488561,8677634,1263139,15214913,5193264,13496307,1359786,10104610,17156956,2102118,0.0
2021-12-02,11507427,11203110,1673117,21924640,5559574,16517389,2813690,12720411,12962679,3152938,0.0
2021-12-03,11024093,8124694,1890178,20130259,6754012,14325920,3612772,19222481,16653993,2486263,0.0
2021-12-06,8804487,7029532,1079171,20129080,3991449,13644352,1566109,10332254,14353300,1849642,0.0
2021-12-07,10238693,12427534,895313,30513303,4202122,9246755,2097201,11235122,13644942,1484458,0.0
2021-12-08,8296393,15295534,839769,33432411,3029169,10241656,3433206,8744178,20397660,1428660,0.0
2021-12-09,9069515,11747744,716666,16007459,2082171,39714672,3791595,13213547,12560970,1567957,0.0
2021-12-10,4251339,7779384,724539,7627774,1823469,36517117,1771926,8364414,13261408,1510718,0.0
2021-12-13,9896899,10322142,1804894,16855546,4040584,22903720,1857829,12901733,14047645,1883864,0.0
2021-12-14,9275631,9191100,1219031,17488089,4768144,38953007,1685243,12991523,11642447,1747007,0.0
2021-12-15,7674319,10115148,755122,7358740,3053149,35987634,2176709,9366969,8639835,1603233,0.0
2021-12-16,9633006,13210432,926493,14123215,4481031,25131188,2469902,9761279,11107781,2072320,0.0
2021-12-17,13850460,14994768,2439222,13227787,18887243,30827201,2352938,21049821,12648603,4333992,0.0
2021-12-20,11812939,21156668,2175705,16900016,5773891,38778895,2488158,14325846,22336114,2312310,0.0
2021-12-21,8084499,9118750,1591415,14563335,5353584,20142586,2077840,12836561,16617447,2340989,0.0
2021-12-22,8522226,8577484,1661605,9843359,4156428,17903428,1692505,17658543,13102553,1224328,0.0
2021-12-23,5602466,9779166,1423081,9994049,4112933,23065082,1677127,9072401,14471377,1792861,0.0
2021-12-24,3756020,5561024,895503,8800690,3780347,17220191,1203991,7886494,13221159,2209923,0.0
2021-12-27,3658572,4705098,584302,7955163,2647733,8467106,1139744,4017223,8856482,1534135,0.0
2021-12-28,3892590,5450678,783710,17833655,3340933,12014352,1916098,6374613,8832210,1456218,0.0
2021-12-29,3847574,7668702,1410236,7143073,3236635,11923119,1287946,15425312,11757303,1456923,0.0
2021-12-30,5701612,7215918,963711,14326182,4584738,10116360,1805349,29333171,28879190,1966475,0.0
2021-12-31,4598628,6325736,1123597,6973055,4619420,7875890,1145546,9477290,10005842,1207141,0.0
2022-01-03,2939833,9069184,879278,9653095,3329616,8064567,1906676,5421611,13124509,2346158,0.0
2022-01-04,6473875,8857352,1484275,12114437,3921999,9398805,1643920,10847728,23296671,2488606,0.0
2022-01-05,4586105,14332638,1202512,19741360,6995719,11663111,1711667,11643813,24694169,1733031,0.0
2022-01-06,21642414,9628930,1198901,13018067,6449205,9295303,1372015,14447422,18190843,1810293,0.0
2022-01-07,4315015,11179384,1026186,12250210,4834389,9196075,1447123,13112115,22746330,2460591,0.0
2022-01-10,3565324,8856496,919447,10905080,7857560,16451394,2397846,9246731,15832274,3937092,0.0
2022-01-11,10642484,8389198,1321335,9982061,5142287,8329596,2232435,16205164,16107950,1906106,0.0
2022-01-12,12366953,21085530,1487554,13034848,5362535,13665682,1585970,14800442,14489616,3203744,0.0
2022-01-13,5829874,41963896,1586299,9372244,14277630,11944029,2373324,11856712,10450974,6684507,0.0
2022-01-14,5344096,11208968,1596037,7552844,7688506,10976796,3124945,19930176,8724574,3348123,0.0
2022-01-17,4340924,22989372,912205,6722700,5262464,12792728,1858651,8036453,17422211,3442604,0.0
2022-01-18,4312058,12341152,1667579,10835146,3690315,14948456,1460676,6215029,12592506,2389041,0.0
2022-01-19,5879490,14317626,2145255,16416144,5747770,11915686,2336679,9755485,16079457,3102539,0.0
2022-01-20,4812496,15197846,2829711,13567654,5533463,17997322,2031107,16494486,17724642,6176776,0.0
2022-01-21,6704622,11537694,4596050,12078277,8252758,17225050,2209132,13338594,16947941,3112358,0.0
2022-01-24,11091633,11868508,2231103,29612316,7116712,18023332,2307120,21868937,20233933,3258414,0.0
2022-01-25,14128764,13594248,1843543,19513184,9137653,19028606,2998042,24510205,21791739,3330501,0.0
2022-01-27,8937312,28617838,2620474,23984679,11231734,24041247,2932713,20020431,35409230,5718297,0.0
2022-01-28,21450677,24925208,1967721,14072314,10998502,15865353,2233620,14667727,24715250,3143862,0.0
2022-01-31,10745370,12842546,1639875,14824509,8788872,15618203,3161064,12143683,28674232,2739393,0.0
2022-02-01,4814511,14739484,1270508,20031583,5119935,44871108,5392787,13200509,32245356,2105169,0.0
2022-02-02,3286577,13969290,1246111,11214375,4253717,42714702,3579380,10017691,21661864,1984212,0.0
2022-02-03,3651578,10564762,1448039,9755335,3832922,28918394,2262217,9572839,22717677,1960538,0.0
2022-02-04,3284198,11579958,1014561,10314067,4700077,58889867,1440816,11061241,25332894,2307366,0.0
2022-02-07,6833983,12268042,1207402,14659368,4310209,25101983,2641464,10714467,52289545,1919149,0.0
2022-02-08,7167684,13981130,1190660,14642455,6053401,16825239,2040523,12060849,26567546,2946443,0.0
2022-02-09,10185173,11308342,1049611,8855292,3867244,12351873,1390810,11486225,14856155,1638721,0.0
2022-02-10,6074014,14314530,1195100,13159771,4334630,20317032,1288856,12464491,18659370,2112459,0.0
2022-02-11,5646980,10711104,2100036,13138408,7551371,18793513,1744894,15943370,14607095,3851488,0.0
2022-02-14,7441445,14656620,1661501,16170656,7459637,23621214,2290199,10719633,26153332,5951745,0.0
2022-02-15,4650249,13135066,1533070,18880659,4669915,13371177,2602134,11212671,23842951,3931683,0.0
2022-02-16,5433910,10032264,995668,10549784,5350642,11664158,1898439,10392840,19773807,3256906,0.0
2022-02-17,5107708,7351208,869374,16683808,3937950,14564261,1459905,12853252,16408356,3134372,0.0
2022-02-18,4099366,7796128,890713,8945567,5602215,9004891,1912482,6775458,15111223,3688883,0.0
2022-02-21,4307430,7468066,737919,10967164,5120890,16750193,1262585,11107193,16866932,7465922,0.0
2022-02-22,9148804,9536196,902667,13156371,8878515,26741024,2288298,13494914,27108772,5408531,0.0
2022-02-23,4124469,9029562,1324411,11624282,5478811,11438476,1583872,7310110,13899433,2426203,0.0
2022-02-24,14139461,23630766,2997629,28023104,13592379,42933709,3616355,24846650,32356037,5039136,0.0
2022-02-25,6452099,18318654,2193728,16935750,9737281,24543858,2476882,14570089,21792287,2549723,0.0
2022-02-28,8301523,24880832,2334036,20547432,15076542,20806226,2553662,21297446,18069367,3288942,0.0
2022-03-02,10220908,38505560,2034688,25252492,6771489,20039140,3152628,21471786,22003848,2761341,0.0
2022-03-03,6517030,17527922,2372998,23190595,7344147,29631546,2259979,10186748,20358590,1928039,0.0
2022-03-04,7094874,21219364,6320118,18697223,9074499,69409780,3906819,10805667,20684268,2370257,0.0
2022-03-07,12615451,27054458,2976453,27799873,9742588,47001716,6318251,17983310,33720472,3054130,0.0
2022-03-08,8462985,39212492,3211938,26716975,10984500,37424203,4421730,21289374,42510207,3300992,0.0
2022-03-09,9896395,23134694,2879079,33728639,10193515,43923809,3306502,20414228,32331325,2719654,0.0
2022-03-10,5989327,22273206,4879791,35959638,6547182,37523806,2776325,17980493,34553299,2005441,0.0
2022-03-11,3353880,15150780,2481643,20546724,4758657,43305144,1577597,12257423,22091309,1623423,0.0
2022-03-14,4016137,25018126,1730325,24648981,10289724,36465969,1558334,8340678,27750689,1765688,0.0
2022-03-15,6006439,18867928,2391023,27714580,7140443,34269168,2062332,15925769,27204899,3651133,0.0
2022-03-16,3843706,13364108,2808685,14621688,5233979,22462538,2101909,11149828,16211288,3090475,0.0
2022-03-17,8168953,14823954,2995889,18329844,17731459,35541798,3383036,21422098,22947673,3600452,0.0
2022-03-21,6317305,12257876,1674982,12866839,8362085,29052540,2301462,11999466,19064060,2413831,0.0
2022-03-22,3000133,10461814,5356303,11761758,5709382,38368305,3986030,22557065,26157969,2907611,0.0
2022-03-23,7974713,31188256,3212162,7140403,6192824,42051087,1574226,15462187,15800195,1596195,0.0
2022-03-24,3597143,20160044,3054664,17727969,3784303,39712133,1580887,13168266,18174877,1879046,0.0
2022-03-25,2930336,16366462,2233647,15263007,3438588,30412482,1483897,14222488,11541196,1690133,0.0
2022-03-28,7960258,15754886,1794533,13806166,4008555,25876007,1799629,9891424,16738684,1760990,0.0
2022-03-29,15833573,12377448,1249125,11489374,3917785,18820674,2071779,8684065,14301429,2689063,0.0
2022-03-30,9938988,20109742,1476829,20154520,7795839,18281803,1712835,15811550,16461225,1583455,0.0
2022-03-31,7371181,14295714,2540524,16046383,5399145,26644916,1401916,13223718,10240982,2168110,0.0
2022-04-01,5920139,14568556,1714996,12658848,6171518,14856664,2050573,7922880,18527226,1387014,0.0
2022-04-04,5783224,97450970,1693019,17192197,7364074,16520039,1955281,7929162,16257176,1472994,0.0
2022-04-05,3990794,30922582,1277652,12290391,5472024,28230046,1718581,13149870,13602384,2314947,0.0
2022-04-06,7490027,27027860,1736115,13518142,5407453,20352716,2245496,12257215,13738275,2051729,0.0
2022-04-07,5818505,40781732,1824732,15087175,5797544,16679649,2003954,15496499,19620958,2494829,0.0
2022-04-08,5583587,41256322,1693462,15480705,5131446,39283623,1903321,15152495,13572638,2296773,0.0
2022-04-11,4927865,20799066,1380107,13216391,8248407,47924937,2262446,9254209,12370288,2291660,0.0
2022-04-12,3904026,27435402,1370233,14020000,6456184,24460888,4215141,13217742,14460680,4483476,0.0
2022-04-13,6343030,28892520,1071601,16119956,6257693,22239115,1673417,10354235,15440525,1621672,0.0
2022-04-18,8950327,45620376,1828131,17651530,30523965,25339139,1808707,9974224,14492183,3820792,0.0
2022-04-19,9957060,74096022,1775996,31088359,17044923,24280577,2737766,26141820,20362934,3170014,0.0
2022-04-20,6632292,49325736,1511804,15984202,10678747,25454589,3832617,25072240,11881305,2640370,0.0
2022-04-21,6111830,52446270,2244813,8953098,7766514,24313956,1797489,21708633,10035638,2280996,0.0
2022-04-22,5182247,20659148,3520828,14411607,8134245,16274820,1474689,15054154,16760456,1581465,0.0
2022-04-25,3571031,20935488,2437310,35417460,7000570,25140992,1964344,17063215,14057444,1960694,0.0
2022-04-26,4987848,17016842,1447088,18727514,5345435,21327644,2440990,12227666,12137213,1943469,0.0
2022-04-27,4571399,18054334,2214481,21441480,8819356,17219401,1346726,19338945,12367342,1727648,0.0
2022-04-28,6101866,20773722,5865359,18649559,9245177,28999835,3117433,25614076,12154792,1703660,0.0
2022-04-29,7219115,28401476,2678692,19560317,9831395,21206335,2404830,18214862,12894773,2051115,0.0
2022-05-02,3938533,19494316,1543544,10903446,7072627,19696250,1399802,9467006,18590895,1324161,0.0
2022-05-04,6785271,29055916,1608395,12212165,6220959,26951488,1777673,19247660,14645323,2305825,0.0
2022-05-05,4836692,17862912,1101451,9121547,6144870,18623544,1707752,17210669,14130385,1612262,0.0
2022-05-06,5912312,26731268,1585602,12455025,6171472,35818441,1439520,19649948,16710020,2010812,0.0
2022-05-09,4819274,32762434,1341414,13055889,6832202,22228031,1400010,18083752,13544947,2481830,0.0
2022-05-10,6746893,20113812,2162232,12797419,6212545,18727774,1176030,19511677,10884328,1622685,0.0
2022-05-11,6919703,17102924,1858636,13516852,7846080,18012072,2988788,16643899,14771351,1841769,0.0
2022-05-12,6754953,22382290,1531515,16685166,7034979,20816708,3407191,20490321,18947096,2807195,0.0
2022-05-13,11938252,16768238,2057239,15717043,6723761,12380764,4328846,19308778,61403008,2187823,0.0
2022-05-16,5412233,9804356,1396818,9025623,6145331,8502159,1775914,13437911,27940958,1195813,0.0
2022-05-17,4847812,16641444,2055096,12765052,6516378,18483427,1608711,16551828,16880698,1754076,0.0
2022-05-18,18992703,15732384,2137455,11835013,6594126,20978307,2984009,17276788,15644497,1866781,0.0
2022-05-19,7322668,20537506,1734602,16661023,16561140,81302807,1798843,14699118,14201420,4642963,0.0
2022-05-20,5577407,13919350,2599505,11695528,10488908,33617466,2175224,21793091,13596860,3065125,0.0
2022-05-23,3788601,19486320,2363306,17438451,5887569,22535903,4177811,15252755,13499415,2293690,0.0
2022-05-24,4053608,12870796,3078655,13779981,5693167,16146766,1970395,13527818,17175179,1711510,0.0
2022-05-25,4188088,12887112,1884260,10457589,9630092,15877459,1417130,12714544,12728644,3548046,0.0
2022-05-26,5780597,26992428,2299127,14028733,13040065,19129574,3578710,17882023,17055257,2813186,0.0
2022-05-27,7131633,24031718,1011303,8110620,8284860,13986762,1279218,16521973,10977001,3103153,0.0
2022-05-30,4675033,12624674,939562,7628515,10904213,12274291,2119326,13853398,9365470,2094624,0.0
2022-05-31,44593174,13485388,3123979,20272212,16033857,24102167,3534742,70620653,15441579,4840965,0.0
2022-06-01,3749781,12091896,2197599,10102092,8738508,15265925,1425466,9776989,9424008,1493835,0.0
2022-06-02,3466993,11475020,1460335,10949759,7205840,14789457,1852251,22126569,9370989,2657939,0.0
2022-06-03,6673615,6957244,1845303,8563791,9395707,12968807,2928263,23939791,11306291,1913622,0.0
2022-06-06,6407024,6173266,2131405,9107831,6624883,11345943,1538005,11093152,10661432,1084210,0.0
2022-06-07,8349903,10253966,2034730,9938912,4904592,11245578,2157491,12358255,7672515,2308256,0.0
2022-06-08,13904149,5986588,1506843,9369224,4697608,14915091,2122442,12479250,17168871,2185707,0.0
2022-06-09,6774925,7311816,1497867,7444368,4361061,10239939,1361104,17278305,12635601,1279197,0.0
2022-06-10,3221484,9155430,1641981,7990818,6516436,8693455,1337799,18093057,8621104,1527582,0.0
2022-06-13,5982102,10892572,1519441,16622521,6987685,11519902,2460367,17620803,13426836,3030921,0.0
2022-06-14,8878530,11870356,1592475,13348598,6090247,7708043,1983405,14714312,11351101,2611493,0.0
2022-06-15,6005970,11810470,1432377,9199591,4651958,5254329,1461683,11195535,9920926,1404536,0.0
2022-06-16,9525587,12169192,1353485,13237239,6641772,14843837,2329325,17111475,10780703,2032028,0.0
2022-06-17,11085830,14723922,3252189,16335613,9692047,17296080,4548572,24457187,14326050,5240434,0.0
2022-06-20,3883001,15936840,2022000,10981042,4595194,17738981,1837431,12066797,12368534,1502769,0.0
2022-06-21,3515991,13220684,1606187,13319648,6270787,14417711,1458922,11720049,13801891,2964461,0.0
2022-06-22,4348884,8159698,1741378,6838249,6253366,11756920,1906619,10617206,11066447,3336315,0.0
2022-06-23,4336533,15372244,1585753,14960412,6254281,9416459,1828491,19446323,12229833,3692578,0.0
2022-06-24,5621332,8013432,1930048,10856736,6114340,7283228,1731440,14240234,10833364,2132118,0.0
2022-06-27,5284297,9804164,1450391,8285225,4511097,8487729,2389778,15474529,9509175,2037686,0.0
2022-06-28,3216376,9770574,1404108,8339931,4412178,11673046,2072405,13572847,13261290,1400046,0.0
2022-06-29,5011798,9994046,1682914,9570557,5060038,16635367,1480197,19205146,11800876,2133994,0.0
2022-06-30,6505666,12475822,2387212,11970404,9165177,20003893,3308971,23112959,16926328,2719603,0.0
2022-07-01,4488771,11472452,1235612,9884899,4651635,36520000,1294305,81997149,9405495,1502879,0.0
2022-07-04,4229588,8487480,2410245,8303732,4800224,41417701,1269969,41857728,9186358,2622535,0.0
2022-07-05,3494504,14325718,2463079,11460367,7379669,19283789,1445200,17647327,12003244,2170627,0.0
2022-07-06,4697006,15049078,4770394,12163533,5209162,18997440,2422594,23943726,12059857,2182144,0.0
2022-07-07,3485283,17743142,3333262,10374018,3323472,14326277,1697912,23301033,11497832,1989921,0.0
2022-07-08,2732170,12474030,1346970,9797700,3652582,11538313,6516138,19010108,9057231,2136916,0.0
2022-07-11,18687521,7462880,1587197,12440573,4702638,12828405,1316037,13847467,7704792,6974600,0.0
2022-07-12,7416645,9876974,1116476,10219829,4710356,14616684,781516,10778989,7364457,3734815,0.0
2022-07-13,12030163,15945610,2528792,8674121,5264025,9634877,1914814,14224132,8208853,3863530,0.0
2022-07-14,11379990,10372410,1663307,7044542,6157606,13930984,1170472,16970315,9385630,4764908,0.0
2022-07-15,5567877,13595646,2996964,6358018,5620018,11450042,1345141,9603210,6945602,4574806,0.0
2022-07-18,8982417,20332220,1566888,8045363,5835171,11751684,3200640,15160908,9934786,3202795,0.0
2022-07-19,7836419,15792538,1473121,12825591,3418540,9542292,1351783,16439888,11724183,1865074,0.0
2022-07-20,4458819,20347862,4012897,8152179,5079392,16397373,1509911,23924246,19280117,3402251,0.0
2022-07-21,3550107,12640278,1990695,8312338,5008061,16660697,2827327,16523230,13814893,2420640,0.0
2022-07-22,2415220,12729592,1905780,12267898,7020642,10351425,1495629,10969995,14699129,2075886,0.0
2022-07-25,2913348,10143126,1253821,21034148,7859626,11050533,1916615,23110452,10229778,1797504,0.0
2022-07-26,5016687,8527964,1685576,7374145,7268273,10114261,1585897,11303288,8862656,2639367,0.0
2022-07-27,6237523,9212778,1404133,9536564,4517285,9706094,5369460,8655086,15101546,1389808,0.0
2022-07-28,7374170,17420406,1442054,11124518,6636841,11256515,1831059,12496073,12160734,2106333,0.0
2022-07-29,7669970,20019736,1463059,11095993,7009465,17584873,1747781,15130683,11921058,2430257,0.0
2022-08-01,8812526,13193036,1559918,7974903,2983249,16501510,1341943,15700044,8295631,1306913,0.0
2022-08-02,6236599,15036510,1359934,11106772,4374635,40483892,1749346,13917913,16845027,1269114,0.0
2022-08-03,5237250,10975498,1767904,11073975,6011955,18376724,1264299,14250977,24262125,2895824,0.0
2022-08-04,6352142,12012206,1189384,11113742,7402209,16514348,1856927,14467127,18072293,2150567,0.0
2022-08-05,5811092,9268982,1176666,16056522,5361971,10477269,1430542,13942438,21110734,1106933,0.0
2022-08-08,5918607,15357736,1024511,12142951,3763409,8627072,2625195,10165178,32566317,1068836,0.0
2022-08-10,12201239,17353102,1098949,23658553,4423829,9267241,3422074,10724688,16904151,1878359,0.0
2022-08-11,7142902,18301766,810674,22787391,3462090,11305242,1918049,8198226,13862195,1449248,0.0
2022-08-12,4540159,8850370,1473527,10792853,3562286,6669853,1041383,12650587,12154012,1472354,0.0
2022-08-16,6679663,12563756,1584117,13804836,3004430,8941455,1426893,6607378,10721167,839942,0.0
2022-08-17,8812954,12384350,1711381,9058040,4067324,8283028,1748371,6595965,12054183,1622326,0.0
2022-08-18,10354897,8342138,1465489,13137856,4635706,10264507,2519639,7410035,9013662,1430659,0.0
2022-08-19,13743828,8063702,1324508,10787199,4739884,10823811,4134598,9460724,11087222,1398410,0.0
2022-08-22,8118490,8234066,1410895,13848023,3950555,11793184,3175874,9471680,9676954,1536532,0.0
2022-08-23,8229797,14966884,1305045,13254855,5551574,9698555,1811509,9678484,8597965,1849256,0.0
2022-08-24,14922081,13455520,1242489,10494109,2888426,11783894,1534933,10369622,11930650,1691923,0.0
2022-08-25,9849958,11823040,1106593,9827829,4331088,8057930,1121363,7871946,15473450,1946930,0.0
2022-08-26,5928897,7706176,1048791,5976725,3079136,7224507,1119310,10742038,12855886,1457962,0.0
2022-08-29,5878942,8653178,1450034,7755134,8079050,11798961,1183546,19838975,9421339,2539173,0.0
2022-08-30,8894800,10135400,2227943,12544701,6725875,18516092,1394462,23139054,14835308,3431525,0.0
2022-09-01,11869518,22403136,1702269,15877583,8140604,13765474,2014905,19909939,16670228,3546935,0.0
2022-09-02,5693707,12038086,937600,8401284,5175653,26750910,3201140,12999345,10017930,2052900,0.0
2022-09-05,3660135,12131932,1274074,8744999,3669352,18144801,2474746,11327815,7819994,2147912,0.0
2022-09-06,10166270,12238696,1250776,9879326,3428442,12431779,1172733,10899618,8657868,1936453,0.0
2022-09-07,126794211,9776206,1344964,8814960,3600574,8397233,1238549,7488501,8445359,1291534,0.0
2022-09-08,10648073,11164690,1004533,12163106,4061475,11331350,1632797,7057077,12240707,1346113,0.0
2022-09-09,4627905,15128888,1785443,9936230,4816910,9770432,980869,8314850,18587927,1561185,0.0
2022-09-12,2654087,11080492,1595709,6016978,5494819,9048240,791708,7435419,9677415,1785928,0.0
2022-09-13,8335652,13001966,1342130,10400475,4947158,10925371,1761021,8888657,16707275,1972678,0.0
2022-09-14,6645392,20219760,1610054,14712947,14332197,12739464,2322752,8678219,21632641,5090269,0.0
2022-09-15,5485310,13539372,1199906,16253099,12784100,8742900,1566565,10365600,12749947,2138023,0.0
2022-09-16,20211162,20560046,2516820,11966860,20464045,12973988,3881617,20217708,14739280,5322221,0.0
2022-09-19,5760313,12076038,1166725,11235656,6595241,14918717,1755456,7580254,11194003,2072220,0.0
2022-09-20,7936714,10781668,1253333,12090663,7219797,9892945,1666658,8411448,8484017,1544295,0.0
2022-09-21,9966193,9072304,1960049,8917640,7917054,21800547,1618385,9207309,9392526,2253818,0.0
2022-09-22,7721133,12048144,2620240,11125669,9168498,25111230,1875115,10308170,11869435,2017983,0.0
2022-09-23,9271829,15806252,1789791,15927517,10426200,23718397,1948766,9528051,12563239,2652374,0.0
2022-09-26,13144297,8923486,2678551,14208640,9414587,16829922,1529101,12479523,16158750,2925489,0.0
2022-09-27,5965026,12639700,1898501,12493809,8561254,10375837,1443698,16154822,11066799,2227447,0.0
2022-09-28,5546932,11816132,1526197,11411458,7022098,16151900,1853503,16997059,12233485,2739767,0.0
2022-09-29,5413233,14410388,2019666,13803629,6119965,18985406,2377718,14671827,17310168,2493902,0.0
2022-09-30,7469164,15781756,1340054,13175031,8120130,12906555,2339518,18613024,17466950,2817353,0.0
2022-10-03,12619046,11541112,1683197,8232026,4943169,9462192,1850414,11852723,9351162,1763331,0.0
2022-10-04,5772140,11538526,1327939,8975095,6631341,9142294,1637532,8948850,8745887,2145875,0.0
2022-10-06,6503205,12549198,1752351,12116698,6180672,23091432,2771898,13352162,9507322,1790816,0.0
2022-10-07,6025982,13297994,1025923,9705750,3994466,10910698,1469264,7714340,11065307,1939879,0.0
2022-10-10,3519416,13109302,1043728,7357588,5274677,9750594,1656954,6329527,9649292,3064063,0.0
2022-10-11,3699862,14521620,1129783,11130051,12824774,11018577,1047963,9215177,10825440,4730645,0.0
2022-10-12,5984299,9225050,882873,14557532,5481467,10735673,1907748,7417103,8522604,1665247,0.0
2022-10-13,2842056,14714234,753331,11563124,4821514,7546587,1303645,7328492,12972765,2054781,0.0
2022-10-14,3608210,12849920,1001536,8199540,14990688,6672357,1819114,9106089,8545479,2245977,0.0
2022-10-17,4566333,18410500,778918,8936947,4286396,7195922,2588147,16729355,13485349,1517005,0.0
2022-10-18,4391263,10561108,1123374,8097552,4692004,21691854,1401849,12415820,20440781,1793722,0.0
2022-10-19,5219180,12967040,1241979,5529462,3553171,16923690,1636141,19247142,9540583,1194289,0.0
2022-10-20,4756732,7898078,1428125,8107159,4583939,19186222,1374019,8717053,11225588,1587601,0.0
2022-10-21,4807736,10492606,2458302,17022807,3594485,28426343,2225676,8243452,11767639,1021913,0.0
2022-10-24,522406,2167794,719908,4390050,982837,3292671,269400,3370033,3692065,260949,0.0
2022-10-25,3184277,13773394,2923789,15838120,3914341,17906260,2136147,12233241,19899324,2069643,0.0
2022-10-27,8159181,15937276,1846329,16080842,6760137,19273344,2245395,12513059,13613533,2438421,0.0
2022-10-28,3905093,10474278,1164951,9854094,3053981,13572499,2013794,17609592,10043644,1355739,0.0
2022-10-31,5487233,12830528,1324443,9000840,4542336,14358449,3176507,12419943,9894639,1919414,0.0
2022-11-01,10488759,19073756,1280132,9823761,4542692,20422565,4464211,13963166,12069579,2991060,0.0
2022-11-02,11729925,12720406,1338284,7690974,2938906,17427813,1889651,8981896,10241440,1405955,0.0
2022-11-03,5897840,10332352,730444,9022366,3174027,11149636,1052241,6693449,17557998,1422652,0.0
2022-11-04,3768226,10818060,889055,7099336,4509682,8709851,2312753,12575815,25759031,1464013,0.0
2022-11-07,7171570,9835834,1283685,11100219,4898592,10437370,1395070,11789748,44265903,1474498,0.0
2022-11-09,3969171,9269790,1436444,11590409,3334755,21404869,1301233,11254205,18939854,1162267,0.0
2022-11-10,4425290,12774182,1459152,10009741,3435763,20071989,1261210,5966242,11618405,1573092,0.0
2022-11-11,4325441,56722338,1162847,17921457,7214098,11372654,1203125,12310132,15525267,3265394,0.0
2022-11-14,10406576,19195390,2137131,12641308,4908813,18319254,1175155,9043112,12957268,1342074,0.0
2022-11-15,6229710,11030202,1558333,15176911,3497614,16046491,1450841,7086433,10286417,1400708,0.0
2022-11-16,3445345,13578150,1330395,13008311,4497697,7897812,1195832,9716161,11555749,1748235,0.0
2022-11-17,4545534,12100930,960476,12584194,3469515,10379179,3786182,6661451,8167131,1417986,0.0
2022-11-18,7405949,10459232,1075675,10874061,3126064,8140173,1248459,5303197,12933675,1164540,0.0
2022-11-21,5527122,8344816,1354881,9245704,3071764,9553090,714687,6390268,7412419,1304194,0.0
2022-11-22,7601660,8546314,921265,11256509,3399329,6746019,1337869,6611488,8048595,1149739,0.0
2022-11-23,4596816,10185738,734152,10959704,3245067,8067471,1046988,6413408,12435924,1150011,0.0
2022-11-24,3455310,17197960,999929,10844395,5282215,8454385,1611889,9389439,8960032,1296591,0.0
2022-11-25,2991065,8410496,783480,9815055,4563255,7200274,2652761,7349922,9994513,1588981,0.0
2022-11-28,3668846,16105980,830905,9381474,3825766,10284123,1105372,31527484,7934274,2195437,0.0
2022-11-29,2680296,12638236,2542932,13096845,3131710,10582296,1413764,11058913,6942919,1576028,0.0
2022-11-30,6874390,15184806,3698270,20858573,11868134,23425220,2104550,26164986,15606230,3410702,0.0
2022-12-01,4506664,20446366,1675569,15920653,5407928,17270904,2614357,9485801,14209313,2180856,0.0
2022-12-02,3505272,7811078,2101890,14228874,4283343,8711914,1957264,11589592,7533838,2411749,0.0
2022-12-05,3311316,11592622,1640511,10984608,3824966,10090597,1767537,14828536,11585602,1475065,0.0
2022-12-06,5567349,12353092,1484562,18220912,4822398,6571118,1530731,8594245,12996244,1166999,0.0
2022-12-07,3771882,11674720,2368561,15675663,4898087,10191144,3438327,8462111,7613892,1167505,0.0
2022-12-08,4822179,14803634,1314703,10136870,4206837,6439244,3743754,7757008,10020015,1285619,0.0
2022-12-09,4615843,11963384,1883397,9575331,8880658,8445424,2573609,12655763,11202267,1797896,0.0
2022-12-12,3149823,14434808,1163204,8493863,8037679,11646572,1536090,9479842,9285187,1527610,0.0
2022-12-13,3832999,17031702,1265839,10415140,6135067,11105261,1233124,8333348,7455415,1378016,0.0
2022-12-14,7491333,14227640,886858,12319827,4976020,7664099,1516631,7268947,14010673,1213311,0.0
2022-12-15,2996482,18182648,990722,8929748,6443866,8469001,1323412,8688551,10622271,1415694,0.0
2022-12-16,4309644,14647958,1793864,9157260,9630453,12907968,2822390,15837349,9435071,2703680,0.0
2022-12-19,6397169,9604542,1546941,7015083,6222740,8113695,1592779,7729933,8322012,2120965,0.0
2022-12-20,2828863,7174698,827567,6384331,7396259,5693354,1747181,7467588,6753785,1529971,0.0
2022-12-21,5079337,9269198,779092,11341147,6236361,7316532,1979681,8527550,9217253,1432566,0.0
2022-12-22,3626834,9747096,852567,9788367,6302640,6838031,1993744,7451122,8740149,1384101,0.0
2022-12-23,2804496,10693152,1189702,11059215,6283822,10461859,2026125,10257115,13047046,1360281,0.0
2022-12-26,6023206,9907322,605144,6943159,4115459,9934633,1154610,5990242,13201587,870157,
2022-12-27,1782053,7926772,870960,4994381,4860076,6986433,1059351,5763271,9638618,835883,0.0
2022-12-28,2907741,8691870,822651,8980300,5029860,8035558,1153883,7459393,7988631,910795,0.0
2022-12-29,6110313,11012896,1345863,11994220,4624745,8417520,1517150,6930648,20130392,1037927,0.0
2022-12-30,3113243,7122640,696432,9688527,5060544,7228324,1189427,7289476,13052895,1163131,0.0
2023-01-02,1626846,4381378,681703,4315403,3801140,6181118,807344,5316175,6726084,709547,0.0
2023-01-03,1717603,8378030,821843,5846855,4551130,6228015,1260225,7658932,6818062,1245178,0.0
2023-01-04,2970216,10351600,1672649,12454582,7059590,6947412,1015547,9264891,7011191,1231668,0.0
2023-01-05,5297349,10941436,2008493,16547196,9868404,8486143,1881403,13637099,8241475,1826057,0.0
2023-01-06,3199618,9092462,991782,14804613,6443714,8603181,1877917,6349597,7972036,2488376,0.0
2023-01-09,4340729,10729340,1267078,16811853,11498717,11027747,1844365,10722753,8878905,2885060,0.0
2023-01-10,8392344,16371766,1413088,13470142,7158624,7217255,1425414,8047142,10622660,3864655,0.0
2023-01-11,28389020,15195798,1471687,15558460,6173092,4760847,1455621,11509553,7419630,2720512,0.0
2023-01-12,12732671,9250070,1703829,16659001,6591385,6894087,2726901,17688773,8183715,2250391,0.0
2023-01-13,12279288,9244546,1348015,11223103,11610426,14967746,2180210,20618583,7877610,1742837,0.0
2023-01-16,5779293,14748094,930068,8319812,6073063,8571826,1009649,13623855,5483191,1843607,0.0
2023-01-17,6594428,10786354,1892865,12624859,5922644,14240647,4645453,10751000,13461999,1688475,0.0
2023-01-18,5800899,19090642,2038075,11313898,5843098,13039078,4090049,13448286,11538075,2421189,0.0
2023-01-19,4169463,11172162,1649842,6694679,6165284,8667564,2176835,11940054,7475688,1585044,0.0
2023-01-20,6289718,18843404,4569549,8127162,6496429,13608325,1962410,14930286,6750607,1529349,0.0
2023-01-23,2685320,15444400,1388360,16882379,4855020,7399204,1466706,10954118,6604469,1067916,0.0
2023-01-24,5012125,24983940,1462462,11504090,5200802,12776694,1036962,16488755,7609623,1387863,0.0
2023-01-25,6560514,14704142,1591810,14918485,4158617,12978859,2134447,12385018,25686294,874110,0.0
2023-01-27,6745926,35179948,1581382,39718683,6209955,21850457,1647900,25830975,40163464,1785879,0.0
2023-01-30,5420851,18512822,2744039,36301441,6964719,14634225,3441304,21772103,40797825,1953798,0.0
2023-01-31,8537557,18596244,2366794,27291226,9448126,17794183,4516463,22691594,21911943,2820375,0.0
2023-02-01,4472974,17302790,2014615,39237711,6194199,67003785,6868872,19347800,38218810,2205161,0.0
2023-02-02,2841909,17497106,1980667,16798190,6916834,57892084,3488506,13662663,39287056,1813847,0.0
2023-02-03,5493687,14411100,1638238,14914366,7040194,23153980,2045634,24699575,32317232,1804469,0.0
2023-02-06,2407975,11167672,1697446,8463833,4570612,26783409,1332484,14837879,25338586,1138714,0.0
2023-02-07,4126502,10264588,1495745,9337066,4336238,21438758,1089248,15135435,16195947,1455647,0.0
2023-02-08,9951783,8444826,1061956,8082983,7983338,10821785,1452145,21160332,15502847,1986946,0.0
2023-02-09,5913945,11777336,1102484,6299265,6904911,12318006,1563181,13172763,15061047,1655427,0.0
2023-02-10,2954992,8172116,1523011,8656405,4786762,10674456,1454665,10790445,13824475,1187821,0.0
2023-02-13,3705892,5736944,1146525,9394365,4001199,10282470,2978938,10352493,18488732,1087939,0.0
2023-02-14,3502010,10908592,1944364,13402934,5043736,30246745,1874906,14321920,18559909,1579818,0.0
2023-02-15,3602838,11438712,2009134,12070288,3465747,12679568,1946344,33503591,12796579,1429449,0.0
2023-02-16,3399428,8062500,1982857,10715685,4290289,10151755,2464602,17264487,12767016,1618931,0.0
2023-02-17,3093216,8956270,1395341,9990618,2857734,7967611,3753179,11809520,14192008,1061369,0.0
2023-02-20,3381774,8086706,632091,9013430,2417716,8105569,1779752,8836937,12570032,1296082,0.0
2023-02-21,2769616,12389296,862797,11704445,2723288,8577674,1882604,13311592,10223218,1139541,0.0
2023-02-22,3261898,10359102,885515,13880984,3656244,9306194,2103097,11024335,14763050,1218430,0.0
2023-02-23,4062194,27882010,757215,11743574,4766854,19555814,2000556,9851910,15535085,1441570,0.0
2023-02-24,4357223,17061740,732783,8246139,2790986,13407431,1479060,9434053,12253035,977592,0.0
2023-02-27,6719439,14312972,853991,14422574,4920268,8455904,1398112,11199715,11048799,1128022,0.0
2023-02-28,10562614,18993992,1780454,19600146,9679811,16997837,2108587,21994038,15768010,4116217,0.0
2023-03-01,3744982,14137256,967339,11015843,5125043,8065784,1389077,11551145,13510198,1669307,0.0
2023-03-02,4910541,17391814,827174,12327141,4644499,5212922,1727640,9333535,10376913,1556538,0.0
2023-03-03,5759333,14986234,1176008,12823098,4615015,8495772,1821066,14643807,27656538,1043190,0.0
2023-03-06,4597345,27004710,1214503,13904231,6561742,11126980,1821012,10171916,16162268,1334132,0.0
2023-03-08,3546995,20099774,1448340,16144568,4137080,9261146,2965342,15782657,12637578,1844590,0.0
2023-03-09,5240056,20700166,1038910,10624440,5104656,10005328,1873933,16235128,8993423,1648500,0.0
2023-03-10,4113931,27387000,772024,17273189,3699580,8684320,1900535,13334091,11522371,1024404,0.0
2023-03-13,3447889,26443550,1314549,16413159,8798403,9130473,2334468,12771592,14373729,1901233,0.0
2023-03-14,3753502,33185612,1250763,15456802,7402784,10623744,2871343,16027522,14750800,2670334,0.0
2023-03-15,8101060,37264754,1738040,12914488,7556182,8748113,3044201,21728555,11282329,1780522,0.0
2023-03-16,7465693,21753342,1628035,14987868,7323117,16315136,2946792,18363159,20040008,1901060,0.0
2023-03-17,9306857,22950876,2127178,11104490,9090018,50787703,3286473,34014213,18787379,6739966,0.0
2023-03-20,3566109,26503114,1561128,14838651,8221829,10512002,1996773,19524589,14275315,2289468,0.0
2023-03-21,5332221,33050494,1595161,18755854,8536755,12057999,3178680,21400360,29485180,1815297,0.0
2023-03-22,2680654,14177324,1063244,17431520,8356487,4958761,1956033,10920094,11619538,1123939,0.0
2023-03-23,2454948,28364178,1578627,17920621,7607718,10127917,2455799,16249370,22097792,1372218,0.0
2023-03-24,2336818,31477748,1449326,17295696,7559127,10317108,1449544,12375945,14416984,1329577,0.0
2023-03-27,2258853,31872006,1387736,17047675,4170193,11232922,1540581,14054323,15674218,1524217,0.0
2023-03-28,4166723,39276302,1412387,24469018,6633366,9523719,1627243,12576424,15833599,1303530,0.0
2023-03-29,4891868,39763612,2613254,34881515,8813966,10551626,2372385,18804065,24203789,1740616,0.0
2023-03-31,5796532,34711228,2146167,25739021,8711975,9877493,1489542,28171201,17356345,2382581,0.0
2023-04-03,2120667,40025398,918048,26416933,5242764,7331070,1231654,10293043,14210949,1521830,0.0
2023-04-05,3197932,43365392,1489612,21068934,7506334,12055499,2763363,16262928,13574801,2655065,0.0
2023-04-06,1777379,44637344,797414,26042745,6948465,13394394,2389899,18435046,25125879,1703464,0.0
2023-04-10,1701065,31813286,853322,30906205,4993788,7044256,1955914,12961408,17335453,2203187,0.0
2023-04-11,3485481,42361542,913184,39504022,6942255,18939829,1342440,10542367,26414406,2348779,0.0
2023-04-12,3794841,26955504,1109809,22686032,5831169,10122932,1165839,18179087,21292441,2417727,0.0
2023-04-13,4292170,35330086,1261711,34439635,11267238,6292395,1956668,12378208,28597560,4174070,0.0
2023-04-17,9083437,32405148,1566977,29957514,53171705,11466474,4125850,17929479,32476990,5505048,0.0
2023-04-18,4051481,29637226,1474786,26699379,12430884,9860308,2848601,10405576,22283456,2617302,0.0
2023-04-19,3429794,24741168,1320243,24377956,11307230,10119480,1970015,12273475,21156372,3298034,0.0
2023-04-20,2355441,32922716,1401364,16999919,8621249,6924577,1898996,7007330,25588577,2419999,0.0
2023-04-21,4524208,20128618,1206288,29578071,8691352,14801099,1009316,7647317,22599418,1929184,0.0
2023-04-24,5271105,35675852,1735797,30881665,8313774,6212135,1239073,12936186,23335611,1640676,0.0
2023-04-25,5773233,50353068,1701098,41383839,6808576,9180650,1350118,9236126,38142390,2024090,0.0
2023-04-26,5057352,27392750,1245903,30371555,5680192,7914219,1894812,8617834,23143882,2000029,0.0
2023-04-27,4129769,47790392,2743893,25835108,8020704,13100076,1252989,9167125,17845169,2434446,0.0
2023-04-28,6572656,27916272,3761927,20381002,10118277,13208557,2884961,15565210,16183423,2931312,0.0
2023-05-02,6301210,32221184,1760370,17515017,8886401,10648421,1840153,12981805,13667511,2321159,0.0
2023-05-03,3908267,29407270,1258140,18715142,5549783,7607609,998235,7061872,9699527,2468285,0.0
2023-05-04,2457671,56854638,1150227,20485002,4505401,8292456,1230912,8635233,12533761,1953253,0.0
2023-05-05,1438467,62770416,1354871,19002035,5373791,12890455,2425866,8746585,18163461,1710027,0.0
2023-05-08,2489174,37244524,972810,18623913,5260842,7522610,1583576,9153782,12990869,928235,0.0
2023-05-09,2486331,43688938,1651327,21507610,4969897,10377820,1417301,6464721,18959065,1107375,0.0
2023-05-10,2737334,46340550,2025658,25910923,6515734,10130159,1675409,10872255,18561315,1559987,0.0
2023-05-11,4808171,35734618,1749356,20027372,6888461,16597954,9470848,10557860,16016715,1719623,0.0
2023-05-12,2576010,22478760,2170011,13873480,8292212,11564770,5367292,6955341,11319335,1027479,0.0
2023-05-15,7569060,18512260,1561055,10453762,5534710,9503538,2662740,6833343,11410243,1150390,0.0
2023-05-16,4846217,32722086,1477905,19612293,5236469,8302077,2528855,8717229,22178229,986306,0.0
2023-05-17,6529233,30466868,839404,19273344,10465667,9844782,1961004,8798967,23739774,1588815,0.0
2023-05-18,11383252,49646942,1434067,21550141,6948732,24919291,2290757,10525531,45656620,1369364,0.0
2023-05-19,3432240,30460332,1174757,15427412,11094136,26759905,1729803,8050447,42293962,1152449,0.0
2023-05-22,9996762,28334032,768232,15509525,7625947,16015615,1112099,7434906,21484049,1333243,0.0
2023-05-23,6516636,22470074,703864,16579935,7436031,9068926,2265389,6092034,16120548,1687418,0.0
2023-05-24,9104329,33588112,628872,18049620,4824077,11921823,2648479,8112254,17616658,1016555,0.0
2023-05-25,9570396,29776930,1072231,19328582,4334121,18905572,1689521,11487863,16479436,1374917,0.0
2023-05-26,6150206,26635066,947073,10957182,5521606,13496209,1249128,12626260,9788076,1791115,0.0
2023-05-29,3684829,21816292,698267,12108079,4419365,20589822,1369656,10010304,18432231,1210372,0.0
2023-05-30,5148256,37125928,948051,18483624,6274719,19627897,1716729,11342504,15031640,1344224,0.0
2023-05-31,47342125,43334270,3388305,27254425,17800782,14821960,2809284,27107927,28797643,5815424,0.0
2023-06-01,9713155,50366938,1541080,21650700,4277841,9142172,1049488,14592692,17820226,1177314,0.0
2023-06-02,6834131,17859710,1509260,12494376,10909311,9558309,1399950,15800644,11323908,2030661,0.0
2023-06-05,5298053,18697242,1000190,10751684,5002553,7427630,2344944,10908682,12920507,1861468,0.0
2023-06-06,2722174,32182852,655372,11894330,10008100,6703067,1677680,7493309,11199940,2022849,0.0
2023-06-07,4110739,24949026,1428490,16486469,5397578,7833952,2128603,10312545,11113781,1567196,0.0
2023-06-08,4050621,37395522,923536,17608140,5034942,7294955,2556995,12071109,15971917,1759366,0.0
2023-06-09,3332436,18212578,1413808,12253128,5339073,7329661,2501720,5877018,18870272,1775689,0.0
2023-06-12,1569715,13408292,775484,10520125,4785588,9054977,1172382,6391969,8786066,2324605,0.0
2023-06-13,3224345,27926108,1787924,13528776,4846587,16732376,1688768,11248016,12612098,1371928,0.0
2023-06-14,5108720,20113968,1536248,13489262,3457981,9039402,1013564,13277380,8948696,1658544,0.0
2023-06-15,3865201,35377476,1830192,19366819,6161155,7787525,2561534,11813494,17934877,2273810,0.0
2023-06-16,4907797,15779272,1748145,11249387,8536287,12181426,1794542,24171579,12660226,4156189,0.0
2023-06-19,3017364,24829146,1068263,19351375,4451787,4350517,3111256,6798554,17903691,1468186,0.0
2023-06-20,2691557,20005626,1129279,15212286,4009180,4644353,1771306,6921096,14549152,1528452,0.0
2023-06-21,3022724,24308946,1201840,9210553,4041529,6292873,1607299,6961603,14946871,1645987,0.0
2023-06-22,4380046,56596140,830052,27291569,6676607,6892713,1741775,7619166,14979063,1529603,0.0
2023-06-23,7667340,21339218,991214,8767733,7239467,6325479,1212955,6628570,12215712,1119505,0.0
2023-06-26,4431992,16130314,758700,11749040,3403244,5688287,793572,12641159,8360264,1978803,0.0
2023-06-27,5533649,33831864,687747,13422726,3240024,5052984,1012317,9689466,10694768,863542,0.0
2023-06-28,6272649,59562950,1397573,25708001,5662358,12548096,1734938,11354006,18028934,1575872,0.0
2023-06-30,5217511,40699016,1160181,13843218,12821692,9456776,2690699,11151555,8718232,2672406,0.0
2023-07-03,3333167,44104116,980665,12350359,7732412,11111199,1078456,12154387,15421985,1687264,0.0
2023-07-04,7397493,38795188,721907,14041699,5797775,8022597,1441581,8061643,24799250,1656681,0.0
2023-07-05,4284477,37165754,1717547,13817767,5414936,16878943,1191896,10248062,13598114,1453008,0.0
2023-07-06,6365222,52156544,1265020,16334427,5963897,9835812,1796824,19117987,11323509,1848238,0.0
2023-07-07,18763997,19926336,1178930,8593807,6295647,7605499,1837661,13375267,11707209,1789326,0.0
2023-07-10,4310681,38398442,1518183,12069184,3940315,6772454,1178479,33240016,11417363,1407431,0.0
2023-07-11,3353977,50670426,2476367,16977595,6126128,8783282,1219658,20069348,13221177,1110172,0.0
2023-07-12,3033186,70958358,2395826,21511161,8102770,12816220,1822435,18733835,16029716,1515240,0.0
2023-07-13,4228714,41913546,1495067,23222286,9977644,8214385,1141663,14682934,20024503,4585146,0.0
2023-07-14,3860080,24727214,1419016,12871569,12833381,5277090,845623,15124144,12190152,6306101,0.0
2023-07-17,5614592,49252928,912701,16290763,11569884,6325310,878697,22220040,19378986,2743228,0.0
2023-07-18,4731911,81076818,1215904,29709508,16743977,5558415,720865,25867313,25757209,2600090,0.0
2023-07-19,6641825,32935134,1166542,15994261,13687062,14401395,1431080,39122156,17556585,2405370,0.0
2023-07-20,3779959,56210948,1430764,26487838,8347221,21030102,1045704,38717624,34038351,1715404,0.0
2023-07-21,7001587,42154248,5198952,16903003,45548305,14510084,4610417,30249238,21040281,3770223,0.0
2023-07-24,4125577,32179444,1777469,21687719,8859789,40477929,2155297,23727866,11756364,1680132,0.0
2023-07-25,3652262,55992596,1653775,29325327,6801982,45211370,2068876,12026020,18503305,1272980,0.0
2023-07-26,2845581,24794358,1300033,12780537,5528885,18842179,5820099,12911012,9999125,1066803,0.0
2023-07-27,3445446,59741302,2276136,25932395,9191861,14528232,2117794,17226898,17444742,1701769,0.0
2023-07-28,2314339,41015684,966450,12584130,6122735,10362522,1325724,20827852,11930586,2599831,0.0
2023-07-31,4424817,34565006,2003252,14303116,7902180,8510403,1284981,8551174,8605483,2743678,0.0
2023-08-01,2087412,35394188,1758897,15508569,6064652,6686176,1298745,9536632,13493453,1956167,0.0
2023-08-02,3328903,28116322,2082908,15787996,7419145,10715605,1479486,12748214,14977497,1914899,0.0
2023-08-03,4642067,57673946,1475310,30994707,6503741,11026824,1612618,10168350,27774877,2026351,0.0
2023-08-04,7066276,37388304,1359318,20582882,5712345,7097614,1101278,22885610,52725616,2248493,0.0
2023-08-07,4086452,28300918,803823,16686062,3729093,9513953,1163125,5982870,32736325,1853889,0.0
2023-08-08,3282856,43773828,1002061,23784778,4161877,6638681,767310,9844072,25038671,1634225,0.0
2023-08-09,3185159,33361236,1212549,19317331,4090828,10134166,906865,11486586,15769111,1794589,0.0
2023-08-10,3439922,50781118,1313334,24858441,3873025,13702317,1040041,15470598,27325801,1096701,0.0
2023-08-11,2812690,28225822,1472199,17162177,5783517,12028396,1320121,22179330,18221179,1679974,0.0
2023-08-14,2665905,31304410,1060479,19026691,4304135,7854074,1364413,9575812,28084093,1190425,0.0
2023-08-16,3962408,34137542,1155882,17930805,7735313,15494896,1703875,10203112,15725767,1328445,0.0
2023-08-17,3013019,52884040,1532873,27077611,5618346,16896158,1629067,13673744,27910162,1843241,0.0
2023-08-18,4929835,25633366,1970819,13257508,5134103,20068497,1898966,18639978,18253227,2526749,0.0
2023-08-21,3220142,21837270,977004,13358017,3032722,9940689,1376318,9221746,9380810,1375579,0.0
2023-08-22,3333869,32273570,960025,16872719,2890714,10234488,1497180,7713044,14073413,1222012,0.0
2023-08-23,1860153,36498588,1136112,14707331,2559125,8770272,1990672,9517952,18579297,1330046,0.0
2023-08-24,2842728,43145792,1143934,28389740,5171963,6322751,2619182,14140020,24131644,1152881,0.0
2023-08-25,3124339,30069756,802955,10275758,4307172,9628041,1408427,22222400,12271885,1158046,0.0
2023-08-28,3094455,28867238,619841,10481574,3133464,7176903,1551734,12580826,9711932,1037485,0.0
2023-08-29,14064286,35538932,958564,13209913,3074444,9845106,1101830,16876644,13144855,944517,0.0
2023-08-30,3261665,28084204,1227377,13936165,3070887,7648569,1920079,12168946,15281416,1188200,0.0
2023-08-31,12528190,100075772,3235414,36675400,9792735,20666732,2439625,21638600,27898476,3417652,0.0
2023-09-01,4427899,43226776,813413,16268147,3582133,11879159,1263430,18112842,18121168,1277950,0.0
2023-09-04,3102649,25073638,1143301,9512956,4609014,14128562,1548282,9347626,12108655,1828332,0.0
2023-09-05,2216754,38712082,844088,16623486,5496840,8701612,1066447,8675876,14444729,1501842,0.0
2023-09-06,4235096,56320910,1094146,30802100,5075786,13358433,1747425,8200370,20609936,1314818,0.0
2023-09-07,4532834,34208342,1894798,13462347,4411743,8401953,4100519,13652572,12390597,1885092,0.0
2023-09-08,3741470,34502210,1018234,13086915,3125838,10322317,3638510,23109288,14032068,1518917,0.0
2023-09-11,2733894,31573022,1121083,7894110,4182226,9679540,1545803,13271074,10946134,1783604,0.0
2023-09-12,4106031,39033340,3946716,20959591,6793161,14961276,7788759,16255666,16093060,4476016,0.0
2023-09-13,5222561,46420094,1231305,21997553,4804686,12268130,2458417,12803338,19377172,1754929,0.0
2023-09-14,5513106,23538848,2081195,11464188,6444213,14986708,1910041,9209636,13178911,2604721,0.0
2023-09-15,14003428,173411202,3750697,13307980,8657816,15657801,1655275,25468592,11756389,2952897,0.0
2023-09-18,2977375,37056288,1499641,16713222,3991916,8513132,736631,7516300,19305055,1395753,0.0
2023-09-20,5241903,115474648,1795159,25741856,4169337,10343224,1399240,57081884,21314600,1649396,0.0
2023-09-21,4896202,72841442,2223720,19742813,6779195,11132308,2444711,12226182,23453425,2004073,0.0
2023-09-22,6112928,61704250,1176741,12701888,5455613,7795399,1965569,19176786,18784139,1989083,0.0
2023-09-25,5278045,40208754,1122778,8997098,4217863,6005673,1049532,14254884,9712784,1238778,0.0
2023-09-26,5355047,27575308,1263548,10521409,3996528,5533023,953456,10087782,8327427,1726062,0.0
2023-09-27,4713145,39338538,1086791,15152973,3863586,10894817,2903693,11722778,9865347,1541134,0.0
2023-09-28,7386917,55354188,1612346,25991282,5814602,10610213,4081102,14518346,21960816,1755753,0.0
2023-09-29,5608557,32053782,1249567,10447334,6068968,8474326,2698016,12342014,12189735,2243791,0.0
2023-10-03,4338272,38971694,1585626,11131636,4181867,7770032,3254492,8859056,15322196,1948148,0.0
2023-10-04,5603669,54649430,1587335,17334739,4510406,13912656,3100946,10286386,24914612,1788138,0.0
2023-10-05,7063132,48512674,1909928,10478856,7384621,10416552,3413447,10953682,13248028,2990768,0.0
2023-10-06,2420855,17759356,1083342,6355755,3598672,8742804,1898118,5431026,8216780,2075691,0.0
2023-10-09,2248103,16454972,1468771,6725306,3567552,5827256,1181760,7576878,9189597,4233074,0.0
2023-10-10,7897875,33266292,1092373,11452715,5688951,5207891,1551789,10236032,10373508,1848148,0.0
2023-10-11,5645289,31333360,1697398,12233117,7220129,7946195,2066921,9814118,14220119,2426417,0.0
2023-10-12,5544735,22025336,1625010,7836818,11081662,12227957,1870280,12554450,11983797,4241281,0.0
2023-10-13,4421671,39745300,1531977,6650442,17973439,7926432,1437808,10150316,19064577,2890357,0.0
2023-10-16,1881721,17856084,954899,5763024,4850745,4377288,818794,5929036,11290293,1671104,0.0
2023-10-17,3863410,32902558,1253538,7747527,3923764,7203352,1847182,7928180,10765224,1672065,0.0
2023-10-18,2334392,31216200,1084689,12000153,4264837,7160492,1350839,8918320,11777454,1408245,0.0
2023-10-19,4306963,30252364,1272343,8612676,6795691,9830006,1599104,12032556,11441499,1514545,0.0
2023-10-20,3125104,21094010,3608160,6586576,3928622,13521824,1667471,8913312,11110988,1481211,0.0
2023-10-23,2180066,22376136,922707,11856890,2636516,7555671,1614030,7853962,11875035,1106272,0.0
2023-10-25,6365249,28311996,1435836,12593434,6940777,11308597,2108353,11620688,12134624,1518537,0.0
2023-10-26,6595332,55561798,2650560,21693345,6357656,19525305,3286109,15222534,19424825,1984471,0.0
2023-10-27,3508393,31940532,1784812,8645505,4634358,13638258,2399538,11771084,10415296,1108851,0.0
2023-10-30,3686768,23310982,875135,7687791,2667696,7911426,1693052,16813304,8593704,910972,0.0
2023-10-31,5697563,32634824,920414,17211107,3451595,8952141,1556467,12808438,13039696,999811,0.0
2023-11-01,4821458,33877466,1267131,12927203,3090672,8297973,3875595,10309190,13575575,1563475,0.0
2023-11-02,6611573,45225154,1595123,9747311,3758060,8465990,1451606,10562104,11148516,1245384,0.0
2023-11-03,3895154,18095340,1125583,7146961,3349045,14334179,1136175,8850156,11371371,1402598,0.0
2023-11-06,2760800,25593730,1338677,10338367,2736381,7589690,1235499,10647304,16499138,1099852,0.0
2023-11-07,3616946,41952848,1473411,15704942,2272209,5321353,1112206,6960204,17923281,1191144,0.0
2023-11-08,1808553,31399546,745022,17606074,3550635,7248663,1013438,7884494,15434808,992899,0.0
2023-11-09,3914416,22116740,1823094,9406117,5498051,8085620,1719911,14513610,12434363,2112352,0.0
2023-11-10,1345614,14015186,771062,9560455,2943649,4236307,947753,7734954,6773038,1338557,0.0
2023-11-13,1656368,20605914,760809,11470096,3462092,3888975,531769,3854810,11282362,1030990,0.0
2023-11-15,4816316,41245460,1457029,19492138,8551860,7722827,1160184,12220648,11397676,2059802,0.0
2023-11-16,5310736,29713838,1420578,19706373,6673907,11276031,1597607,13134910,8622660,3951984,0.0
2023-11-17,3249469,23701874,1756043,10956653,4901251,6911592,1325050,7758634,37173221,2021292,0.0
2023-11-20,4646962,19331452,944231,10562301,3584210,4502356,1231164,4490186,12714585,1475621,0.0
2023-11-21,5704644,24959972,1088806,8989572,3793135,6228803,1884782,8214450,14280013,1807236,0.0
2023-11-22,3309732,29123650,816610,12197979,3108786,5074887,1104208,8534814,14909071,1798051,0.0
2023-11-23,2749555,13046220,1023670,5534614,3186928,6611803,1514688,8531542,6376210,2729804,0.0
2023-11-24,2322104,16469192,735137,7452002,2973195,7084608,915121,6749486,6529851,1989733,0.0
2023-11-28,5096984,28489338,1880641,14231987,3755373,9082513,1210508,13792174,8153314,1689195,0.0
2023-11-29,5647918,34042488,1265214,11680078,3875778,14316126,1801107,12531306,10299034,1441634,0.0
2023-11-30,9934052,69491440,3095684,23950292,10120867,15710110,3131624,28439984,19758998,3266235,0.0
2023-12-01,5544950,22153536,1345599,16986046,3489187,20081576,2112908,14342842,10614230,1172141,0.0
2023-12-04,5164902,50662456,2188039,33131257,5511948,13293194,3095974,15590990,26077882,1625213,0.0
2023-12-05,4266159,52230820,3108717,31378461,5123039,12603697,1659309,12693624,36430152,1377656,0.0
2023-12-06,4121251,38613060,1573754,18786590,5269178,21203900,2057233,16422442,21439069,1896572,0.0
2023-12-07,13805235,20450386,3925967,11841945,4424453,11746535,2128823,8142096,10725706,1967653,0.0
2023-12-08,6630766,33728038,1605805,16116363,6323433,19386851,2428891,10204894,17722136,1641155,0.0
2023-12-11,6195119,23187620,2012243,11714606,3862018,6854157,1534238,7066138,11706255,1102503,0.0
2023-12-12,7119331,36581476,1677929,12380856,6103494,10549319,1888423,9197124,14494836,2236866,0.0
2023-12-13,4153219,29346914,1513205,15887040,8549258,11718443,1509107,10031182,13977914,3850968,0.0
2023-12-14,6541673,35172366,2166569,16317672,12489858,14924265,2425646,16972354,15813797,3290396,0.0
2023-12-15,10119597,138837130,2543337,14306067,18395389,16397959,2632935,15932152,29813572,8531230,0.0
2023-12-18,5750263,18014754,1969036,8592711,6467243,12490839,1767429,14165188,16221796,2521612,0.0
2023-12-19,3912964,24008446,1656220,10094256,4221721,10664235,1311700,16820604,19964008,2004435,0.0
2023-12-20,3990591,34232520,1468642,16490281,6592367,10766954,1876048,17736722,22542056,2586083,0.0
2023-12-21,4294277,36589240,1945695,18064916,5319038,11584223,2292802,13765454,19915516,1517562,0.0
2023-12-22,4605120,48578850,1174984,20881976,6741060,11450973,1681707,16541784,14998068,2413058,0.0
2023-12-26,2460643,18045856,893776,14339699,6878067,6097422,1072263,7465664,10153089,1285231,0.0
2023-12-27,4791379,27009078,1073278,12996468,4225849,7833901,1389266,9204156,14417646,1293976,0.0
2023-12-28,5288328,44076470,1635216,24915990,5702253,21493169,3371121,12302636,16982092,1682889,0.0
2023-12-29,4631749,25011426,1305681,12280140,4388990,13384631,968577,10864584,13221898,1574996,0.0
